transaction_amount,customer_avg_amount,amount_deviation_ratio,dispute_amount,customer_dispute_count,merchant_dispute_rate,days_since_payment,dispute_velocity_24h,dispute_velocity_7d,is_duplicate_flag,transaction_hour,transaction_day_of_week,reason_code_encoded,merchant_high_risk_flag,customer_account_age_days,ip_billing_mismatch,is_fraud
1792.44,1373.7,1.3048,1677.36,0,0.0327,66,1,1,0,23,0,0,0,603,0,1
10685.43,7968.88,1.3409,10373.57,0,0.0059,68,1,1,0,12,5,3,1,341,0,0
4758.61,7940.96,0.5992,4587.41,1,0.0245,16,0,1,0,0,3,4,0,305,0,0
3345.3,2506.85,1.3345,2920.73,0,0.0124,4,0,0,0,5,0,2,0,157,0,0
743.69,580.62,1.2809,648.79,1,0.0032,57,0,0,0,13,6,3,0,88,0,0
743.59,1087.99,0.6835,661.96,0,0.035,73,0,1,0,16,4,5,0,228,0,0
359.44,370.09,0.9712,324.99,0,0.0057,85,0,1,0,12,5,2,0,365,0,0
7189.31,10693.34,0.6723,6551.39,0,0.0144,23,2,2,1,12,5,4,0,646,1,1
3366.79,1654.82,2.0345,3205.03,1,0.0529,2,1,1,0,8,4,1,0,266,0,0
4459.38,4827.72,0.9237,3828.39,1,0.0171,67,0,1,0,5,4,2,0,84,0,1
222.8,99.6,2.2369,190.54,0,0.0117,87,0,0,0,5,5,0,0,212,1,0
12412.45,6053.73,2.0504,11280.27,1,0.0107,26,0,0,0,4,3,2,1,218,0,0
6402.5,10685.85,0.5992,6111.66,0,0.0697,7,0,0,0,20,0,3,0,151,0,0
985.41,586.26,1.6808,866.19,0,0.0875,44,1,2,0,13,6,1,0,686,0,0
852.38,976.31,0.8731,806.54,0,0.0407,33,1,1,0,13,1,2,0,140,0,0
859.14,838.12,1.0251,763.75,0,0.0307,64,0,0,0,3,0,3,0,55,0,0
1419.64,1258.2,1.1283,1395.38,2,0.01,36,0,0,0,1,3,4,0,141,0,0
2753.75,4570.58,0.6025,2710.66,0,0.0476,4,2,3,1,1,4,0,0,74,0,0
2129.38,916.81,2.3226,1904.93,0,0.0204,23,0,0,0,16,3,3,0,135,0,0
1354.78,1800.92,0.7523,1198.3,1,0.0588,25,0,0,0,9,0,0,0,642,0,0
3462.3,6054.7,0.5718,3156.56,1,0.0019,85,0,1,0,13,6,2,0,26,0,0
675.82,800.33,0.8444,598.83,0,0.0161,74,1,1,0,18,3,0,0,488,0,1
1359.3,2326.51,0.5843,1292.5,0,0.0047,27,0,1,1,16,1,0,0,435,0,1
1746.97,826.6,2.1134,1701.39,1,0.0215,51,0,0,0,21,3,0,0,581,0,0
2281.27,2250.04,1.0139,2169.41,0,0.0237,79,1,1,0,10,2,1,0,62,0,0
5532.78,4228.27,1.3085,5387.01,0,0.0303,81,0,0,0,6,3,2,0,200,1,0
929.58,1322.93,0.7027,845.5,1,0.0401,69,0,2,0,8,0,0,0,490,0,0
2677.1,4748.68,0.5638,2338.31,0,0.0573,80,0,1,0,13,2,3,0,493,1,0
3291.27,2498.54,1.3173,3161.9,1,0.0186,23,0,2,0,22,4,5,0,679,0,0
316.47,416.43,0.76,286.11,0,0.0589,9,1,1,0,3,0,2,0,468,0,0
3423.67,2318.98,1.4764,3254.85,0,0.0447,33,0,0,0,13,5,1,1,116,0,0
804.36,958.36,0.8393,716.36,0,0.0017,35,0,1,0,19,1,2,0,371,0,0
385.42,404.5,0.9528,332.3,1,0.0159,50,1,1,0,23,3,0,1,651,0,0
10557.91,18590.45,0.5679,10546.16,0,0.0964,24,0,0,1,19,3,0,0,232,0,0
11947.21,14957.17,0.7988,10435.05,0,0.059,88,0,0,0,16,0,4,0,448,0,0
5933.16,5276.41,1.1245,5922.85,2,0.0192,24,0,1,0,18,3,0,0,214,0,0
1421.51,795.67,1.7866,1416.67,1,0.0319,19,0,0,1,16,3,4,0,208,0,0
509.72,311.82,1.6347,493.96,0,0.0469,39,2,2,0,13,4,0,0,102,0,0
4184.63,2993.87,1.3977,3970.85,1,0.0671,61,0,2,0,12,3,0,0,10,0,1
2180.32,1638.19,1.3309,2042.24,0,0.0326,25,0,1,0,13,3,0,0,473,1,0
605.53,963.31,0.6286,593.37,0,0.0179,25,0,0,0,15,4,2,0,123,0,1
2542.42,3014.58,0.8434,2271.44,2,0.0661,27,0,1,0,20,5,1,0,4,0,0
272.48,308.65,0.8828,250.72,0,0.0145,32,0,0,0,14,3,0,0,467,0,0
8551.48,4794.61,1.7836,8063.26,0,0.0393,11,1,3,0,18,5,2,0,259,0,1
1198.1,1921.99,0.6234,1092.28,0,0.0055,69,1,2,0,21,4,4,0,721,0,0
3951.9,5579.85,0.7082,3612.52,0,0.0681,33,0,0,0,10,1,2,1,287,0,0
1457.41,721.03,2.0213,1311.0,1,0.0041,19,0,1,0,11,3,0,0,31,0,0
2719.39,3782.59,0.7189,2541.64,0,0.0499,16,1,2,0,10,0,0,0,688,0,1
2919.28,3389.15,0.8614,2853.85,0,0.047,11,0,0,0,22,2,2,0,521,0,0
865.36,445.15,1.944,761.72,0,0.0261,75,0,0,0,4,1,2,0,716,0,0
12374.82,12889.87,0.96,12253.11,1,0.0512,74,0,1,0,7,3,4,0,620,0,0
5372.86,5795.03,0.9271,5122.29,0,0.0375,69,1,4,0,5,0,1,0,124,0,0
9967.83,6300.51,1.5821,9703.59,0,0.0886,87,1,1,0,15,2,0,0,130,0,0
8032.53,13847.9,0.5801,7497.79,0,0.0121,55,0,1,0,11,4,1,0,516,0,0
3338.69,5308.4,0.6289,3228.27,0,0.0181,25,0,0,1,5,3,2,0,480,0,0
9073.02,12127.28,0.7481,7734.11,0,0.0723,77,0,0,0,12,6,1,0,542,0,1
474.29,496.68,0.9549,461.37,0,0.0386,34,1,1,1,6,5,5,0,77,0,0
913.47,891.98,1.0241,781.95,0,0.0413,12,0,0,0,7,5,1,0,183,0,1
311.99,409.13,0.7626,306.84,0,0.0125,88,0,1,0,11,4,1,1,366,0,0
1527.36,1777.24,0.8594,1525.52,0,0.0383,21,0,0,0,1,1,0,0,292,0,0
1872.46,912.23,2.0526,1674.19,1,0.0236,29,0,1,0,22,5,0,1,714,0,1
1257.96,1405.77,0.8949,1108.95,0,0.0036,51,0,0,0,8,2,2,0,389,0,1
6325.95,9672.16,0.654,6103.31,0,0.1404,23,1,2,0,12,5,2,0,157,0,0
1694.29,1767.04,0.9588,1504.45,0,0.0211,33,0,1,0,16,6,0,0,100,0,0
1304.31,616.6,2.1153,1278.01,1,0.0291,8,1,2,1,12,6,0,0,634,1,1
2888.42,4334.91,0.6663,2499.71,1,0.0017,42,0,0,0,15,2,2,0,110,0,1
681.64,464.82,1.4665,592.27,0,0.0244,77,0,0,1,0,5,3,0,679,0,0
5821.69,4436.53,1.3122,5803.48,1,0.0071,69,0,0,0,6,4,0,0,642,0,0
421.17,265.59,1.5858,400.56,0,0.0203,41,0,0,0,12,4,2,0,270,0,0
15319.51,13210.03,1.1597,14967.67,0,0.0476,74,0,1,0,13,5,0,0,138,0,0
5328.19,7776.24,0.6852,4788.17,1,0.0244,63,1,2,0,20,6,2,1,688,0,0
925.39,1043.04,0.8872,880.48,1,0.0429,14,0,2,0,16,1,2,0,64,0,0
169.38,116.34,1.4559,159.07,1,0.0227,88,0,0,0,15,0,0,0,643,0,0
6064.64,9879.07,0.6139,5703.63,1,0.0422,62,2,3,0,14,6,2,0,507,0,0
4444.84,7251.38,0.613,4233.18,1,0.0689,75,0,0,0,16,5,0,0,700,0,1
4719.82,7640.49,0.6177,4419.19,0,0.0028,46,0,2,0,1,6,0,0,350,0,0
5313.25,3901.6,1.3618,4858.22,0,0.0313,67,0,0,0,11,6,1,0,147,0,0
419.25,432.55,0.9693,373.71,0,0.0136,53,0,2,1,2,3,1,0,335,0,1
1703.62,3030.72,0.5621,1644.48,0,0.037,52,0,1,0,8,0,2,0,532,0,0
581.03,860.4,0.6753,513.6,2,0.0109,7,0,0,0,5,6,0,0,554,0,0
7109.85,3114.36,2.2829,6781.75,1,0.027,81,0,1,0,5,5,2,0,407,0,0
3567.05,1752.44,2.0355,3156.84,0,0.0196,84,0,0,0,6,6,0,0,344,0,0
1556.37,1633.42,0.9528,1468.9,1,0.027,54,0,0,0,7,2,0,0,652,0,0
379.84,635.44,0.5978,365.43,1,0.0354,11,0,1,0,2,3,1,0,521,0,0
1453.71,1677.85,0.8664,1283.35,1,0.0086,25,0,0,0,23,1,1,0,591,0,0
1526.6,1674.58,0.9116,1311.34,0,0.0179,59,0,1,0,14,0,5,0,660,0,0
4727.57,2589.12,1.8259,4111.31,0,0.0463,88,1,2,0,21,0,2,0,705,0,0
3702.11,4884.91,0.7579,3483.31,2,0.0205,66,0,0,1,5,3,0,0,136,0,0
7787.88,12078.57,0.6448,7612.01,0,0.0377,27,0,0,0,10,1,4,0,39,0,1
2386.73,2225.84,1.0723,2044.83,0,0.0285,83,0,0,0,2,6,0,0,320,0,0
595.8,885.27,0.673,572.04,0,0.0025,58,0,1,0,15,5,0,0,287,0,0
4521.94,7914.6,0.5713,4075.16,0,0.0049,11,0,1,0,5,1,1,0,463,0,0
5156.37,3533.52,1.4593,4753.03,0,0.006,55,0,2,0,10,5,4,0,662,0,0
3033.61,3436.05,0.8829,3001.24,1,0.0113,19,0,1,0,7,0,2,0,352,0,0
5308.61,4257.47,1.2469,4776.66,0,0.083,39,0,1,0,22,6,2,1,5,0,0
2532.85,3824.59,0.6623,2329.72,0,0.0298,85,0,0,0,9,5,2,0,236,0,0
2738.88,3310.29,0.8274,2333.67,0,0.0267,86,1,1,0,9,0,2,0,236,0,0
2102.35,2708.7,0.7761,1812.73,0,0.0284,70,0,1,0,22,4,2,0,501,1,1
240.12,364.28,0.6592,213.42,1,0.0192,11,1,2,0,2,3,0,0,105,0,0
549.59,524.51,1.0478,469.45,1,0.0474,14,0,0,0,13,6,0,0,207,1,0
261.77,440.07,0.5948,247.3,0,0.0114,60,0,0,0,18,1,1,0,239,1,1
3691.05,4230.83,0.8724,3373.47,0,0.0228,36,0,0,0,20,2,3,0,52,0,0
1470.89,913.62,1.61,1371.2,2,0.0378,41,0,0,0,20,3,2,1,108,0,1
2636.53,3623.27,0.7277,2310.12,0,0.0354,2,0,0,0,8,5,2,0,357,0,0
8484.43,12816.29,0.662,7588.39,0,0.0101,57,0,1,0,12,4,0,0,33,0,0
1153.59,973.01,1.1856,1095.42,0,0.0985,60,0,0,0,8,3,0,0,22,0,1
1998.99,3198.49,0.625,1988.59,1,0.0245,20,0,2,0,20,0,3,0,307,1,0
5080.62,8477.53,0.5993,4356.95,0,0.0502,22,0,1,0,11,3,0,0,11,0,0
1059.32,834.39,1.2696,1041.9,0,0.0338,4,0,0,0,13,6,2,1,639,1,1
430.36,764.72,0.5628,403.05,0,0.0535,56,0,3,0,4,5,0,0,442,0,0
1347.49,804.45,1.675,1259.35,0,0.008,58,0,0,0,5,3,2,0,562,0,0
765.33,522.58,1.4645,707.96,0,0.0093,88,0,1,0,12,6,2,0,198,0,1
9442.33,6212.25,1.52,8124.27,1,0.0983,65,0,0,0,12,3,2,0,529,0,0
5928.1,9790.76,0.6055,5118.8,0,0.0503,88,0,0,0,23,5,1,0,44,1,1
3662.23,4819.53,0.7599,3443.0,1,0.0131,58,0,0,1,5,2,2,0,185,0,1
7330.32,4493.09,1.6315,6605.67,0,0.0189,30,0,2,0,13,4,1,0,389,0,0
5847.89,5944.1,0.9838,5775.32,0,0.0639,76,0,0,0,10,3,4,0,551,0,0
872.73,1100.88,0.7928,795.05,0,0.0294,19,1,2,0,12,3,1,0,507,0,0
7957.85,4113.01,1.9348,6935.2,0,0.0845,62,0,1,0,11,2,0,0,442,0,0
2862.85,4681.86,0.6115,2740.34,0,0.0086,68,0,0,0,15,1,2,1,496,0,0
5915.72,9021.74,0.6557,5288.67,0,0.0019,79,0,2,0,5,3,1,0,505,0,0
8074.85,8941.2,0.9031,7500.09,1,0.0593,84,2,2,0,8,6,3,0,137,0,0
1489.56,2612.65,0.5701,1422.05,0,0.0213,44,0,1,0,16,5,0,0,279,0,0
558.07,549.62,1.0154,549.72,0,0.0552,84,1,2,0,19,6,0,0,164,0,1
1055.4,1876.24,0.5625,1022.5,0,0.0115,61,0,0,0,15,5,4,1,543,0,0
2099.7,2803.28,0.749,1997.77,0,0.0687,21,0,0,0,11,3,4,0,23,0,0
6113.4,7877.36,0.7761,5819.62,1,0.0332,10,0,1,0,17,1,1,0,711,0,1
7049.71,4457.79,1.5814,6992.53,0,0.0028,30,0,0,1,8,5,0,0,507,0,0
174.42,285.12,0.6117,156.0,0,0.0385,24,0,0,0,2,6,0,0,686,0,1
2652.07,2648.05,1.0015,2254.7,0,0.0096,48,2,2,0,9,6,0,0,510,0,0
2040.96,1279.94,1.5946,1818.07,0,0.0773,55,0,0,0,10,3,1,0,570,1,0
1029.09,429.8,2.3943,908.36,0,0.0595,52,0,0,0,1,3,0,0,708,0,1
596.88,706.5,0.8448,566.6,0,0.023,38,0,1,0,7,3,3,0,600,0,0
1591.68,1811.9,0.8785,1504.23,0,0.0378,67,0,0,0,19,4,0,0,444,0,0
10170.92,14311.45,0.7107,9550.69,0,0.0567,8,0,0,0,10,5,2,0,142,1,0
1516.34,2496.44,0.6074,1292.58,1,0.0164,29,0,1,0,17,0,2,0,281,0,0
2710.08,1385.31,1.9563,2599.83,1,0.0017,10,0,0,0,19,4,2,0,207,0,0
4399.3,6265.02,0.7022,3952.9,0,0.0387,69,0,0,0,6,1,1,0,684,1,0
1731.91,1147.18,1.5097,1644.9,0,0.0373,75,1,2,0,13,4,2,0,302,1,1
12637.29,20237.96,0.6244,11796.74,0,0.0116,68,0,0,0,6,6,3,0,397,0,0
11637.03,17998.87,0.6465,10489.73,1,0.0278,49,0,0,1,0,4,2,0,318,0,0
1165.21,1348.28,0.8642,1013.95,2,0.0271,58,1,1,0,11,2,0,0,48,0,0
2556.81,3565.06,0.7172,2209.5,0,0.002,35,0,1,0,0,1,0,0,673,0,0
1402.76,1178.44,1.1904,1367.31,0,0.0709,50,0,0,0,2,1,3,0,677,0,0
1323.37,1402.29,0.9437,1307.17,1,0.0227,40,0,1,0,1,1,2,0,390,0,0
281.55,436.48,0.645,266.76,0,0.0593,12,0,1,0,2,4,5,0,379,0,0
3441.72,3589.62,0.9588,2978.86,1,0.0642,85,0,1,0,3,1,1,0,217,0,0
2594.82,2337.72,1.11,2362.08,1,0.032,16,0,0,0,13,5,0,0,629,0,0
334.98,365.76,0.9158,321.36,0,0.0096,78,1,1,0,22,2,1,0,251,0,0
1293.19,2016.79,0.6412,1250.48,1,0.0239,85,0,0,0,17,3,1,0,434,0,0
8511.01,7398.55,1.1504,7385.28,0,0.0591,48,0,0,0,22,4,1,0,585,0,0
1108.51,713.07,1.5546,942.24,0,0.0067,1,1,1,0,4,3,3,0,284,0,0
697.86,974.78,0.7159,667.73,0,0.0049,65,0,0,1,14,3,2,0,483,0,0
2502.95,3895.52,0.6425,2261.39,0,0.0411,22,0,2,0,15,4,0,0,707,0,0
15004.13,8115.62,1.8488,13326.25,0,0.0421,15,0,0,0,7,5,2,0,267,0,0
1120.01,824.13,1.359,954.18,0,0.0429,84,1,1,0,23,4,2,0,599,0,1
4053.04,2426.8,1.6701,3773.56,0,0.0169,67,0,0,0,20,1,2,0,246,1,0
5168.61,4585.17,1.1272,5053.21,1,0.0443,14,0,0,0,7,2,2,0,158,0,0
1099.67,1133.2,0.9704,1092.68,0,0.0088,73,0,0,0,6,4,2,1,357,0,0
4709.62,6821.21,0.6904,4402.84,0,0.0062,19,0,1,0,5,3,1,1,548,0,1
1754.83,2301.65,0.7624,1627.02,0,0.0073,40,1,1,0,6,4,2,1,236,0,1
3651.76,4635.18,0.7878,3150.59,0,0.0156,4,0,1,0,22,2,2,1,460,0,1
3663.43,3272.63,1.1194,3415.53,1,0.0193,33,0,0,1,18,0,0,0,100,1,1
2835.85,4475.05,0.6337,2572.11,0,0.0007,43,0,0,0,21,5,1,0,119,0,0
481.2,509.98,0.9436,452.84,0,0.0197,37,0,1,0,21,3,1,0,354,0,0
6462.76,11443.91,0.5647,5870.18,0,0.0153,66,1,1,1,0,0,0,0,708,0,0
1503.84,1936.64,0.7765,1332.47,0,0.0602,27,0,1,0,12,0,3,0,88,0,0
872.51,503.24,1.7338,754.06,0,0.0223,45,0,2,0,6,6,1,0,36,0,0
295.7,398.2,0.7426,265.31,2,0.0085,81,1,3,0,0,2,0,0,314,0,0
3278.22,2803.36,1.1694,2834.01,0,0.0169,50,0,0,0,9,5,1,0,540,1,0
4111.48,5595.14,0.7348,3603.85,1,0.0313,63,0,1,0,12,4,0,0,551,0,0
208.54,103.75,2.01,208.14,0,0.0009,6,0,1,0,3,0,2,0,322,0,0
2661.71,1716.36,1.5508,2439.76,0,0.0151,67,1,1,0,6,6,2,1,427,1,1
1048.88,1676.14,0.6258,975.23,1,0.0126,67,0,0,0,5,1,0,0,517,0,0
3776.44,2711.68,1.3927,3704.85,0,0.0175,59,0,0,0,5,4,5,0,653,0,0
820.61,1289.88,0.6362,820.06,3,0.0035,13,0,0,0,20,5,0,0,9,1,0
4259.74,3369.4,1.2642,3993.11,0,0.0096,21,0,0,0,10,3,2,1,359,0,0
1861.36,2419.83,0.7692,1809.0,1,0.0144,64,1,1,0,22,4,3,0,478,0,0
9811.2,13459.11,0.729,8820.67,0,0.0456,37,0,0,0,8,2,1,0,57,0,0
667.81,746.42,0.8947,598.27,0,0.0086,80,0,0,0,21,6,5,0,283,0,0
1609.96,1332.14,1.2086,1465.72,1,0.0173,85,1,1,0,6,2,3,0,445,0,0
571.55,398.77,1.4333,543.47,0,0.0219,48,0,1,0,8,3,4,0,461,0,1
9201.67,4108.22,2.2398,8763.01,0,0.069,56,0,0,0,22,3,1,0,490,1,0
7494.17,6186.62,1.2114,6724.41,0,0.0083,44,0,0,0,5,3,1,0,359,0,1
1194.15,1569.62,0.7608,1038.89,0,0.085,13,0,1,0,18,6,3,0,690,0,1
3925.67,6727.13,0.5836,3709.21,0,0.0364,4,2,2,0,13,6,4,0,594,0,0
6098.19,9877.15,0.6174,5300.84,0,0.0263,73,0,0,0,0,2,4,1,597,0,0
2985.46,4396.06,0.6791,2796.7,0,0.0068,33,0,1,0,15,5,3,0,65,0,0
2789.98,4195.65,0.665,2661.68,0,0.0028,37,1,2,1,8,6,2,0,429,0,0
1119.07,1489.46,0.7513,1068.81,0,0.0074,53,0,1,0,22,5,0,0,457,1,0
492.04,376.12,1.3082,473.84,1,0.0292,24,1,1,0,14,6,0,0,136,0,0
8112.93,13549.19,0.5988,7958.21,0,0.0052,89,1,1,0,18,4,0,0,606,1,0
8223.71,11011.76,0.7468,7606.88,1,0.0038,51,0,1,0,9,0,0,0,48,0,0
3659.34,4334.92,0.8442,3511.27,2,0.0399,41,0,0,0,15,0,0,1,612,1,1
1599.16,888.15,1.8006,1507.81,1,0.0101,29,0,1,0,2,1,0,0,194,0,0
1653.49,1696.28,0.9748,1451.76,0,0.033,59,1,1,0,18,2,0,1,117,0,0
4680.63,4888.93,0.9574,3996.57,0,0.0294,40,0,0,0,12,3,5,0,164,0,0
8109.34,13059.19,0.621,7239.06,0,0.0081,51,0,0,0,13,5,0,1,479,0,0
7783.96,9070.71,0.8581,7133.65,1,0.0147,50,0,0,0,6,6,0,0,287,0,0
5447.47,5080.1,1.0723,5134.6,0,0.0127,36,0,1,0,1,4,2,0,536,0,0
3745.59,6620.41,0.5658,3661.29,0,0.0275,79,0,1,1,13,5,3,0,494,0,1
457.62,253.98,1.8018,402.45,0,0.017,60,1,1,0,22,2,0,0,405,1,0
767.03,760.56,1.0085,666.42,0,0.0844,18,0,0,0,22,1,0,0,96,0,1
8158.81,3743.54,2.1794,8114.12,0,0.0106,20,1,2,0,16,5,0,0,497,0,0
3413.73,4901.66,0.6964,2957.0,1,0.0427,5,1,2,1,12,0,1,0,254,0,1
182.34,307.3,0.5934,168.08,1,0.033,18,0,0,0,1,4,0,0,414,1,0
524.49,415.42,1.2626,491.88,1,0.009,40,0,0,0,4,0,2,0,633,0,0
3962.07,6345.96,0.6243,3689.5,0,0.0528,1,0,0,1,3,4,3,1,584,0,1
167.76,135.74,1.2359,144.76,0,0.0248,19,0,1,0,2,3,2,0,371,0,0
763.61,1279.11,0.597,655.6,1,0.0241,87,0,1,0,13,4,1,0,576,0,0
2934.94,4271.94,0.687,2541.14,1,0.0171,26,0,1,0,10,6,0,0,243,0,0
4270.6,6520.65,0.6549,4005.13,0,0.008,29,0,0,0,7,3,1,1,639,0,1
3844.05,1634.53,2.3518,3581.32,0,0.0308,59,0,2,0,22,2,1,0,373,0,0
1038.82,1815.79,0.5721,919.42,1,0.0687,63,0,1,0,8,0,2,0,39,0,0
4508.96,6390.73,0.7055,4263.97,2,0.047,83,0,0,0,15,4,4,0,353,0,0
1097.88,907.56,1.2097,1068.25,0,0.0255,62,0,0,0,2,4,0,0,426,0,0
1527.72,2385.0,0.6406,1308.09,1,0.0353,48,0,0,0,9,1,5,0,77,0,0
4953.25,3933.52,1.2592,4580.37,1,0.0371,62,0,2,0,0,0,4,0,510,0,0
3820.71,6196.64,0.6166,3642.65,0,0.0446,18,0,0,0,8,2,0,0,517,0,0
6771.85,3776.07,1.7934,6012.37,1,0.0486,66,0,0,0,15,3,0,0,140,0,0
3901.35,5404.0,0.7219,3496.26,0,0.0144,27,1,1,0,8,2,0,0,252,0,0
3090.16,3575.25,0.8643,2911.07,0,0.0393,6,0,0,1,11,1,2,0,669,0,0
494.25,264.5,1.8686,486.68,0,0.0345,70,1,1,0,0,2,0,1,317,0,0
1754.46,1295.93,1.3538,1704.44,0,0.0693,59,0,2,0,15,3,0,0,420,0,0
1228.56,512.76,2.396,1151.74,1,0.0328,6,1,1,0,7,0,4,0,75,0,0
1128.95,1192.48,0.9467,1083.27,0,0.0113,31,2,3,0,13,5,0,0,29,0,0
12793.08,10512.99,1.2169,11574.2,1,0.0121,56,2,4,0,13,1,1,0,41,0,1
1897.86,2348.98,0.808,1795.65,0,0.0138,54,1,1,0,9,6,2,0,541,0,0
7941.19,6481.07,1.2253,7305.32,2,0.0413,85,0,3,0,0,4,4,0,492,0,1
3640.67,2984.94,1.2197,3198.29,0,0.0192,41,0,1,0,5,4,0,0,100,0,0
5693.39,8201.16,0.6942,5438.67,0,0.0103,18,0,0,0,8,0,0,1,320,0,0
2594.52,1212.68,2.1395,2421.91,0,0.0177,87,0,0,0,18,5,2,0,570,0,0
3160.55,5259.32,0.6009,2856.48,0,0.1001,23,0,3,0,21,2,2,0,723,0,0
2524.03,4021.21,0.6277,2490.46,0,0.0341,36,0,0,0,15,6,5,0,650,0,0
910.25,1215.12,0.7491,776.57,0,0.0172,25,0,1,0,18,6,0,0,523,0,0
4636.17,5704.85,0.8127,4160.34,0,0.0355,7,0,1,0,10,4,2,1,189,1,1
1303.52,2149.8,0.6063,1119.11,0,0.0211,82,0,2,0,20,1,1,0,450,0,0
236.16,155.74,1.5164,227.89,1,0.0098,20,0,0,0,10,5,4,0,94,0,1
3779.39,1929.59,1.9586,3610.51,0,0.0635,5,1,1,0,13,3,1,0,181,0,0
832.27,611.98,1.36,748.8,0,0.014,18,0,2,0,6,6,1,0,321,1,0
10023.79,15160.08,0.6612,9536.13,0,0.0982,33,0,0,0,11,2,0,0,283,0,0
10921.47,4898.7,2.2295,9931.88,1,0.037,79,0,1,0,19,5,0,0,391,0,0
8772.28,10666.47,0.8224,8451.55,0,0.0224,35,0,0,0,19,6,1,0,321,0,0
1768.01,3171.12,0.5575,1623.26,0,0.0642,65,1,2,0,22,3,0,0,570,0,0
204.52,326.82,0.6258,186.49,1,0.0319,63,0,0,0,4,5,1,0,25,0,0
9374.33,10593.22,0.8849,9282.55,0,0.0088,85,0,0,0,0,5,0,0,260,0,0
2106.28,1030.18,2.0446,1869.6,0,0.0544,72,0,0,0,10,2,3,0,497,0,0
12052.95,18849.88,0.6394,10462.77,0,0.0271,71,0,1,1,14,1,0,0,213,0,1
11748.07,14550.81,0.8074,11015.95,0,0.0687,41,0,1,0,9,3,2,0,115,0,0
6860.85,3848.29,1.7828,6829.28,0,0.0201,50,0,0,0,14,1,2,1,452,0,0
1370.72,728.4,1.8818,1242.8,0,0.0184,30,0,1,0,12,3,0,0,700,1,0
1852.02,3099.31,0.5976,1591.45,1,0.0024,38,0,0,0,14,6,0,0,648,0,0
6816.54,9112.9,0.748,6140.99,0,0.0283,35,1,3,0,1,6,3,0,490,0,0
1484.01,2316.54,0.6406,1374.03,0,0.0794,66,1,1,0,21,2,0,0,602,0,0
800.02,1304.49,0.6133,699.45,1,0.0212,46,0,0,0,12,1,0,0,528,0,0
2998.08,3599.14,0.833,2844.32,1,0.0311,8,0,1,0,11,6,1,0,659,0,0
9779.53,10996.35,0.8893,9776.23,0,0.0335,68,1,1,0,22,2,1,0,385,0,1
4317.89,4329.11,0.9974,3962.79,0,0.0328,37,0,0,0,3,5,0,0,613,0,0
3104.39,2619.25,1.1852,2803.91,0,0.0213,85,0,0,0,11,5,5,1,418,0,0
507.8,512.08,0.9916,462.15,2,0.0423,13,0,1,1,14,2,4,0,219,0,0
3490.86,5178.45,0.6741,3027.52,0,0.0178,73,0,0,0,12,3,3,0,557,0,0
16286.99,20239.73,0.8047,16001.82,1,0.0239,45,0,0,0,1,6,1,0,63,0,0
678.22,1118.75,0.6062,618.69,0,0.0131,29,0,0,0,19,5,5,0,350,0,0
2706.73,2762.85,0.9797,2457.96,0,0.0811,41,0,2,0,15,3,2,0,390,0,0
7495.13,9368.35,0.8,7112.53,0,0.0177,56,0,0,0,13,1,3,0,377,0,0
4875.12,6258.83,0.7789,4467.1,0,0.0462,88,0,0,0,20,4,1,0,66,0,0
4329.26,5317.96,0.8141,4100.83,0,0.0162,16,0,1,1,1,5,0,0,119,0,0
4393.01,6078.55,0.7227,3774.55,0,0.0493,12,0,0,0,16,5,4,0,8,0,0
1709.22,1251.84,1.3654,1661.46,0,0.0117,66,0,0,0,15,0,1,0,707,0,0
1366.47,1526.77,0.895,1354.28,0,0.0393,62,1,1,1,3,3,5,0,27,0,1
5950.81,3248.63,1.8318,5637.29,0,0.0657,19,0,1,0,10,2,0,0,290,1,1
5964.65,5596.73,1.0657,5924.0,1,0.0198,30,0,0,0,12,0,5,0,28,0,0
7212.83,7809.58,0.9236,6294.74,0,0.0434,16,1,2,1,5,1,0,0,159,0,0
8706.16,11432.18,0.7615,8023.71,2,0.0199,88,1,2,0,16,0,1,0,145,0,0
2656.33,4597.43,0.5778,2497.67,0,0.0349,13,0,1,0,0,0,2,0,467,0,0
2586.65,3209.8,0.8059,2424.36,1,0.0237,69,0,1,0,8,4,2,0,108,0,0
5753.32,8290.72,0.6939,5236.78,2,0.0114,23,0,0,0,20,4,2,0,439,0,0
3824.02,4239.97,0.9019,3444.34,0,0.0181,62,0,2,0,17,0,1,1,203,0,0
4386.93,5649.25,0.7766,3812.35,0,0.0149,31,0,1,0,10,4,0,0,301,0,0
5710.17,2851.12,2.0028,5189.18,0,0.0066,53,0,1,0,13,6,1,0,438,0,0
7875.63,5955.14,1.3225,6886.44,0,0.0186,17,0,0,0,1,4,0,0,11,0,0
1593.69,1444.83,1.103,1530.19,0,0.0426,49,0,0,0,19,0,2,0,607,0,0
1798.28,1908.86,0.9421,1584.87,0,0.0266,49,0,1,0,10,3,0,0,642,0,0
495.44,229.84,2.1556,425.48,1,0.018,67,0,0,0,1,4,1,0,103,0,0
3171.95,1890.59,1.6778,2958.97,0,0.0314,26,0,1,0,3,0,5,0,486,1,0
278.11,219.02,1.2698,261.22,0,0.0741,13,0,0,0,12,3,0,0,110,0,0
2343.12,4124.23,0.5681,2298.1,0,0.0758,38,0,1,0,5,5,2,0,643,0,0
2888.03,2494.93,1.1576,2704.78,1,0.0276,22,0,0,0,6,4,0,0,703,1,0
1331.71,1431.4,0.9304,1200.97,1,0.0042,85,0,0,0,21,0,0,0,93,0,0
3277.71,2210.94,1.4825,3180.86,0,0.0961,29,0,0,0,19,4,2,0,718,0,0
258.41,324.33,0.7968,240.59,0,0.1595,45,0,1,0,2,3,1,0,541,0,0
283.22,224.58,1.2611,244.11,0,0.0405,46,0,0,1,3,6,1,0,699,0,1
6202.73,4278.58,1.4497,5798.79,1,0.0316,39,1,1,0,20,0,3,0,507,1,0
1713.05,1924.1,0.8903,1689.41,1,0.0596,69,0,0,0,19,3,3,0,177,0,0
625.61,255.07,2.4527,568.96,1,0.0566,78,1,1,0,2,5,4,0,439,0,0
2735.29,1123.46,2.4347,2446.58,1,0.0523,82,1,2,0,0,2,2,0,668,0,0
5293.77,3741.09,1.415,4613.63,0,0.0292,68,0,1,0,18,1,1,0,711,0,0
1000.91,451.82,2.2153,873.51,0,0.0102,39,0,0,0,20,6,1,0,511,0,0
3563.27,1964.2,1.8141,3260.09,1,0.0596,20,1,2,0,12,2,2,0,109,0,0
462.24,404.18,1.1436,434.21,0,0.0733,77,0,3,1,13,4,1,0,72,1,1
335.73,511.52,0.6563,289.43,1,0.0261,68,0,0,0,21,3,0,0,489,0,0
2802.68,3365.65,0.8327,2777.27,0,0.0078,35,0,1,0,15,0,0,1,281,0,0
2872.69,3210.91,0.8947,2767.18,0,0.0101,8,0,0,0,3,6,1,0,214,0,0
3700.88,3000.99,1.2332,3471.4,0,0.0183,52,0,1,0,16,3,0,0,457,0,0
4682.36,7980.87,0.5867,4561.86,2,0.0354,40,0,0,0,9,4,0,0,587,0,1
13182.45,12600.06,1.0462,11363.64,1,0.0309,36,0,1,0,6,0,2,0,418,0,0
2692.02,1405.05,1.916,2480.77,0,0.0636,6,1,1,1,12,6,0,0,510,0,0
1515.07,1914.89,0.7912,1431.0,0,0.009,86,0,0,0,12,2,2,0,662,0,0
5699.79,3188.31,1.7877,5553.29,0,0.0381,70,0,0,0,21,3,2,0,323,0,0
1255.48,1108.98,1.1321,1214.7,0,0.0266,73,0,0,0,13,1,0,0,178,0,0
2172.94,2412.78,0.9006,1937.31,2,0.0611,16,0,0,0,5,6,0,0,688,0,0
435.97,707.98,0.6158,432.1,0,0.0163,46,0,0,0,15,5,0,0,104,0,0
239.87,261.69,0.9166,208.36,2,0.0231,59,0,2,0,8,5,1,1,119,0,0
11655.83,16121.9,0.723,11437.52,0,0.0134,38,0,0,0,19,4,2,0,712,0,0
6477.19,11593.8,0.5587,6448.96,1,0.093,18,0,0,0,15,4,1,0,582,0,1
4317.25,2521.64,1.7121,3784.38,0,0.0026,12,0,1,0,20,3,1,0,57,0,0
1990.51,1561.8,1.2745,1907.53,0,0.007,54,0,1,0,20,2,1,0,409,0,0
816.07,777.23,1.05,698.59,0,0.0138,47,0,1,1,11,2,2,1,578,0,0
745.42,738.38,1.0095,678.94,0,0.0141,1,0,1,0,15,1,0,1,58,0,0
1158.02,1129.57,1.0252,1074.0,0,0.0172,15,0,0,0,4,1,2,1,117,0,1
2938.77,4909.67,0.5986,2753.91,0,0.0216,80,0,2,0,23,3,2,0,425,0,0
4538.47,6352.25,0.7145,4494.86,1,0.048,21,0,0,0,10,0,0,0,21,0,0
3927.87,4914.03,0.7993,3734.77,0,0.0056,1,0,0,1,0,2,1,0,79,0,0
1299.44,1082.59,1.2003,1198.33,0,0.0181,67,0,0,0,9,6,0,0,559,0,0
10993.36,17076.06,0.6438,10679.51,1,0.0285,12,1,1,0,10,6,1,0,683,0,0
4836.56,8401.51,0.5757,4800.67,0,0.0346,28,0,2,0,14,6,0,0,596,0,0
2978.81,4616.2,0.6453,2541.85,0,0.0035,39,1,3,0,2,0,0,0,108,0,0
3461.11,1392.03,2.4864,3452.04,2,0.0542,37,0,1,0,23,0,1,0,271,0,0
2054.13,2651.8,0.7746,1772.55,0,0.0277,60,0,0,0,14,3,2,0,688,0,0
1146.31,540.59,2.1205,1114.39,1,0.0154,31,0,0,0,10,1,4,0,476,0,0
1690.05,1285.54,1.3147,1507.61,0,0.0201,58,0,0,1,8,0,2,0,70,0,1
5113.64,2471.6,2.069,4447.98,0,0.0106,11,0,0,0,1,3,1,0,387,0,0
200.74,249.98,0.803,183.87,0,0.0042,29,1,2,0,11,1,5,0,166,0,0
581.83,792.0,0.7346,550.76,0,0.0398,89,0,0,0,19,0,0,0,58,1,0
314.83,176.39,1.7849,285.6,0,0.0071,13,0,1,0,15,0,0,0,451,0,1
295.54,277.03,1.0668,253.63,1,0.0184,51,0,1,0,23,6,1,1,245,0,0
6919.71,7187.72,0.9627,6503.97,0,0.0521,54,0,1,0,15,1,1,0,45,0,0
4406.84,4039.64,1.0909,4342.33,1,0.0005,19,1,2,0,20,5,1,0,684,0,0
2399.75,1366.5,1.7561,2177.73,0,0.0094,58,0,1,0,0,1,2,0,383,0,0
510.35,503.47,1.0137,450.36,0,0.0219,36,0,1,0,15,4,0,0,578,0,1
2517.81,3654.98,0.6889,2307.29,2,0.0121,28,1,2,0,5,6,1,0,701,0,0
2395.08,1196.13,2.0024,2053.19,1,0.0101,68,0,2,0,13,4,1,0,71,0,0
815.68,417.83,1.9522,793.72,2,0.0204,3,0,0,0,10,3,3,0,548,0,0
2141.15,1919.93,1.1152,2085.38,0,0.0363,89,1,2,0,0,3,4,0,239,0,0
1929.18,3315.13,0.5819,1809.96,0,0.0584,41,1,1,0,19,2,2,0,580,0,1
3498.53,4674.04,0.7485,3159.05,0,0.0181,35,0,0,0,16,4,0,0,108,0,0
3678.4,4966.35,0.7407,3567.93,0,0.0251,76,0,1,0,22,1,2,1,208,0,1
312.27,283.13,1.1029,291.41,0,0.0088,84,0,0,0,18,4,0,0,722,0,0
1792.84,2207.21,0.8123,1746.03,0,0.015,81,0,1,0,1,5,5,0,302,0,0
3590.94,1487.31,2.4144,3392.43,0,0.0587,76,0,0,0,13,6,3,0,430,0,0
2598.04,3352.86,0.7749,2514.02,0,0.0347,50,1,3,0,7,3,1,0,348,0,0
6944.72,11657.42,0.5957,6526.54,0,0.0195,74,0,0,0,22,5,2,1,107,0,0
3912.41,4920.26,0.7952,3568.59,0,0.0348,82,1,2,0,21,3,1,0,528,0,0
772.49,1253.89,0.6161,767.62,1,0.0197,30,0,3,0,5,5,0,1,406,1,0
406.14,574.1,0.7074,378.18,0,0.0016,72,0,0,0,8,3,2,1,256,0,1
3749.38,2132.58,1.7581,3527.28,1,0.0119,77,0,1,0,4,1,1,0,301,0,0
244.04,405.94,0.6012,215.51,0,0.0359,70,1,2,0,4,5,4,0,145,0,0
3234.72,1594.79,2.0283,3053.08,0,0.0137,54,0,0,0,17,6,0,0,676,0,0
10010.39,11487.47,0.8714,9367.13,0,0.0485,71,0,0,0,21,0,3,1,524,0,1
3148.74,1886.07,1.6695,2763.73,1,0.0249,85,0,1,0,13,3,2,1,562,0,1
1869.55,778.46,2.4016,1605.83,0,0.0369,51,0,2,0,11,4,3,0,360,0,1
3757.9,3723.51,1.0092,3534.88,0,0.0443,28,0,0,0,11,0,0,0,524,0,0
2295.35,1866.25,1.2299,2213.99,0,0.0243,64,0,0,0,21,4,1,0,484,0,0
2910.85,3144.88,0.9256,2702.75,1,0.1092,85,0,2,0,5,3,3,0,190,0,0
10083.45,12181.61,0.8278,8913.93,0,0.0168,21,0,0,0,3,1,2,0,296,0,0
1857.75,856.86,2.1681,1764.82,0,0.053,88,0,2,0,14,6,1,0,93,0,1
11521.82,6592.84,1.7476,9931.99,0,0.0387,27,0,1,0,22,6,1,0,130,0,1
8401.52,9931.43,0.846,7698.1,0,0.0149,27,0,0,0,14,0,5,0,484,0,0
912.64,803.52,1.1358,798.11,1,0.0253,77,0,1,0,16,0,2,0,409,0,0
401.59,570.6,0.7038,352.46,2,0.0375,50,0,0,0,2,3,2,0,341,0,0
521.79,685.22,0.7615,459.35,0,0.0123,29,2,4,0,9,6,3,0,214,0,1
214.36,339.51,0.6314,194.64,1,0.0339,39,0,1,0,20,6,1,0,330,0,0
497.22,680.94,0.7302,426.45,1,0.0514,57,0,2,0,21,5,5,0,175,0,0
4171.06,4179.0,0.9981,3794.28,0,0.0602,37,0,0,0,7,3,2,0,444,0,0
408.47,548.23,0.7451,378.55,1,0.0307,64,1,1,0,8,3,0,1,201,0,0
1494.55,1174.02,1.273,1378.71,1,0.0179,48,0,0,0,23,6,0,0,617,0,0
6672.34,5530.29,1.2065,6054.6,0,0.0275,22,1,2,0,2,2,1,0,98,0,0
232.41,349.68,0.6646,226.8,0,0.0201,30,0,0,0,0,1,2,0,103,0,0
6045.86,6196.93,0.9756,5270.77,1,0.023,28,0,1,0,10,5,2,0,553,0,0
1308.79,1986.39,0.6589,1211.75,0,0.018,23,0,1,0,12,1,3,0,151,0,0
590.13,915.52,0.6446,507.1,1,0.0216,4,0,1,0,11,6,4,0,268,0,0
4326.04,6924.2,0.6248,3723.31,1,0.0578,3,0,1,0,20,3,0,0,352,0,0
3619.9,6093.34,0.5941,3388.52,1,0.0036,61,1,1,0,6,2,2,0,467,1,0
7497.96,7523.3,0.9966,7009.86,2,0.0159,4,0,0,0,1,6,2,0,278,0,1
4799.03,4061.96,1.1815,4711.23,0,0.1125,65,0,0,0,0,3,0,0,568,0,0
5844.49,7101.51,0.823,5456.89,0,0.0087,12,0,0,0,19,3,1,0,16,0,0
1309.67,1204.43,1.0874,1301.77,0,0.0757,13,1,2,0,2,1,0,1,456,0,0
833.67,1035.0,0.8055,714.71,1,0.0339,34,1,2,0,3,6,0,0,179,0,0
5010.65,6953.88,0.7206,4332.71,0,0.0173,59,0,0,0,16,2,0,0,134,0,0
5904.73,8052.68,0.7333,5058.05,0,0.0443,73,1,2,0,17,1,2,0,258,0,1
16449.52,15205.51,1.0818,14439.25,2,0.0184,31,0,3,0,16,3,2,0,62,0,0
2012.28,1274.99,1.5783,1873.82,0,0.0119,71,0,1,0,18,4,2,0,482,0,0
1778.35,1783.22,0.9973,1683.81,0,0.0441,13,1,3,0,3,0,2,0,477,0,0
5392.84,3233.72,1.6677,4620.79,0,0.0035,54,1,2,0,16,6,0,0,635,0,1
1608.57,2647.92,0.6075,1595.53,0,0.0067,2,0,0,0,21,5,0,1,42,0,0
9495.48,8396.17,1.1309,9270.67,0,0.0453,33,0,1,0,1,3,0,0,373,0,0
6991.94,4308.74,1.6227,6254.23,0,0.0115,50,0,0,0,9,5,1,0,373,0,0
2111.24,919.71,2.2955,1819.0,0,0.0723,7,0,1,0,11,2,4,0,299,0,0
5014.25,6539.34,0.7668,4389.89,0,0.0227,18,0,0,0,12,6,2,0,52,0,0
5066.22,6543.85,0.7742,4402.76,0,0.0177,51,0,3,0,10,4,0,0,379,0,0
530.93,465.54,1.1405,461.11,0,0.0535,8,0,0,0,20,5,0,0,312,0,0
8299.56,4153.07,1.9984,7700.2,1,0.0298,55,1,1,0,7,6,2,1,579,1,1
2612.98,2543.68,1.0272,2317.39,0,0.1571,76,0,0,0,19,5,2,0,59,0,0
6279.66,5247.94,1.1966,5675.06,0,0.0169,43,0,2,0,4,2,2,0,304,0,1
1500.07,2022.05,0.7419,1497.71,2,0.0043,59,0,0,0,1,3,0,0,35,0,0
8055.77,10054.33,0.8012,7674.31,0,0.0967,30,0,2,0,11,3,1,0,648,1,0
1875.46,1707.48,1.0984,1861.11,0,0.0158,59,0,1,0,1,0,1,0,588,1,0
188.14,132.65,1.4183,163.94,0,0.0057,9,1,2,0,5,2,3,0,493,0,0
8402.68,14984.08,0.5608,7623.93,0,0.0385,68,0,1,0,21,4,0,0,491,0,0
485.04,502.31,0.9656,452.64,0,0.0201,39,0,0,0,18,0,0,0,221,0,0
1496.29,2040.32,0.7334,1289.07,1,0.0221,81,0,0,0,11,6,2,0,597,0,1
10639.4,6349.32,1.6757,9050.17,0,0.047,11,0,4,0,12,2,0,1,123,0,1
10677.82,11530.18,0.9261,10149.96,0,0.0232,2,0,0,0,16,3,2,0,707,0,1
3131.99,1373.54,2.2802,2963.72,0,0.0775,23,0,1,0,11,0,0,0,102,0,0
3647.31,4039.9,0.9028,3324.95,0,0.0362,63,0,0,0,2,3,0,0,515,0,0
2232.55,3906.12,0.5716,2061.64,0,0.0093,22,0,0,0,23,1,3,0,313,0,0
1364.58,1279.83,1.0662,1244.93,1,0.0443,61,0,0,0,7,1,0,1,506,0,0
1544.7,702.21,2.1998,1318.56,1,0.0265,26,0,1,0,15,0,0,0,494,0,0
4057.13,1798.68,2.2556,3652.66,0,0.0978,12,0,0,0,3,0,0,0,660,0,1
5035.43,4749.32,1.0602,4413.87,0,0.0136,32,1,2,0,23,2,4,0,199,0,0
5638.68,3518.73,1.6025,4876.13,0,0.0076,9,0,1,0,12,6,2,0,633,0,0
5605.91,2425.64,2.3111,5569.52,2,0.0137,69,1,1,0,7,4,5,0,681,0,0
484.73,707.08,0.6855,455.6,0,0.0159,71,1,2,0,0,4,3,0,513,0,0
2537.17,2643.56,0.9598,2433.9,0,0.0285,33,0,0,0,2,1,2,0,330,0,1
357.49,287.76,1.2423,320.78,0,0.0423,24,1,2,0,0,1,1,0,621,1,0
2941.11,4882.59,0.6024,2673.39,0,0.0026,89,0,0,0,14,1,3,1,327,0,0
2188.94,1231.49,1.7775,1938.39,0,0.012,69,1,1,0,17,3,1,0,10,0,0
7803.17,13564.14,0.5753,6746.19,0,0.0284,38,0,0,0,19,4,3,0,127,1,0
1662.67,1395.9,1.1911,1457.92,1,0.0091,11,0,1,0,2,0,2,0,669,0,1
585.77,962.87,0.6084,567.98,0,0.034,32,0,0,0,14,1,2,0,231,0,0
690.08,858.54,0.8038,656.7,0,0.0107,64,0,0,0,21,5,0,0,15,1,0
5167.01,8047.05,0.6421,4815.86,1,0.0109,72,0,0,0,4,2,2,0,487,0,0
3520.17,6257.52,0.5626,3243.0,0,0.0067,20,1,1,0,20,6,1,0,442,1,0
523.13,420.47,1.2442,517.04,0,0.0081,34,0,0,1,9,0,1,0,558,0,0
457.49,798.59,0.5729,393.86,0,0.044,42,0,0,0,6,6,5,0,274,0,0
4375.23,4135.79,1.0579,3903.1,1,0.0344,8,0,1,0,22,0,1,0,618,0,0
414.41,389.43,1.0641,374.0,0,0.0191,66,0,1,0,7,0,0,0,3,0,0
6188.15,5424.17,1.1408,5986.19,0,0.0413,21,0,0,0,2,4,2,0,326,0,0
4437.5,5138.49,0.8636,4432.52,0,0.1331,79,0,1,0,17,1,2,0,253,0,0
446.97,275.25,1.6239,396.06,1,0.0188,70,0,0,1,16,2,4,0,534,0,0
460.29,540.93,0.8509,451.61,0,0.0892,5,0,1,1,15,6,2,1,55,1,1
15254.1,17670.15,0.8633,14866.55,0,0.0453,67,0,0,0,21,3,0,0,448,0,0
1790.93,2626.69,0.6818,1582.64,0,0.0249,43,0,0,0,12,2,0,0,297,0,0
1770.69,2774.87,0.6381,1611.15,1,0.0335,16,0,0,0,3,2,0,0,622,0,0
6014.51,6114.46,0.9837,5481.93,1,0.1349,73,1,2,0,2,5,0,0,373,0,0
10447.58,8601.14,1.2147,10413.45,0,0.0052,35,0,1,0,10,2,2,0,469,0,0
15090.71,11515.25,1.3105,13236.57,0,0.0644,83,2,2,1,1,3,0,0,136,1,1
5049.65,3395.76,1.487,4897.52,0,0.0235,43,0,0,0,17,2,0,0,246,0,0
1802.07,866.27,2.0803,1622.1,1,0.0162,39,0,0,1,3,5,2,0,70,0,1
455.18,400.3,1.1371,436.8,0,0.0078,10,0,0,0,16,2,1,0,481,0,0
5404.35,4206.46,1.2848,4934.18,0,0.0198,74,0,1,0,5,6,0,0,530,0,0
3010.76,5277.82,0.5705,2820.34,1,0.003,20,1,2,1,9,1,2,0,490,0,0
2082.12,2458.55,0.8469,2029.84,0,0.0593,1,0,2,0,10,5,0,0,503,0,1
8438.83,7478.39,1.1284,8190.94,0,0.0124,6,0,1,0,4,1,2,0,698,0,1
562.58,682.22,0.8246,551.31,0,0.0595,53,1,2,0,17,1,2,0,117,0,0
2524.77,1501.92,1.681,2168.63,1,0.0339,46,0,0,0,9,0,4,0,257,0,0
189.97,194.08,0.9788,181.19,1,0.0231,66,1,1,0,8,5,0,0,607,1,1
2363.24,3017.21,0.7833,2058.38,0,0.0205,38,0,0,0,15,2,0,0,428,0,0
352.83,382.63,0.9221,321.91,1,0.0232,33,0,1,0,9,6,2,0,115,0,1
592.72,570.49,1.039,552.59,0,0.006,67,2,2,0,9,6,0,0,494,0,0
587.59,1052.6,0.5582,534.95,0,0.0519,77,0,4,0,3,6,1,0,62,0,1
3816.49,6230.19,0.6126,3541.48,0,0.0198,35,0,0,0,20,4,0,0,497,0,0
4947.09,6296.5,0.7857,4944.51,0,0.0511,79,0,0,0,23,4,2,0,636,0,0
3214.44,3848.1,0.8353,2797.47,0,0.0243,45,0,1,0,13,4,4,0,80,0,0
11611.52,14734.14,0.7881,11046.25,1,0.0025,22,0,0,0,7,6,5,0,659,0,0
1794.29,1223.41,1.4666,1631.73,0,0.0634,68,0,0,0,0,3,3,1,485,0,0
1327.64,1265.5,1.0491,1154.98,0,0.0124,17,0,0,0,15,6,0,0,22,0,0
7253.26,3302.0,2.1966,6337.97,1,0.0466,5,0,0,0,16,1,2,0,595,0,0
1035.79,1103.91,0.9383,1027.91,0,0.033,85,1,2,0,9,1,1,0,324,0,0
11710.05,13586.4,0.8619,11498.57,1,0.0128,57,0,1,0,5,6,4,0,517,0,0
192.8,138.59,1.3912,190.11,0,0.0945,88,0,1,0,6,1,4,0,261,0,1
12408.84,21711.01,0.5715,12393.08,2,0.0143,40,1,3,0,17,5,5,0,129,0,0
304.42,509.37,0.5976,268.27,1,0.0197,30,1,2,1,1,3,3,0,626,0,0
7912.02,11163.86,0.7087,7147.05,1,0.0359,42,0,0,0,20,2,1,0,284,0,0
2775.5,3182.78,0.872,2637.79,0,0.0111,7,0,0,0,8,0,2,0,47,0,0
17498.9,28312.46,0.6181,16143.97,0,0.0218,71,1,2,0,4,6,5,0,188,0,1
418.31,243.84,1.7155,381.82,0,0.008,88,0,0,1,7,6,2,0,19,0,1
2974.88,4482.29,0.6637,2688.31,0,0.0887,19,1,2,0,23,5,3,0,599,0,0
12342.51,7093.85,1.7399,11590.45,0,0.0387,41,1,2,0,4,1,4,0,654,0,0
2741.55,4144.94,0.6614,2567.02,0,0.0279,34,0,0,0,23,2,2,0,8,0,1
3624.2,2848.89,1.2721,3168.34,0,0.0102,22,0,2,1,14,4,0,0,37,0,0
4314.65,7023.93,0.6143,3972.76,0,0.0511,52,0,0,0,7,6,0,0,598,0,0
2271.45,3910.66,0.5808,2119.31,0,0.0066,6,0,2,0,4,0,0,0,72,0,1
3606.86,2194.1,1.6439,3374.37,0,0.0109,74,0,0,0,4,4,1,0,381,0,0
3222.39,3376.25,0.9544,2840.59,1,0.011,25,0,2,1,19,6,1,0,266,0,0
8249.81,14630.07,0.5639,7930.88,1,0.0015,66,0,1,0,16,2,2,0,67,0,0
312.79,336.8,0.9287,267.05,1,0.0066,10,0,1,0,8,2,1,0,653,0,0
1304.45,2098.82,0.6215,1178.21,0,0.0236,74,0,0,0,1,4,5,0,64,0,0
10663.99,13055.11,0.8168,10312.42,0,0.0608,26,0,0,0,0,5,0,0,30,0,0
7883.87,7296.22,1.0805,7368.14,1,0.005,5,0,0,0,21,0,3,0,557,0,0
2278.61,1823.11,1.2498,2026.08,0,0.0476,86,1,1,0,20,4,0,0,646,0,0
3537.77,2421.65,1.4609,3375.89,0,0.0486,68,0,1,0,10,4,2,0,16,0,1
1287.06,1887.5,0.6819,1203.54,1,0.0609,71,0,1,0,14,5,2,0,278,1,1
879.41,827.66,1.0625,852.53,0,0.0437,50,0,1,0,0,4,2,0,277,0,0
2330.71,2600.57,0.8962,2238.07,0,0.0246,17,1,1,0,6,0,1,0,221,0,1
1675.84,1825.42,0.9181,1577.83,0,0.0254,11,2,2,0,22,3,0,0,193,1,0
3216.85,3886.57,0.8277,2969.88,0,0.0269,53,0,1,0,18,0,1,0,670,0,0
433.23,698.28,0.6204,376.9,0,0.0305,50,0,1,0,23,5,0,0,24,0,0
12977.36,23009.31,0.564,11539.47,1,0.0526,8,0,0,0,14,4,1,0,141,0,1
15143.53,14698.58,1.0303,13824.0,1,0.0053,62,0,1,0,5,1,1,0,26,0,0
4342.52,6767.93,0.6416,4081.51,0,0.0176,89,0,1,0,19,1,2,0,98,0,0
2838.27,4173.22,0.6801,2631.24,0,0.0337,85,0,0,0,9,2,3,0,276,0,0
1446.33,1739.85,0.8313,1291.9,0,0.0359,76,0,0,0,11,3,4,0,573,0,0
6033.18,10488.48,0.5752,5134.05,0,0.012,29,0,2,0,12,6,1,0,243,0,0
4190.15,2852.09,1.4692,3873.53,1,0.0159,44,0,0,1,14,6,0,0,433,1,1
771.16,426.43,1.8084,688.53,1,0.0371,45,0,0,0,18,5,2,0,9,0,1
8614.05,13744.12,0.6267,8271.14,0,0.0303,29,0,1,0,16,2,1,0,272,0,0
6201.48,6293.32,0.9854,5293.53,1,0.0307,88,0,1,0,12,6,1,0,32,0,0
10621.08,16842.45,0.6306,9959.64,0,0.0167,59,0,1,0,1,2,2,0,605,0,1
4677.61,7719.58,0.6059,4636.55,1,0.0196,15,0,2,0,17,1,2,0,479,1,1
3476.41,1694.54,2.0515,3045.9,0,0.0019,70,0,1,0,10,0,4,0,128,0,0
2045.96,3348.93,0.6109,1883.81,1,0.0165,44,0,0,0,4,2,5,0,17,0,0
9596.56,9861.87,0.9731,8288.68,0,0.0041,36,0,0,0,3,2,4,0,553,0,0
7186.37,8009.97,0.8972,6782.87,0,0.0519,84,1,5,0,1,6,3,1,473,0,1
311.96,398.44,0.783,290.93,2,0.0173,57,0,0,0,15,3,4,1,301,0,0
243.52,413.24,0.5893,221.87,0,0.0365,64,1,1,0,6,6,0,0,42,0,0
1803.22,769.55,2.3432,1673.76,1,0.0191,76,0,0,0,7,1,3,0,52,0,0
5972.77,6376.41,0.9367,5880.11,0,0.0286,38,1,1,0,7,0,0,0,188,0,0
15424.96,21021.3,0.7338,13565.39,1,0.0057,17,0,0,0,1,3,2,0,151,0,0
720.53,1017.24,0.7083,614.89,1,0.0162,27,0,3,0,14,0,0,0,244,0,0
3306.03,4527.76,0.7302,3237.43,0,0.0533,17,2,3,0,4,6,1,0,491,0,0
1828.16,1075.34,1.7001,1712.2,0,0.0457,63,0,0,0,18,0,0,0,127,0,0
12412.98,10168.14,1.2208,12209.39,0,0.0674,11,3,4,1,9,2,1,0,717,0,1
6610.7,5964.19,1.1084,6211.03,0,0.0639,64,0,1,0,8,3,1,0,409,0,0
6527.67,9962.61,0.6552,6341.79,1,0.0281,39,0,0,0,21,2,0,0,612,1,0
2363.45,1867.75,1.2654,2161.26,1,0.0171,2,0,0,0,19,4,3,1,344,1,0
2025.42,1407.64,1.4389,1949.42,0,0.0167,66,0,1,0,7,0,3,0,591,0,0
1267.86,2206.62,0.5746,1251.32,0,0.0212,54,0,1,0,4,3,2,0,695,0,0
353.09,145.62,2.4247,330.43,0,0.0434,29,1,2,0,18,1,3,0,98,1,0
7151.49,12850.86,0.5565,6272.7,0,0.0583,45,0,0,0,12,2,2,0,68,0,0
6016.41,8107.41,0.7421,5356.53,2,0.0485,88,0,2,0,13,4,4,0,28,0,0
28753.56,44851.44,0.6411,25297.29,0,0.0243,88,0,0,0,7,5,2,0,29,0,0
20082.06,16316.01,1.2308,17813.36,1,0.0323,80,0,0,0,15,4,2,0,634,0,0
2987.28,1254.78,2.3807,2676.49,0,0.0252,31,0,0,0,21,4,3,0,212,0,0
5278.49,7564.17,0.6978,4926.26,0,0.0309,49,1,2,0,4,2,0,0,688,0,0
10286.6,16127.36,0.6378,9650.88,1,0.0155,9,0,2,1,0,1,0,0,617,0,0
6781.7,9743.04,0.6961,6198.3,0,0.0359,27,0,0,0,18,6,2,0,480,0,0
1144.53,686.71,1.6667,1078.51,1,0.0125,56,0,1,0,22,3,0,0,72,0,0
2245.89,3267.32,0.6874,1936.49,0,0.0205,78,0,0,0,18,0,1,1,491,1,1
634.04,936.15,0.6773,547.28,0,0.0459,45,0,0,0,16,1,0,0,110,0,0
10930.78,14450.02,0.7565,9572.9,1,0.0428,89,0,0,0,23,2,3,0,113,0,0
3411.47,5023.6,0.6791,3164.86,2,0.0128,43,0,1,0,22,5,5,0,397,0,0
1058.61,1677.15,0.6312,933.8,1,0.0562,22,0,0,0,20,3,0,0,232,0,0
4048.4,5097.12,0.7943,3613.17,0,0.0014,33,1,2,0,9,0,0,0,43,0,0
3519.35,1844.3,1.9082,3202.77,0,0.0274,27,0,0,0,4,5,0,0,265,0,0
1701.97,1842.69,0.9236,1653.94,0,0.0268,40,0,2,0,21,3,2,0,46,1,0
571.89,290.93,1.9657,487.3,0,0.0655,26,0,0,0,6,0,1,0,570,0,0
4047.04,3927.9,1.0303,3834.19,0,0.0066,83,0,1,0,15,6,1,0,225,0,0
2721.14,2639.37,1.031,2585.99,0,0.0199,45,0,0,0,2,0,0,0,652,0,0
5329.32,2624.23,2.0308,5168.37,1,0.0088,45,0,0,0,11,4,1,1,101,0,0
2720.08,2416.38,1.1257,2692.64,1,0.0139,26,0,0,1,13,5,0,0,281,0,1
6841.2,3799.58,1.8005,5835.69,0,0.0348,70,2,3,0,19,5,2,0,238,0,0
2959.64,4532.78,0.6529,2583.97,0,0.0236,67,0,1,0,0,2,0,0,601,0,0
3030.9,5233.65,0.5791,2979.15,0,0.0467,6,0,2,0,6,1,2,0,246,0,1
7474.66,3746.62,1.995,6867.55,0,0.1177,28,0,0,0,17,6,1,0,691,1,0
1958.27,3401.83,0.5757,1830.37,3,0.0489,67,0,0,0,22,4,0,0,99,0,0
653.61,739.63,0.8837,620.57,1,0.0264,13,2,2,0,21,4,0,0,727,0,0
252.22,206.67,1.2204,240.08,0,0.0043,63,1,1,1,3,3,2,0,200,0,1
5074.7,2575.95,1.97,5022.74,1,0.0111,13,0,0,0,15,5,2,0,256,0,0
3539.4,3896.43,0.9084,3537.78,0,0.0254,77,0,2,0,10,0,3,0,437,0,0
4411.83,6672.11,0.6612,4226.64,0,0.0122,1,0,0,0,17,0,0,0,494,0,1
988.19,1373.51,0.7195,882.54,0,0.0417,40,1,2,0,22,6,0,0,436,0,0
663.14,311.89,2.1262,651.18,1,0.0278,37,0,0,0,15,3,0,0,707,0,0
201.28,101.06,1.9917,172.57,1,0.0202,31,2,3,1,6,5,0,0,24,0,0
1660.91,1601.15,1.0373,1469.34,0,0.0272,17,0,1,0,20,2,0,0,363,0,0
3269.89,2659.75,1.2294,3219.56,0,0.0282,9,0,0,0,2,0,0,0,270,0,0
1892.94,1373.02,1.3787,1681.74,0,0.0562,64,1,1,0,4,4,1,0,228,0,1
2163.62,1716.63,1.2604,1910.69,0,0.0212,57,0,1,1,17,4,2,0,128,0,0
8357.72,12744.49,0.6558,7277.22,1,0.0206,13,0,1,0,16,5,2,0,543,0,0
1648.36,2803.73,0.5879,1613.52,2,0.0375,37,0,0,1,0,0,1,0,58,0,0
2675.34,2587.44,1.034,2474.71,0,0.0168,14,1,2,0,15,0,1,0,325,0,0
5508.05,9190.49,0.5993,5239.44,1,0.0559,75,0,0,0,14,2,2,0,659,0,0
1917.78,1630.29,1.1763,1698.88,0,0.0329,25,1,1,0,12,5,1,0,106,0,1
3555.82,3794.1,0.9372,3426.77,0,0.055,78,1,2,0,6,0,2,0,437,0,1
7090.99,5080.27,1.3958,6835.72,0,0.0322,57,0,0,0,2,2,5,0,85,0,0
10601.67,13746.83,0.7712,9508.53,0,0.0108,71,0,0,0,23,4,4,0,2,0,0
706.79,1251.42,0.5648,644.31,1,0.0334,88,0,0,0,22,2,1,0,437,0,0
9290.82,11566.05,0.8033,8189.43,0,0.0156,42,2,2,0,12,0,2,0,451,0,1
2521.26,2271.5,1.11,2512.4,0,0.0163,42,0,0,0,15,1,2,0,565,0,1
1195.57,1562.54,0.7651,1132.01,0,0.0816,47,0,0,1,22,5,0,0,441,0,1
2301.05,1316.41,1.748,2278.46,0,0.0291,44,0,0,0,0,6,2,0,222,1,1
13847.79,22767.47,0.6082,12400.8,0,0.0246,41,1,2,0,0,0,1,0,25,1,1
2524.72,2788.09,0.9055,2442.12,0,0.0497,3,2,2,0,15,1,3,0,35,0,1
1545.16,1590.11,0.9717,1490.89,0,0.0405,1,2,2,0,1,4,0,1,669,0,0
3662.2,4468.66,0.8195,3492.82,1,0.0262,79,0,0,0,17,5,0,0,343,0,0
1111.2,1416.44,0.7845,1105.47,0,0.0281,11,1,2,0,20,6,2,1,366,0,1
426.13,213.27,1.9981,387.37,0,0.0003,7,0,0,0,22,3,1,0,657,0,0
632.91,858.01,0.7376,550.38,0,0.0116,12,0,0,0,17,5,0,0,336,1,0
629.56,465.06,1.3537,598.56,1,0.0799,38,0,0,0,4,4,1,1,433,0,0
726.66,1016.99,0.7145,697.16,0,0.0429,54,1,2,0,4,4,0,1,457,0,0
673.11,1044.36,0.6445,630.21,1,0.0119,67,0,0,0,7,4,2,0,479,0,1
3734.29,5696.82,0.6555,3289.99,0,0.0066,53,0,0,0,8,2,1,0,398,0,0
852.61,1000.54,0.8521,789.23,0,0.067,32,2,3,0,23,6,0,0,343,1,0
1634.49,1844.09,0.8863,1465.86,2,0.0343,45,1,1,0,13,4,1,0,691,0,1
8098.41,4859.26,1.6666,7402.92,0,0.0043,51,0,0,0,12,3,0,0,280,0,0
2398.33,3562.68,0.6732,2270.7,0,0.0486,37,0,0,0,17,0,2,0,352,0,0
4004.51,3123.41,1.2821,3851.47,2,0.0094,59,2,2,0,3,1,0,0,197,0,1
811.95,889.39,0.9129,718.44,1,0.0129,54,0,0,0,17,5,3,0,225,0,0
897.43,716.13,1.2532,817.38,0,0.0232,18,0,2,0,21,5,0,1,47,0,0
296.05,173.89,1.7025,263.6,1,0.0246,1,0,0,0,19,4,1,0,185,0,0
797.67,1022.12,0.7804,701.79,1,0.0205,21,0,1,0,14,1,2,0,162,1,0
1292.92,615.51,2.1006,1250.91,0,0.0359,28,0,1,0,6,4,0,0,643,0,0
831.84,1204.59,0.6906,820.52,2,0.0114,16,0,1,0,12,2,0,0,295,0,1
475.1,401.28,1.184,430.22,0,0.0901,48,0,0,0,1,1,0,0,92,0,0
599.95,240.09,2.4989,577.57,0,0.0029,28,0,0,0,8,4,0,0,587,0,0
2311.7,2578.89,0.8964,2275.98,0,0.0249,22,0,0,0,4,4,1,0,650,0,0
958.82,446.42,2.1478,936.69,2,0.0903,83,0,0,1,0,3,2,0,168,0,0
1735.43,1365.15,1.2712,1522.7,0,0.0153,1,1,1,0,18,3,0,0,258,0,0
2600.02,3613.42,0.7195,2582.97,0,0.0353,42,0,2,0,19,6,1,0,557,0,0
4253.6,2074.76,2.0502,3855.89,1,0.0065,70,0,0,0,18,3,5,0,309,0,0
290.37,457.35,0.6349,261.59,0,0.0647,3,0,2,0,21,6,4,0,649,0,1
5772.73,2339.96,2.467,4960.88,0,0.0147,80,0,0,0,12,2,0,0,615,0,0
3610.08,2691.51,1.3413,3331.84,0,0.0281,81,1,1,0,5,6,0,0,129,0,0
448.53,644.66,0.6958,388.58,0,0.0343,44,0,0,0,9,1,1,0,673,0,0
7388.47,6226.84,1.1866,6555.65,0,0.0149,27,0,2,0,10,2,0,0,550,0,0
9028.43,4899.27,1.8428,8103.39,2,0.0464,51,1,3,0,22,0,0,1,569,1,0
370.58,335.13,1.1058,359.95,0,0.064,24,1,2,0,15,4,0,0,161,0,0
1284.62,1000.14,1.2844,1260.63,0,0.0237,20,0,0,0,22,4,0,0,176,0,0
5893.27,9310.17,0.633,5276.66,0,0.0091,32,0,0,0,0,4,1,0,288,0,0
4977.75,4174.77,1.1923,4872.25,0,0.1237,13,1,3,0,18,3,1,1,405,0,1
863.93,1299.79,0.6647,845.43,1,0.0165,43,0,0,0,4,4,0,0,657,1,0
972.15,1602.71,0.6066,937.83,0,0.0464,20,0,0,0,5,6,1,0,580,1,0
1769.75,1782.75,0.9927,1543.23,2,0.0181,2,0,1,0,5,3,1,0,340,0,0
2469.32,4133.45,0.5974,2354.62,0,0.0144,68,0,0,0,4,0,2,0,268,0,0
3520.51,3267.9,1.0773,3491.48,0,0.0325,60,0,0,0,5,2,5,0,218,1,1
1761.09,3081.4,0.5715,1677.23,0,0.0133,89,1,3,0,12,2,5,0,164,0,0
2323.12,1219.65,1.9047,2090.21,0,0.0571,4,0,0,0,0,6,1,0,691,0,1
4966.8,6763.92,0.7343,4594.72,0,0.0694,17,2,4,0,0,2,3,0,391,0,0
280.81,306.46,0.9163,265.89,1,0.0101,1,0,0,1,13,3,0,0,417,0,1
1168.28,1101.35,1.0608,1082.51,0,0.0226,33,1,1,0,7,5,1,0,48,0,0
4523.22,5815.94,0.7777,3926.12,0,0.0148,30,0,0,0,8,5,2,0,194,1,1
8045.18,11145.79,0.7218,7214.99,0,0.0152,5,0,0,0,22,1,2,0,718,0,0
2658.73,1079.73,2.4624,2579.92,1,0.0179,12,0,1,0,9,5,0,1,84,0,1
2808.35,1779.75,1.5779,2749.97,0,0.0311,32,1,2,0,5,1,0,0,613,0,0
546.76,764.52,0.7152,476.01,0,0.0359,38,0,0,0,8,0,1,0,667,0,0
2226.0,2967.12,0.7502,2210.1,1,0.0741,17,0,0,0,17,1,2,1,47,0,0
2812.12,4928.15,0.5706,2529.01,1,0.0276,58,0,0,0,14,0,5,0,234,0,0
1121.92,1644.12,0.6824,1065.09,0,0.0574,40,0,0,0,3,4,0,0,299,0,0
1247.86,2160.15,0.5777,1201.41,0,0.0189,24,0,1,0,1,6,4,0,147,0,0
1807.83,2501.24,0.7228,1756.83,2,0.0024,12,0,0,0,5,2,0,0,196,0,0
220.96,180.58,1.2236,219.16,0,0.002,19,0,1,0,16,6,4,0,22,0,0
1510.54,827.04,1.8264,1354.86,0,0.005,29,0,0,0,6,5,3,0,194,0,0
981.45,1466.83,0.6691,960.62,0,0.059,85,0,0,0,22,3,0,0,386,0,0
1538.62,2002.99,0.7682,1338.22,0,0.0609,52,0,1,0,22,0,0,0,364,0,0
596.47,278.83,2.1392,570.08,2,0.0104,17,0,1,0,19,5,0,1,274,0,0
7892.28,7135.18,1.1061,7586.82,0,0.0664,73,0,1,0,14,3,5,0,384,0,0
3301.4,5742.85,0.5749,3141.81,2,0.0172,21,1,2,0,23,3,1,0,208,0,0
4128.22,4543.36,0.9086,3665.23,0,0.0221,60,1,2,0,20,2,2,0,275,0,0
5598.48,5631.07,0.9942,5491.87,0,0.075,75,0,0,0,1,6,0,1,729,1,1
2565.13,2669.73,0.9608,2245.33,0,0.0127,20,0,0,0,20,4,4,0,496,0,0
468.26,324.24,1.4442,401.79,0,0.0297,53,1,2,0,11,4,0,0,539,0,0
2845.9,2607.39,1.0915,2725.29,0,0.0408,80,0,0,0,9,6,0,0,527,0,0
3243.73,2976.9,1.0896,2988.52,0,0.0869,63,0,0,0,16,1,0,0,159,0,0
4938.76,2337.5,2.1128,4826.97,0,0.0086,57,1,2,0,17,5,1,0,726,0,0
2127.62,3137.38,0.6782,1930.84,0,0.033,29,0,0,0,15,4,0,0,460,0,0
627.7,617.1,1.0172,549.39,0,0.1475,1,0,2,0,9,2,2,0,394,1,1
1318.17,2044.55,0.6447,1285.83,2,0.047,82,0,1,0,7,5,0,0,439,0,0
1728.9,2749.79,0.6287,1611.92,0,0.0085,59,1,1,0,20,3,1,0,379,1,0
3783.79,2636.51,1.4352,3323.6,1,0.0943,64,1,3,1,21,0,1,0,164,1,0
3110.24,4106.43,0.7574,2979.79,0,0.0074,86,0,0,0,12,0,0,0,639,0,0
1690.72,1794.18,0.9423,1566.73,0,0.0159,72,0,0,0,15,4,0,0,330,0,0
15221.69,24845.14,0.6127,14318.24,0,0.0169,71,0,2,0,7,1,2,0,570,0,0
3407.92,2392.49,1.4244,3132.34,0,0.0094,89,0,1,0,11,0,0,0,147,0,0
1097.78,1480.84,0.7413,1069.57,1,0.0345,44,0,1,0,16,1,0,0,110,0,0
525.7,657.57,0.7995,512.26,0,0.0122,48,0,1,0,15,0,2,0,394,0,1
730.61,594.29,1.2294,698.76,1,0.1113,75,0,1,0,8,1,0,0,561,0,0
1138.07,672.87,1.6914,985.35,0,0.0129,15,0,0,0,18,6,2,1,182,0,0
763.08,1001.39,0.762,744.63,0,0.0335,35,0,1,0,16,1,0,0,573,0,0
872.72,1251.51,0.6973,829.65,0,0.0517,23,1,1,0,23,3,0,0,443,0,0
1324.62,1115.17,1.1878,1264.42,0,0.0467,53,0,0,0,7,2,2,0,130,0,0
816.41,1063.59,0.7676,738.4,0,0.109,45,0,1,0,11,0,0,0,403,1,0
8097.63,7718.53,1.0491,7951.0,0,0.0589,85,1,1,0,8,5,1,0,505,0,0
442.72,619.14,0.7151,424.48,1,0.0226,13,0,0,0,5,4,2,0,720,0,0
2751.94,1868.3,1.473,2385.63,0,0.0174,34,1,2,0,9,2,0,0,654,1,0
1999.07,3291.07,0.6074,1821.49,0,0.0042,38,0,0,0,8,3,1,0,22,0,0
14285.25,11462.11,1.2463,14041.79,0,0.0284,70,0,1,0,3,3,4,0,17,0,0
565.9,517.74,1.093,485.02,0,0.0126,68,0,0,0,10,3,2,1,634,0,1
1925.4,926.75,2.0776,1914.26,1,0.073,5,0,1,0,20,4,0,0,282,0,1
12361.71,6874.56,1.7982,11766.8,0,0.0092,40,1,3,0,21,0,2,0,227,1,0
7171.85,8048.3,0.8911,6775.29,1,0.0268,70,1,1,0,5,0,0,0,420,0,0
6095.32,4721.62,1.2909,5428.39,0,0.044,21,0,2,0,17,6,0,0,373,0,0
1193.96,1874.13,0.6371,1059.42,2,0.0083,28,0,0,0,3,6,3,0,301,0,0
805.9,338.94,2.3777,798.9,0,0.0392,3,0,1,0,11,1,0,0,286,0,0
4015.96,3737.78,1.0744,3593.24,0,0.0166,23,0,0,0,8,1,0,1,116,0,0
9426.35,8222.45,1.1464,9108.93,1,0.0618,72,0,1,0,14,5,1,0,149,0,0
2997.78,1280.23,2.3416,2724.89,0,0.0042,19,0,2,0,22,1,5,0,404,0,0
3117.05,1789.55,1.7418,2714.6,1,0.0851,75,0,1,1,8,4,0,0,682,0,1
1299.66,1272.5,1.0213,1106.8,1,0.0265,50,0,0,0,5,2,0,0,90,0,0
5286.16,5761.97,0.9174,4924.79,0,0.0462,74,0,0,0,10,6,1,0,119,0,0
874.77,845.03,1.0352,871.59,0,0.0639,58,1,2,0,6,0,1,0,696,0,0
1518.81,1736.47,0.8747,1375.09,1,0.0087,20,0,2,0,13,1,1,0,93,0,0
2089.51,2576.75,0.8109,1888.04,0,0.0391,72,0,1,0,15,6,4,0,629,0,0
2629.7,1088.42,2.4161,2370.97,1,0.0884,83,0,0,0,14,4,0,0,447,0,0
1121.64,1177.42,0.9526,1040.97,1,0.0745,53,0,0,0,19,4,0,0,312,0,1
576.94,1009.01,0.5718,528.53,0,0.0411,85,0,1,0,8,5,0,0,318,0,0
3451.2,3888.28,0.8876,3389.03,1,0.0144,82,1,1,0,18,1,2,1,121,0,0
1341.97,1809.73,0.7415,1242.43,0,0.0222,9,0,0,0,11,6,0,0,317,0,0
3196.59,2674.3,1.1953,2960.57,0,0.0251,4,0,0,1,10,6,3,0,138,0,0
736.83,1093.15,0.674,641.6,1,0.0169,41,0,3,1,7,5,5,0,660,0,0
2446.42,3625.81,0.6747,2440.09,0,0.0089,25,0,1,0,2,6,0,0,284,1,1
2811.92,3176.95,0.8851,2495.57,0,0.0207,34,1,2,0,18,3,5,0,654,0,0
336.25,593.96,0.5661,289.51,0,0.0097,73,0,0,0,2,3,0,0,520,0,0
1586.34,913.37,1.7368,1506.19,0,0.0193,9,0,0,0,2,3,1,0,505,0,0
655.22,277.63,2.36,615.45,0,0.0326,82,0,0,0,5,1,2,0,391,0,0
379.15,560.47,0.6765,345.89,0,0.0121,75,0,0,0,10,4,2,0,5,0,0
16254.2,24869.21,0.6536,14845.43,0,0.0085,13,0,2,0,19,4,2,1,367,0,1
1511.96,859.23,1.7597,1463.21,0,0.0041,9,1,1,0,13,0,1,0,492,0,0
5960.25,4600.22,1.2956,5241.19,1,0.0268,80,0,1,0,1,6,4,0,466,0,0
1178.61,500.41,2.3553,1146.83,1,0.0308,4,0,0,0,11,3,2,0,235,0,0
4154.49,3367.76,1.2336,3935.6,0,0.0155,34,0,1,0,15,1,0,0,362,0,0
5148.23,7631.73,0.6746,4699.54,0,0.0506,7,0,3,0,2,0,4,0,522,0,1
3319.06,3734.42,0.8888,3049.23,2,0.0278,15,2,2,0,20,4,5,0,242,0,0
2382.5,2114.07,1.127,2116.84,0,0.0252,38,0,0,0,15,6,1,0,442,0,1
2007.65,1847.91,1.0864,1933.0,0,0.0227,75,0,0,1,9,6,2,0,188,0,1
1651.65,663.79,2.4882,1530.97,0,0.0049,52,1,1,0,19,0,3,1,404,0,0
9433.95,7733.2,1.2199,8472.9,0,0.0128,81,1,4,1,4,3,3,0,427,0,0
6364.62,8306.1,0.7663,5978.97,0,0.0022,83,0,1,0,12,6,0,0,413,0,0
11886.12,20965.6,0.5669,11878.51,1,0.0258,7,0,0,0,11,6,2,0,514,0,0
614.55,974.61,0.6306,562.49,0,0.0438,45,0,1,0,0,6,5,0,154,0,1
4743.93,2054.28,2.3093,4687.49,0,0.0034,59,0,0,0,19,2,0,0,203,0,0
9901.45,16416.45,0.6031,8928.66,1,0.0153,21,0,1,0,10,3,2,0,217,0,0
849.85,1271.78,0.6682,729.35,0,0.0158,28,1,2,0,18,3,1,0,482,0,0
390.84,583.34,0.67,344.19,1,0.0585,3,0,1,0,14,1,0,0,315,0,1
4879.88,5080.9,0.9604,4454.38,0,0.0164,14,0,0,0,17,2,0,0,617,0,0
3140.5,3006.11,1.0447,2772.89,0,0.0805,2,0,0,0,15,6,2,0,1,0,0
6604.27,5442.46,1.2135,5613.85,0,0.0153,29,0,2,0,6,5,0,0,503,0,0
676.95,333.04,2.0326,668.32,1,0.0565,18,0,2,0,9,2,1,0,278,0,1
5701.18,4102.17,1.3898,5567.67,0,0.0784,37,0,1,0,15,2,1,0,194,0,0
938.13,699.14,1.3418,901.87,0,0.0224,45,0,0,0,16,4,1,1,248,0,0
775.5,835.76,0.9279,678.7,0,0.0399,45,0,0,0,6,0,0,0,88,0,0
778.06,1125.4,0.6914,675.4,0,0.0062,24,0,0,0,10,4,2,0,434,1,0
6047.86,6430.89,0.9404,5202.01,0,0.0409,46,0,1,0,16,5,2,1,420,0,0
3979.75,1914.19,2.0791,3815.01,0,0.0523,12,0,2,1,4,2,0,0,253,0,0
2741.32,4772.38,0.5744,2712.05,0,0.0059,53,0,1,0,0,1,1,0,429,0,0
1705.61,2933.33,0.5815,1559.92,1,0.0517,45,0,0,0,2,5,2,0,164,0,1
7490.21,11229.81,0.667,6500.54,0,0.0729,32,1,2,0,15,6,0,1,495,0,1
1894.09,3386.37,0.5593,1755.55,0,0.0186,18,0,0,0,23,3,4,0,162,0,0
6086.29,7073.94,0.8604,5491.81,1,0.0416,13,0,0,0,14,6,1,0,507,0,1
2173.96,3799.81,0.5721,1970.09,0,0.0126,4,0,0,1,3,3,0,0,265,0,0
1805.92,913.52,1.9769,1703.34,0,0.0151,23,0,0,0,11,4,0,0,110,0,1
2324.06,2119.43,1.0965,2226.0,1,0.0336,62,1,1,0,0,6,1,0,719,0,0
1405.26,1005.51,1.3976,1217.79,2,0.0372,54,0,0,0,16,5,0,0,319,1,0
4968.72,3349.74,1.4833,4249.94,0,0.1133,74,0,2,0,23,4,0,0,132,0,0
2595.11,1549.6,1.6747,2592.9,0,0.0193,55,2,2,1,14,1,0,0,133,0,0
1074.85,1366.54,0.7865,951.14,0,0.0406,69,0,0,0,23,3,1,0,394,1,0
8194.19,12240.9,0.6694,7031.23,1,0.0081,40,0,1,0,19,6,0,0,620,0,0
1845.16,2231.94,0.8267,1620.94,0,0.0037,14,0,0,0,19,4,4,0,684,0,0
2894.99,1753.63,1.6509,2477.66,0,0.0331,28,0,0,0,9,6,2,0,552,0,1
8443.23,12965.2,0.6512,7672.97,0,0.0532,72,0,1,0,10,0,2,1,35,0,1
3575.8,4613.99,0.775,3469.81,0,0.0557,80,0,0,1,17,4,2,0,571,0,1
585.1,552.0,1.06,527.28,0,0.0089,71,2,3,1,1,4,1,0,705,0,1
9987.16,13420.57,0.7442,9154.51,0,0.0007,67,0,1,0,5,2,2,1,722,0,0
3608.27,2756.24,1.3091,3432.68,1,0.0407,29,0,1,0,15,0,1,0,372,0,1
1577.39,1393.26,1.1322,1461.19,0,0.0042,61,0,0,0,23,0,1,0,31,0,0
674.92,1136.89,0.5937,660.89,0,0.0208,68,1,1,0,6,6,1,0,174,0,1
5680.0,4582.09,1.2396,5565.86,0,0.0662,9,0,0,0,22,1,3,0,390,0,0
3537.21,3742.31,0.9452,3011.89,1,0.0373,17,0,0,0,18,6,2,0,710,1,0
2818.45,4639.73,0.6075,2724.62,0,0.0263,49,0,0,0,11,2,1,0,106,0,0
8001.56,11128.65,0.719,7354.31,0,0.0215,63,0,0,0,17,0,0,0,275,1,0
5588.97,2722.3,2.053,5579.61,1,0.0077,84,1,1,0,9,2,1,0,96,0,0
725.72,439.95,1.6496,669.47,1,0.0213,78,0,1,0,6,2,0,0,682,0,0
1457.47,598.99,2.4332,1454.61,0,0.0296,46,2,3,0,3,3,5,0,30,0,1
1149.84,1475.58,0.7792,1107.51,0,0.0143,13,0,0,0,16,6,1,1,161,0,0
4918.29,5049.82,0.974,4363.95,1,0.0317,45,0,0,0,16,0,0,1,306,0,0
269.38,158.39,1.7007,250.73,1,0.0388,53,0,1,0,3,3,0,0,623,0,0
3103.0,5402.66,0.5743,3099.34,0,0.0546,17,0,1,0,20,6,0,0,724,0,0
5180.95,5914.18,0.876,5070.23,0,0.0302,47,0,0,0,4,4,0,0,196,0,0
7477.84,5523.51,1.3538,6465.38,1,0.066,62,0,1,0,0,6,4,0,608,1,0
1615.36,1778.26,0.9084,1544.21,3,0.0177,50,0,1,0,18,4,3,0,338,0,0
6176.33,8347.12,0.7399,5570.04,1,0.0243,43,0,1,0,21,3,5,0,138,0,0
560.35,283.95,1.9734,476.88,0,0.0284,68,0,0,1,22,4,2,1,447,0,1
6708.1,5263.08,1.2746,6107.87,0,0.0346,84,0,0,0,10,3,2,0,310,0,0
627.33,959.66,0.6537,555.32,0,0.0325,75,0,1,0,0,6,4,1,179,1,1
1922.1,2005.77,0.9583,1869.88,0,0.0613,86,0,0,0,7,1,4,0,337,0,1
5736.02,6683.66,0.8582,5165.86,0,0.0036,72,0,0,0,3,2,3,0,234,0,0
718.48,722.75,0.9941,699.89,0,0.0198,28,1,1,0,21,1,3,0,249,0,0
1061.38,489.78,2.1671,902.27,0,0.0093,45,0,0,0,14,0,2,0,132,0,0
4633.65,2928.7,1.5822,4152.55,0,0.0038,41,0,0,0,16,1,0,0,249,0,0
4605.84,4715.27,0.9768,4081.58,0,0.0206,36,0,0,0,17,1,1,0,455,1,0
3736.95,2589.18,1.4433,3307.33,0,0.064,84,0,1,0,2,4,2,0,499,0,0
4294.01,2018.06,2.1278,3693.83,0,0.0414,33,0,0,0,17,5,1,0,63,1,0
2888.64,4567.26,0.6325,2536.42,0,0.022,25,1,2,0,6,6,3,0,392,0,1
1165.29,2066.84,0.5638,1087.6,0,0.0135,19,0,1,0,16,5,3,0,257,0,0
1634.64,2468.96,0.6621,1460.88,0,0.0291,47,0,1,0,17,3,2,0,248,0,0
851.4,1358.24,0.6268,777.0,0,0.0205,85,0,1,0,19,0,0,0,264,0,0
8518.07,6292.88,1.3536,7721.89,1,0.0296,33,0,1,1,7,5,1,0,467,0,0
3214.63,5609.14,0.5731,3154.79,1,0.0057,67,0,0,0,10,4,0,0,361,0,0
1942.86,1312.78,1.48,1915.26,0,0.0137,14,1,1,0,2,0,0,0,393,0,0
2319.68,4017.69,0.5774,2143.25,0,0.0446,79,0,2,0,6,2,2,0,179,0,1
10449.88,18733.99,0.5578,9399.91,0,0.0305,33,0,0,0,14,3,0,0,506,0,0
732.64,1023.07,0.7161,634.48,0,0.0074,42,0,0,0,9,4,0,0,499,0,1
3238.56,5743.91,0.5638,3215.92,0,0.0309,86,0,0,0,11,1,1,0,677,0,0
2617.48,3134.05,0.8352,2248.5,0,0.0581,65,0,0,0,11,6,2,1,603,0,0
3458.71,2640.24,1.31,3094.33,0,0.0143,47,0,3,0,18,2,0,0,704,0,1
213.97,216.49,0.9884,191.44,0,0.0295,35,1,2,0,18,1,3,1,292,0,0
7348.43,9045.81,0.8124,6599.33,1,0.0505,84,0,0,0,14,5,1,0,588,0,0
9564.96,4804.62,1.9908,8365.93,0,0.034,32,0,0,0,20,6,0,0,99,0,0
3064.5,3895.84,0.7866,2964.82,0,0.0753,55,0,0,0,20,0,2,0,607,0,0
4325.05,7671.12,0.5638,3755.76,0,0.0315,54,0,1,0,4,2,5,0,181,0,0
9101.14,6062.73,1.5012,8602.73,1,0.0726,76,0,1,0,12,6,1,0,403,0,0
4449.39,6716.95,0.6624,3864.64,0,0.0332,51,0,0,0,8,6,2,0,666,0,0
729.29,1218.69,0.5984,627.61,1,0.0467,80,0,0,0,21,4,3,1,374,0,0
3155.46,5431.12,0.581,3112.59,0,0.0344,59,0,0,0,22,1,2,0,624,0,0
3416.27,5958.62,0.5733,3001.26,1,0.023,72,0,0,0,9,5,0,0,683,0,0
2081.56,2352.25,0.8849,2025.75,0,0.0493,14,0,2,1,7,1,2,0,253,0,0
4817.22,8517.96,0.5655,4488.18,0,0.0593,18,1,2,0,8,0,4,0,122,0,1
9682.87,14139.26,0.6848,8343.52,0,0.0254,55,0,0,1,5,0,2,0,442,0,0
9242.57,5788.99,1.5966,9180.8,0,0.0013,56,0,0,0,23,5,3,0,717,0,0
2247.78,2399.87,0.9366,1993.88,1,0.0301,49,0,0,0,17,3,1,0,245,0,0
570.63,802.11,0.7114,558.62,1,0.0282,60,0,0,0,9,5,0,0,639,0,0
14812.11,11053.93,1.34,12965.36,0,0.031,53,0,0,0,23,3,2,0,491,0,0
6540.01,8481.49,0.7711,6396.73,0,0.0117,71,1,1,1,14,5,1,0,46,0,1
616.01,821.29,0.7501,524.83,0,0.0031,6,0,0,0,12,5,4,0,452,0,0
9027.08,5667.02,1.5929,8366.0,2,0.0094,70,0,0,0,10,0,5,0,296,0,0
7287.98,8680.85,0.8395,7035.94,1,0.0942,86,0,0,0,1,3,3,0,141,1,0
2710.43,4012.19,0.6755,2683.92,1,0.0103,8,0,0,0,7,5,5,1,633,0,0
3281.5,3604.58,0.9104,3236.81,0,0.0179,15,1,2,0,17,6,0,0,521,0,0
1932.08,805.57,2.3984,1879.81,1,0.031,26,1,1,0,2,1,4,0,66,0,0
347.11,143.24,2.4233,341.29,0,0.0096,39,0,0,0,22,0,0,0,483,0,1
1578.93,1420.79,1.1113,1389.27,0,0.0488,3,0,1,0,2,6,0,0,309,0,0
5833.33,9897.25,0.5894,5206.99,0,0.0109,57,0,1,0,20,6,2,0,460,0,0
166.25,119.72,1.3887,148.52,0,0.0304,10,0,0,0,6,2,1,1,593,0,0
1570.0,2022.33,0.7763,1423.3,1,0.0463,3,0,0,0,17,0,4,0,398,1,0
1927.22,1370.07,1.4067,1751.84,0,0.033,46,0,0,0,20,5,1,0,469,0,0
2848.09,2421.84,1.176,2653.52,1,0.0322,22,0,1,0,20,4,4,0,617,0,1
8983.74,14259.52,0.63,7851.63,0,0.0336,67,0,1,0,8,4,0,0,392,0,0
1638.12,2326.8,0.704,1562.25,1,0.0058,65,0,1,0,17,6,3,0,97,0,1
1641.37,875.77,1.8742,1436.42,0,0.0061,19,0,0,0,0,6,2,0,190,0,0
4831.28,4832.16,0.9998,4331.47,0,0.0235,62,0,1,0,3,0,2,0,195,0,0
2256.57,994.78,2.2684,2088.46,0,0.0574,57,0,1,0,3,2,1,0,334,0,1
1040.34,1116.54,0.9318,1008.57,1,0.0252,88,1,2,0,16,0,2,0,83,0,0
2257.99,2997.27,0.7533,2169.75,1,0.0172,76,0,1,0,22,2,1,1,251,0,0
681.37,385.59,1.7671,645.14,2,0.0502,13,0,1,0,1,5,2,0,70,0,0
829.19,667.03,1.2431,724.19,0,0.0651,16,1,4,0,14,1,2,0,292,0,0
2564.61,2454.26,1.045,2390.36,0,0.0475,16,0,0,0,12,1,0,0,340,0,0
2050.07,3459.17,0.5926,1769.45,0,0.0108,52,1,1,0,8,2,0,0,385,1,1
8771.52,15705.91,0.5585,7952.3,1,0.073,84,0,2,0,6,6,1,0,700,0,0
1725.12,798.52,2.1604,1573.36,2,0.008,41,2,2,0,11,3,4,0,458,0,0
3191.16,4676.36,0.6824,2731.54,1,0.0023,48,0,1,0,11,1,1,0,141,0,0
3651.37,3360.77,1.0865,3253.73,0,0.011,39,0,0,0,13,4,3,1,140,0,0
196.13,186.21,1.0533,194.83,0,0.0412,13,1,4,0,22,0,2,0,75,0,0
3962.44,5769.2,0.6868,3934.88,0,0.0483,4,0,0,0,14,5,5,0,100,0,0
836.21,1409.68,0.5932,754.97,1,0.0295,43,0,1,0,0,3,1,0,657,0,0
11510.99,19928.98,0.5776,9858.76,0,0.0112,81,2,2,0,8,6,0,0,175,0,0
713.31,861.66,0.8278,625.48,1,0.0279,88,0,2,0,15,4,2,0,323,0,0
2024.25,1821.76,1.1112,1839.7,0,0.0176,46,0,0,0,8,0,2,0,477,0,1
462.25,694.56,0.6655,458.63,1,0.0114,47,0,0,0,15,4,1,0,10,0,0
20338.29,15282.23,1.3308,17718.31,0,0.0413,86,0,0,0,1,3,0,0,46,0,0
2591.41,3083.01,0.8405,2499.49,0,0.0088,53,0,0,0,9,2,0,0,629,0,0
3316.87,2991.85,1.1086,2873.41,0,0.0743,25,2,2,0,17,0,1,0,516,0,0
393.01,518.49,0.758,391.91,1,0.03,41,1,1,0,12,4,2,0,313,0,0
5001.48,3683.88,1.3577,4537.56,1,0.0457,3,0,1,0,1,5,2,0,238,0,0
974.61,651.26,1.4965,941.75,0,0.0947,77,1,2,0,12,6,1,0,31,0,0
8141.6,13722.95,0.5933,7338.75,2,0.0111,13,1,3,0,23,5,1,0,510,0,0
953.56,517.33,1.8432,900.3,0,0.038,18,1,2,0,2,4,0,0,130,0,0
890.5,986.98,0.9022,782.57,0,0.0234,37,0,1,0,14,6,2,1,385,0,0
280.32,198.8,1.4101,244.41,0,0.0708,43,0,1,1,2,3,2,0,593,0,1
2385.75,1084.33,2.2002,2363.59,1,0.0525,34,0,0,0,22,3,0,0,25,0,1
3062.15,1379.27,2.2201,3024.32,0,0.0351,81,0,1,0,9,6,0,1,261,0,0
387.88,250.3,1.5497,381.33,1,0.0137,55,0,3,0,5,5,0,0,560,0,0
5379.01,8678.92,0.6198,5076.79,0,0.0619,52,1,1,0,22,5,5,0,398,0,0
2263.42,1800.48,1.2571,2198.32,0,0.0466,85,2,3,0,21,6,2,0,564,1,0
2751.05,4761.08,0.5778,2366.88,0,0.0487,36,0,1,0,13,3,1,0,330,0,0
2184.14,2652.14,0.8235,1966.2,0,0.0095,54,1,2,0,8,2,1,0,149,1,0
1942.34,1964.21,0.9889,1742.39,0,0.069,59,0,1,0,17,1,5,1,409,0,0
3020.57,3661.31,0.825,2855.49,0,0.0327,52,0,0,1,7,4,2,0,611,0,0
740.46,831.82,0.8902,668.93,0,0.0028,19,0,1,0,5,2,0,0,579,0,1
852.82,1247.07,0.6839,743.89,1,0.0419,12,1,2,0,14,4,1,0,722,0,0
7076.32,5629.17,1.2571,6647.99,0,0.02,11,1,1,0,13,5,2,1,119,0,1
10373.19,9276.44,1.1182,10084.38,3,0.0293,48,0,0,0,14,2,1,0,434,0,0
1785.56,2949.27,0.6054,1620.07,0,0.0105,79,1,2,0,19,5,0,0,228,0,0
1255.06,2165.03,0.5797,1091.7,0,0.0361,16,0,1,1,5,6,5,0,615,0,0
3764.88,6210.48,0.6062,3311.22,0,0.0022,71,0,0,0,21,6,4,0,240,0,0
1989.21,1963.8,1.0129,1761.69,1,0.007,47,1,4,0,11,5,4,0,232,0,0
240.0,358.2,0.67,214.8,0,0.047,67,0,0,0,9,5,0,0,290,0,0
744.24,794.01,0.9373,704.36,0,0.0401,31,0,0,0,18,0,0,0,154,0,0
4555.39,4995.24,0.9119,4282.71,0,0.0184,76,0,1,0,7,1,1,0,682,0,0
3914.77,2687.69,1.4566,3736.3,1,0.0196,8,0,1,0,4,5,3,0,159,1,0
246.14,302.16,0.8146,222.6,0,0.0514,89,1,1,0,9,4,2,0,625,0,0
1028.48,679.4,1.5138,1001.33,0,0.0154,61,1,2,0,10,3,3,0,563,0,0
1069.67,924.4,1.1572,941.97,0,0.1102,44,0,0,0,19,1,4,0,476,0,0
4050.45,6468.74,0.6262,3727.86,0,0.0406,50,1,2,0,13,4,2,0,548,0,0
219.68,151.56,1.4495,213.12,0,0.0383,35,0,0,0,13,0,0,0,13,0,0
534.78,267.19,2.0015,469.01,0,0.0004,76,1,1,0,1,5,0,0,507,0,0
5781.56,2871.18,2.0137,5009.6,1,0.0183,61,1,1,0,16,4,1,0,218,0,0
838.37,1439.56,0.5824,823.74,2,0.0189,85,0,0,1,14,4,0,0,720,0,0
3851.95,4274.47,0.9012,3472.3,0,0.0013,55,1,3,0,22,4,0,0,222,0,0
1102.17,1072.61,1.0276,1049.91,0,0.0412,66,0,0,0,2,1,2,0,288,0,0
516.59,793.08,0.6514,441.07,3,0.0096,14,0,1,0,2,5,0,0,524,0,1
1125.17,1766.69,0.6369,1072.86,1,0.0192,4,0,0,0,2,4,2,1,487,0,0
4633.83,4008.58,1.156,4158.47,0,0.0138,17,0,0,0,2,3,3,0,699,0,0
6925.43,9495.22,0.7294,5944.52,0,0.0569,69,0,2,0,17,5,0,0,681,0,0
6356.38,9404.72,0.6759,5984.35,0,0.0574,24,0,0,0,5,2,0,0,324,0,0
1921.5,2529.68,0.7596,1702.68,0,0.0392,49,0,0,0,13,3,0,0,618,0,0
4010.07,2455.1,1.6334,3641.23,0,0.0107,55,0,0,0,2,0,0,0,176,0,0
952.88,1549.61,0.6149,821.47,0,0.0087,71,0,0,0,0,6,2,0,41,0,1
1364.27,1575.37,0.866,1189.75,0,0.0193,23,0,0,0,9,1,2,0,325,0,0
8083.1,6429.79,1.2571,7231.92,1,0.0265,81,0,1,0,12,2,2,0,267,0,0
195.81,194.89,1.0047,169.07,0,0.0173,12,1,2,0,8,1,1,0,393,0,0
462.85,209.49,2.2094,456.66,2,0.0102,11,0,0,1,21,1,1,0,113,0,0
965.68,559.14,1.7271,821.7,0,0.0535,75,0,0,0,21,4,2,0,284,0,1
244.12,359.29,0.6795,225.22,0,0.061,29,0,0,0,1,3,0,0,203,0,0
850.71,340.3,2.4999,738.83,0,0.0187,62,0,0,0,9,2,0,0,144,0,0
3211.69,3157.71,1.0171,2878.16,0,0.022,53,1,3,0,11,4,4,0,243,0,0
2065.15,2336.75,0.8838,2042.25,1,0.0572,48,0,0,0,18,2,0,0,35,0,0
7961.52,3793.57,2.0987,6960.39,2,0.017,86,0,0,0,2,5,3,0,53,1,0
6102.44,10754.39,0.5674,6071.16,0,0.054,66,0,0,0,18,5,0,0,503,0,0
1613.95,1156.52,1.3955,1421.68,1,0.051,48,0,0,0,0,3,0,0,356,0,0
1201.14,992.0,1.2108,1154.58,0,0.0074,59,0,0,0,14,4,1,0,150,0,0
1821.39,1503.59,1.2114,1697.54,0,0.011,71,1,1,0,22,2,4,0,437,0,0
3273.11,2365.09,1.3839,3216.39,0,0.017,57,0,0,0,12,6,3,0,450,0,0
1242.22,499.45,2.4872,1159.11,1,0.0278,76,0,1,0,6,5,0,1,525,0,1
3574.97,5080.33,0.7037,3325.38,0,0.0317,3,0,1,1,1,4,4,0,267,0,0
1993.23,3495.3,0.5703,1752.68,0,0.0215,81,0,1,0,21,1,1,0,609,0,0
2960.74,2114.0,1.4005,2590.45,0,0.0284,32,1,1,0,19,5,0,0,86,1,1
2155.24,2862.73,0.7529,2128.24,0,0.0446,8,0,0,0,10,0,0,1,309,0,1
1370.8,1972.11,0.6951,1232.59,1,0.0779,87,0,0,0,22,2,1,0,265,1,0
10528.44,16717.01,0.6298,9536.79,0,0.0696,30,0,0,0,15,6,1,0,492,0,0
5197.89,5154.65,1.0084,5010.63,0,0.0581,15,0,0,0,13,5,0,1,583,0,0
678.34,559.02,1.2134,611.06,0,0.017,74,1,2,1,22,3,4,0,17,0,1
7249.77,6201.55,1.169,7197.64,0,0.0116,55,0,0,0,14,2,2,0,189,1,0
2489.12,3478.97,0.7155,2391.27,0,0.0631,38,0,0,0,19,0,3,0,522,1,0
8023.39,12384.03,0.6479,7538.89,1,0.0142,15,0,0,0,18,2,2,0,166,0,0
5780.5,3781.95,1.5284,5677.23,0,0.0312,30,0,2,0,6,2,2,0,551,0,0
2088.15,1919.67,1.0878,1790.47,0,0.0136,46,0,0,0,8,5,1,0,345,1,1
229.54,381.66,0.6014,203.96,1,0.0237,64,0,1,0,3,2,2,0,219,0,0
1245.15,1904.3,0.6539,1145.23,0,0.0104,26,0,2,0,5,3,5,1,94,0,0
2880.31,5123.5,0.5622,2546.33,1,0.0212,78,0,0,0,22,0,2,0,158,0,1
3662.94,5333.05,0.6868,3522.23,0,0.0227,67,0,3,0,9,5,0,0,34,0,0
1193.89,1134.76,1.0521,1179.42,0,0.0235,36,0,3,1,2,0,0,0,416,0,0
675.26,828.47,0.8151,616.89,0,0.0232,78,0,1,0,20,3,5,0,506,0,0
6454.85,8555.39,0.7545,5817.88,0,0.0409,31,0,0,0,0,2,0,0,490,0,0
14712.18,7500.83,1.9614,14627.33,0,0.0196,78,0,0,0,5,2,3,0,524,0,0
2760.63,3208.67,0.8604,2530.75,0,0.04,40,1,4,0,4,5,1,1,233,0,0
809.24,1127.31,0.7179,747.22,0,0.0542,74,0,0,0,22,0,1,0,599,0,0
1262.57,800.78,1.5767,1139.78,0,0.0316,73,0,0,0,14,2,2,1,605,0,0
214.97,320.93,0.6698,212.05,2,0.028,46,0,1,0,10,6,0,1,107,1,1
8749.11,10650.13,0.8215,8183.42,0,0.0134,42,0,1,0,19,1,1,1,193,0,1
588.48,1019.9,0.577,567.49,0,0.0312,18,0,1,0,12,2,0,0,468,0,0
3157.34,1450.45,2.1768,3068.21,0,0.0612,36,0,2,0,5,6,2,0,522,0,1
1270.98,980.51,1.2962,1145.51,0,0.0067,76,0,0,0,4,2,0,0,637,0,0
2977.42,3698.48,0.805,2724.5,1,0.0089,50,0,0,0,1,4,0,0,279,0,0
3838.61,3129.17,1.2267,3751.36,0,0.0348,61,0,1,0,16,0,3,0,128,0,0
6346.54,8886.39,0.7142,5740.37,0,0.0165,40,0,1,0,23,0,1,1,341,0,1
959.21,1402.95,0.6837,929.56,0,0.041,3,0,1,0,11,6,0,0,697,0,0
188.7,102.56,1.8399,187.03,0,0.0029,82,0,1,1,11,1,2,0,59,0,0
665.23,744.66,0.8933,627.63,0,0.0406,7,1,1,0,21,1,1,0,182,0,0
8209.7,9132.85,0.8989,7891.53,0,0.0051,31,0,0,0,13,1,1,0,586,0,0
7397.1,6783.09,1.0905,7180.84,1,0.0645,65,1,3,0,6,0,4,0,514,0,0
3334.46,5688.9,0.5861,3256.95,2,0.0146,64,0,0,0,21,4,2,0,243,0,0
3361.54,5238.99,0.6416,3056.51,1,0.0259,77,1,2,0,13,4,0,0,228,0,0
3978.07,5474.19,0.7267,3411.95,1,0.0077,3,0,3,0,6,3,2,0,560,0,1
824.88,1154.88,0.7143,750.87,0,0.0013,35,1,1,0,8,0,0,0,518,0,0
8753.73,9159.93,0.9557,8325.35,0,0.0114,15,0,1,0,13,3,0,0,555,0,0
2049.13,3461.78,0.5919,1880.18,0,0.0204,21,0,0,0,20,2,4,0,145,0,0
1840.89,2526.5,0.7286,1771.57,1,0.0035,62,0,1,0,16,1,1,0,127,0,0
2711.01,3851.19,0.7039,2449.53,0,0.1374,83,0,2,0,16,3,4,0,335,0,0
318.37,511.42,0.6225,300.93,0,0.0274,28,0,0,1,20,5,0,0,408,0,0
786.52,616.4,1.276,690.54,1,0.0071,4,1,1,0,12,3,0,0,121,0,0
4838.39,7402.25,0.6536,4656.49,0,0.0445,13,2,4,0,17,0,1,1,701,0,1
452.5,304.68,1.4852,421.66,0,0.0202,79,0,0,0,18,1,1,0,285,0,0
3384.71,2990.32,1.1319,2980.61,1,0.0419,51,0,0,0,16,1,2,0,242,0,0
1135.25,987.5,1.1496,1014.67,0,0.016,48,0,0,0,5,4,2,0,78,0,0
1876.0,3320.4,0.565,1805.26,0,0.0561,39,0,0,0,11,3,2,0,570,0,0
1342.28,2146.51,0.6253,1238.11,1,0.0174,67,0,0,0,5,4,2,1,450,0,1
1688.42,2332.78,0.7238,1489.87,0,0.0352,58,1,1,0,2,3,2,0,470,0,0
4593.47,6512.99,0.7053,4570.92,0,0.0193,84,0,0,0,14,0,4,0,181,0,0
1384.0,1642.67,0.8425,1324.86,2,0.0762,2,0,2,0,2,0,1,0,582,1,0
3074.75,5306.79,0.5794,3054.98,0,0.0252,25,1,2,0,22,2,3,0,265,0,1
2412.26,2640.85,0.9134,2204.96,0,0.0486,11,0,0,0,14,3,1,0,716,0,0
3963.83,3697.16,1.0721,3651.74,0,0.0354,1,0,1,0,0,3,2,0,682,0,0
9816.73,6167.36,1.5917,9666.47,0,0.0126,48,1,1,0,20,1,3,0,295,0,0
4766.17,7152.53,0.6664,4426.62,0,0.0265,48,0,0,0,2,6,0,0,247,0,0
996.98,1423.91,0.7002,953.2,0,0.041,10,0,0,0,4,1,1,0,424,0,0
260.88,244.73,1.066,231.62,1,0.0391,81,0,1,0,13,6,5,0,59,0,0
1214.59,528.68,2.2974,1113.79,1,0.0165,30,0,0,0,3,4,1,1,458,0,0
3314.21,5218.54,0.6351,2878.45,0,0.0544,35,0,1,0,21,2,3,0,11,0,0
334.78,139.26,2.404,294.91,0,0.0238,19,0,0,0,8,0,0,0,347,0,0
2550.67,3533.14,0.7219,2168.43,0,0.0132,53,0,1,0,17,3,2,0,5,0,0
3329.5,5854.46,0.5687,2849.68,0,0.0132,34,0,2,0,9,4,3,0,717,1,0
1573.91,1593.94,0.9874,1568.55,1,0.0318,32,0,0,1,7,2,1,0,370,0,0
5307.77,3869.17,1.3718,4704.56,0,0.0181,76,1,1,0,12,1,1,0,458,0,0
544.52,755.15,0.7211,517.02,0,0.0673,81,0,1,0,1,2,0,1,245,0,0
423.39,653.71,0.6477,413.17,0,0.159,6,1,5,0,19,4,0,0,249,0,0
4709.27,5486.31,0.8584,4391.86,0,0.009,13,0,1,0,19,0,1,0,435,0,0
2544.6,4462.85,0.5702,2221.36,0,0.0139,86,0,1,0,6,1,3,0,420,0,0
4231.15,1998.53,2.1171,4058.59,3,0.057,75,0,0,0,10,5,4,1,105,0,0
2147.18,2376.31,0.9036,2018.43,1,0.0297,64,0,0,1,4,1,2,0,242,0,0
1140.14,1602.85,0.7113,1094.18,0,0.0106,7,0,1,0,17,0,3,0,272,0,0
6134.38,9862.22,0.622,5922.51,0,0.0525,45,0,0,0,7,6,2,0,519,0,0
5772.83,3757.87,1.5362,5751.54,1,0.0247,45,0,0,0,9,1,2,0,729,0,0
4302.57,6539.93,0.6579,4027.35,0,0.0435,85,0,1,0,1,4,2,0,44,0,0
1261.79,1481.08,0.8519,1137.18,0,0.0624,65,1,2,0,2,6,1,0,26,0,0
3272.56,3125.87,1.0469,3100.0,0,0.0323,19,1,1,0,22,1,1,1,181,0,0
1717.33,1003.61,1.7112,1477.36,0,0.0141,47,0,0,0,4,3,0,0,604,0,0
486.18,783.44,0.6206,478.7,1,0.0167,46,0,1,0,15,2,3,0,428,0,0
8874.45,5503.78,1.6124,7702.2,0,0.0257,29,0,2,0,9,6,0,0,268,0,0
664.96,554.38,1.1995,597.92,0,0.0288,84,0,1,0,10,4,0,0,580,0,1
10651.72,8585.97,1.2406,10357.33,0,0.0022,61,1,1,0,18,0,1,1,151,0,0
2217.1,3591.66,0.6173,2083.18,0,0.0249,65,0,2,0,15,4,5,0,616,0,1
866.56,1162.74,0.7453,787.74,0,0.0679,23,0,2,0,11,3,2,0,600,0,1
2882.34,4367.77,0.6599,2654.68,0,0.1371,51,0,0,0,1,6,1,0,95,0,0
7371.0,5533.08,1.3322,7210.18,0,0.0261,63,0,2,0,10,1,2,0,382,1,1
4761.63,6070.24,0.7844,4290.23,0,0.0074,22,1,2,0,21,1,4,0,515,0,0
5899.78,7082.36,0.833,5784.42,0,0.0194,71,0,0,0,0,5,1,0,720,0,0
3913.33,6128.13,0.6386,3378.07,0,0.0054,33,0,1,0,23,4,1,0,614,0,0
4274.94,7132.83,0.5993,4131.81,0,0.0084,44,0,3,0,4,1,2,0,689,0,0
6771.2,2823.72,2.398,6616.36,1,0.0311,7,1,3,0,20,1,0,1,428,0,0
1155.34,1552.35,0.7443,1013.55,1,0.0393,2,0,1,0,13,3,4,0,425,0,0
2502.76,1182.73,2.1161,2288.9,0,0.0548,17,0,0,0,17,0,2,0,199,0,0
1025.05,1197.67,0.8559,896.74,1,0.0041,65,0,1,0,6,5,2,0,8,1,1
15534.45,12469.28,1.2458,14850.79,0,0.0211,58,0,0,0,4,5,2,0,327,1,0
10242.12,8495.71,1.2056,9528.27,0,0.0307,30,0,1,0,7,5,5,0,690,0,0
290.79,260.01,1.1184,274.88,0,0.0608,86,0,1,0,20,6,0,0,594,0,1
4429.56,5624.7,0.7875,3895.68,1,0.0126,26,0,1,0,14,2,0,0,624,0,0
9227.54,8006.46,1.1525,8136.49,0,0.006,35,0,1,1,4,4,0,0,21,0,0
847.03,1207.68,0.7014,725.25,0,0.023,63,0,1,0,12,0,2,0,546,0,0
3087.21,2983.29,1.0348,2773.27,0,0.0051,75,0,0,0,18,2,2,0,255,0,0
8798.03,4361.13,2.0174,8217.02,1,0.0223,71,0,0,0,1,0,2,0,433,1,0
270.87,405.56,0.6679,265.1,0,0.0469,28,1,3,0,4,4,2,0,505,0,0
4333.94,3467.42,1.2499,4117.41,0,0.0206,25,0,1,0,4,5,0,0,27,0,0
1385.13,1393.27,0.9942,1267.82,1,0.021,61,1,1,0,5,3,0,0,520,0,1
9187.87,12492.03,0.7355,9123.26,0,0.0316,31,0,0,0,15,3,0,0,530,0,1
12548.64,10860.08,1.1555,12020.18,0,0.0341,54,0,0,0,1,3,2,0,500,0,1
10255.11,4914.45,2.0867,10147.69,0,0.0687,67,0,0,0,4,0,3,0,233,0,1
2400.01,2216.38,1.0829,2229.94,0,0.0396,51,0,0,0,14,4,2,0,396,0,0
7082.84,12198.27,0.5806,6295.48,1,0.0665,58,1,1,0,0,1,0,0,307,0,0
6665.0,8654.02,0.7702,5718.06,0,0.0776,34,1,1,0,18,1,0,0,510,0,1
1495.19,2003.66,0.7462,1433.76,0,0.0363,59,0,2,0,2,3,3,0,703,0,0
6329.59,8134.76,0.7781,5495.32,0,0.0158,21,1,2,0,18,6,0,1,424,0,0
281.98,191.35,1.4736,252.49,0,0.0655,56,0,0,0,14,0,1,0,150,0,1
3324.53,3276.88,1.0145,3091.38,1,0.0742,37,0,0,0,2,1,0,0,392,0,0
1064.82,1545.39,0.689,995.25,0,0.0626,64,1,2,0,7,0,2,1,490,0,0
599.67,324.97,1.8453,563.74,0,0.0392,19,0,0,0,14,4,1,0,668,0,0
430.26,339.47,1.2674,376.45,0,0.0163,85,0,0,0,0,6,0,0,47,0,0
4320.87,3399.86,1.2709,3918.86,0,0.0596,78,0,2,0,5,6,2,1,312,0,0
1603.64,1611.38,0.9952,1511.56,1,0.0108,74,1,1,0,21,3,1,1,139,0,0
4665.48,8269.64,0.5642,4644.36,1,0.0933,53,0,1,0,16,2,0,0,405,0,0
386.56,191.16,2.0222,370.77,0,0.02,71,0,1,0,15,3,2,0,654,0,0
1475.66,1661.86,0.888,1458.53,0,0.0084,63,0,1,0,12,2,3,1,14,0,0
2863.98,1864.77,1.5358,2761.83,0,0.0824,62,0,0,0,0,6,0,0,519,0,0
5624.34,9892.92,0.5685,5279.89,0,0.069,72,0,0,0,2,1,0,0,551,0,0
1493.4,834.25,1.7901,1312.41,0,0.0442,77,1,2,1,23,6,0,0,185,0,0
3591.23,3465.69,1.0362,3411.68,0,0.0295,19,0,1,0,5,5,1,0,115,0,0
7749.77,11105.72,0.6978,7311.96,0,0.0116,75,0,1,0,19,2,3,0,110,0,1
3498.65,4850.45,0.7213,3290.03,0,0.0577,2,0,0,1,20,5,0,0,577,1,1
1078.25,1069.43,1.0082,995.73,0,0.0105,6,0,0,0,2,0,1,0,281,0,0
236.46,209.3,1.1298,219.74,0,0.004,29,0,0,0,14,6,0,1,543,0,0
7293.44,6977.32,1.0453,6565.31,0,0.0681,41,1,2,0,14,5,1,0,86,1,1
225.25,173.44,1.2987,209.01,0,0.0586,51,0,0,0,10,2,0,0,138,0,0
7419.7,5100.79,1.4546,6526.62,1,0.0519,5,0,0,0,21,1,4,0,466,0,0
2784.67,2997.02,0.9291,2703.29,0,0.0537,41,0,0,0,5,1,2,0,77,0,0
9942.97,7715.22,1.2887,8728.6,0,0.0141,62,0,0,0,5,6,0,0,137,0,1
5761.8,4623.54,1.2462,4970.96,0,0.0299,30,0,2,0,8,3,4,0,634,0,0
21787.68,28747.94,0.7579,19945.25,0,0.0466,62,0,1,0,13,1,0,1,97,0,0
1661.58,2917.66,0.5695,1576.42,0,0.0255,27,0,0,1,10,0,0,1,531,0,0
5251.34,6538.4,0.8032,4808.43,0,0.0238,50,0,1,1,23,2,4,0,9,0,1
1949.17,989.73,1.9694,1737.71,0,0.0288,82,0,0,0,5,4,0,0,83,0,0
2437.91,1233.14,1.977,2276.34,0,0.0476,52,0,0,0,17,1,4,0,47,0,0
3606.37,6246.21,0.5774,3253.13,1,0.0209,49,1,1,0,19,5,2,0,512,1,0
7391.2,6032.75,1.2252,7316.77,0,0.0008,62,0,0,0,14,2,5,1,430,0,0
14641.39,7743.74,1.8907,14471.5,0,0.0165,60,0,0,0,21,3,2,0,90,0,0
5267.69,6524.89,0.8073,4874.49,0,0.0875,80,0,0,0,8,4,0,0,513,0,0
2043.09,2601.07,0.7855,1837.11,0,0.0532,54,0,1,0,10,3,3,0,674,0,0
2064.74,2700.49,0.7646,1983.33,0,0.0845,5,0,0,0,1,0,0,0,665,0,0
4832.36,3742.0,1.2914,4134.12,0,0.0311,9,0,0,0,5,3,2,0,414,0,0
1104.9,465.33,2.3744,1017.85,0,0.0074,34,0,1,0,22,2,1,1,513,0,0
559.73,980.1,0.5711,504.01,2,0.0199,36,0,1,0,13,4,2,0,658,1,1
1682.72,1264.14,1.3311,1662.66,0,0.0295,20,0,1,0,13,6,2,0,673,0,1
1335.13,1797.67,0.7427,1137.26,0,0.0473,81,2,2,0,23,3,3,0,647,0,0
1379.95,1917.14,0.7198,1287.39,0,0.0888,84,0,1,0,12,3,3,0,77,0,0
1081.21,1355.85,0.7974,1039.15,0,0.0866,85,0,1,0,4,6,3,0,81,0,0
300.52,251.86,1.1932,277.31,0,0.018,83,1,1,1,8,5,1,1,554,0,0
213.12,166.13,1.2829,183.88,1,0.0304,63,0,3,0,10,5,4,0,636,0,0
15549.92,19231.14,0.8086,15485.69,0,0.0418,67,0,0,0,6,0,2,0,202,0,0
2103.77,3392.4,0.6201,1951.67,0,0.0246,30,1,1,0,1,6,3,0,447,0,0
1847.64,3187.97,0.5796,1740.71,1,0.0138,69,0,3,0,23,6,5,0,107,0,0
4134.16,2266.63,1.8239,3660.76,0,0.0194,70,0,2,0,11,2,0,0,292,0,0
1011.79,624.03,1.6214,933.4,0,0.0614,3,0,1,0,4,3,1,0,686,0,1
10632.35,18315.61,0.5805,9721.93,1,0.0288,49,0,2,0,23,2,3,0,312,0,0
5551.87,7945.55,0.6987,4781.46,1,0.028,42,0,1,1,1,1,0,0,599,1,0
477.82,781.8,0.6112,413.76,0,0.0332,24,0,2,0,13,0,1,0,517,1,0
2041.98,1396.07,1.4627,1992.2,0,0.0184,44,1,2,0,6,5,3,0,684,1,0
7545.3,9225.04,0.8179,6684.93,0,0.1061,1,0,0,0,4,6,0,0,633,0,1
10284.47,14208.98,0.7238,9042.56,0,0.0412,54,0,1,0,3,0,4,0,668,0,0
2354.96,3184.27,0.7396,2180.07,1,0.0212,52,0,1,0,9,0,5,0,599,1,0
3476.38,3377.0,1.0294,3355.79,0,0.0152,36,2,3,0,15,2,0,0,426,1,1
789.67,332.89,2.3722,678.56,0,0.0223,79,0,2,0,5,6,2,1,610,0,0
16703.06,20312.53,0.8223,15642.77,0,0.0137,38,0,1,0,20,5,0,0,415,0,0
1072.38,808.94,1.3257,930.7,0,0.0159,44,0,1,0,5,5,2,0,135,0,0
10160.03,10468.45,0.9705,8691.59,0,0.0438,82,0,1,0,8,3,1,0,519,1,1
3820.85,6650.62,0.5745,3277.95,1,0.0219,87,0,0,0,0,3,3,0,364,0,0
3425.38,3283.74,1.0431,3340.17,1,0.0153,47,1,2,0,15,2,0,0,384,0,1
2665.98,4200.84,0.6346,2313.26,1,0.0502,29,0,0,0,16,2,2,0,32,0,0
1067.82,708.99,1.5061,914.88,0,0.0099,51,0,1,0,12,1,2,0,540,0,0
829.79,1113.12,0.7455,759.83,0,0.015,41,0,0,0,5,4,0,0,487,0,0
1021.8,1806.35,0.5657,997.89,0,0.0187,86,0,1,0,1,4,3,1,365,0,0
872.17,473.28,1.8428,775.67,1,0.0822,64,0,1,0,7,0,5,0,264,0,0
5442.84,2240.53,2.4293,4970.71,0,0.0377,88,1,1,0,22,3,2,0,142,0,0
1658.41,1670.05,0.993,1419.58,1,0.0345,48,0,2,0,21,5,2,0,30,0,1
358.54,189.91,1.8879,328.91,0,0.002,77,0,0,0,3,6,1,0,130,0,0
12319.79,17835.83,0.6907,11539.23,0,0.0107,22,1,1,0,8,0,2,0,70,0,0
7683.12,12910.47,0.5951,7188.6,1,0.0356,17,0,0,0,22,6,0,0,119,0,0
9346.79,9418.1,0.9924,8410.84,0,0.0103,86,0,1,0,6,5,1,0,327,0,0
18630.17,14199.85,1.312,16717.41,0,0.038,5,0,0,0,20,3,2,0,70,0,0
818.62,825.3,0.9919,708.92,1,0.0493,61,1,2,0,0,3,2,0,208,1,1
1916.04,2707.03,0.7078,1734.05,0,0.0145,89,0,0,0,13,1,0,0,91,0,0
5119.31,2112.62,2.4232,4427.82,0,0.0152,6,0,1,0,1,2,0,0,120,0,0
4317.78,5290.3,0.8162,4166.61,3,0.003,53,0,0,0,7,6,2,0,207,0,0
734.9,924.95,0.7945,731.18,0,0.0155,81,0,1,0,10,2,0,0,406,0,0
6071.7,7849.27,0.7735,6044.45,0,0.0403,17,0,1,0,4,2,1,1,547,1,1
1039.6,768.09,1.3535,1018.56,1,0.012,59,0,0,1,17,4,0,0,124,0,1
1036.79,1451.17,0.7145,974.71,0,0.004,39,1,2,0,11,2,1,0,112,0,0
2844.91,1501.96,1.8941,2717.26,1,0.0224,54,0,1,0,20,4,5,0,207,0,0
3295.78,2237.76,1.4728,2942.41,0,0.0165,48,0,0,0,23,5,3,0,614,0,0
3186.97,5189.85,0.6141,3010.46,0,0.089,37,0,0,0,19,0,0,1,386,0,0
485.81,696.75,0.6973,446.14,0,0.007,48,0,1,0,18,6,1,0,706,1,0
7497.64,3143.34,2.3852,6915.09,1,0.0256,68,1,5,0,4,4,4,0,147,0,0
1230.46,920.05,1.3374,1185.75,0,0.0395,78,0,0,0,6,3,4,0,132,0,1
635.47,444.94,1.4282,567.02,0,0.0201,77,0,0,0,1,1,0,0,104,0,0
7835.85,6105.14,1.2835,7034.29,0,0.053,27,0,0,0,16,6,3,0,553,0,0
11054.87,8253.39,1.3394,10929.91,0,0.0619,88,1,1,0,12,1,0,0,568,0,0
7084.99,3454.19,2.0511,6081.99,0,0.021,27,0,0,0,10,3,1,0,242,0,0
5953.66,6206.79,0.9592,5494.31,0,0.032,72,0,0,0,4,5,0,0,639,0,0
3877.19,5528.2,0.7013,3826.48,0,0.0299,63,0,0,0,12,6,5,1,662,0,0
2951.45,3687.61,0.8004,2778.95,0,0.0078,52,0,0,1,22,0,2,0,331,1,0
468.52,628.76,0.7451,436.64,0,0.0248,47,1,1,0,12,1,0,0,149,0,0
1987.55,1020.82,1.947,1763.87,1,0.0284,21,0,0,0,7,6,2,0,169,0,0
1782.09,3086.73,0.5773,1606.54,1,0.0204,57,0,0,0,10,3,0,1,557,0,0
1202.7,1892.92,0.6354,1176.01,0,0.0349,75,0,0,0,7,1,0,0,84,0,0
4648.39,7098.68,0.6548,4341.05,0,0.0348,42,0,1,0,9,4,1,0,520,0,0
2547.26,3953.8,0.6443,2361.85,0,0.0276,48,0,1,0,10,5,2,0,107,0,0
445.82,760.48,0.5862,385.61,0,0.0527,27,0,0,0,0,1,0,0,265,0,0
1020.44,1185.71,0.8606,869.83,0,0.0161,72,0,1,0,6,5,1,0,658,0,0
4173.85,2839.87,1.4697,4151.11,1,0.0736,33,1,1,0,7,5,1,0,31,1,1
427.15,539.7,0.7915,387.23,0,0.0315,76,1,4,0,5,4,2,0,547,0,0
6818.2,9818.44,0.6944,6412.39,1,0.021,35,0,0,0,13,6,0,0,247,0,0
2542.2,3643.19,0.6978,2191.27,1,0.0242,16,1,1,0,19,5,0,0,530,0,0
2442.69,2760.31,0.8849,2326.58,1,0.0116,36,0,1,1,6,4,0,0,24,0,0
3291.21,1631.92,2.0168,3257.92,0,0.0108,66,0,0,0,2,1,1,0,498,0,0
6244.02,5741.74,1.0875,5846.59,0,0.0029,76,0,1,0,1,1,2,0,304,1,1
1645.96,2780.15,0.592,1430.2,0,0.0516,56,0,0,0,21,5,4,0,398,0,0
4116.39,5014.7,0.8209,3858.12,0,0.0761,17,0,3,0,17,4,0,0,403,0,0
3069.33,3540.98,0.8668,2961.76,0,0.0405,20,1,1,0,21,1,2,0,316,0,0
1237.27,960.61,1.288,1127.11,0,0.0624,85,0,0,0,2,5,0,0,278,1,1
7531.19,6897.28,1.0919,7395.45,0,0.0085,84,0,1,0,13,6,0,1,542,0,1
5738.28,9488.16,0.6048,5435.89,1,0.0122,8,0,1,1,17,0,1,0,143,0,1
3909.93,5212.13,0.7502,3850.84,0,0.0476,18,0,0,0,12,2,2,0,410,0,1
6803.52,10221.21,0.6656,6419.3,0,0.0145,18,1,2,0,7,6,3,0,356,0,0
7218.67,7479.15,0.9652,6278.03,1,0.093,18,0,0,0,3,6,2,0,524,0,0
4462.86,5722.93,0.7798,4000.75,2,0.0547,2,2,3,0,14,2,0,0,203,1,0
6499.3,4859.77,1.3374,5721.13,1,0.0128,76,0,2,0,11,3,2,0,250,1,0
4334.53,6014.79,0.7206,4275.25,0,0.002,72,0,0,0,13,5,3,0,103,0,1
4139.56,4133.94,1.0014,3990.78,0,0.0689,51,1,1,0,19,2,1,0,468,0,1
3523.78,3592.72,0.9808,3352.73,0,0.0704,10,0,0,0,6,0,5,0,35,0,1
5040.27,6597.97,0.7639,4511.77,1,0.0072,75,0,1,0,23,5,0,0,324,0,0
754.43,1290.67,0.5845,662.09,0,0.0127,14,0,0,0,11,2,3,0,532,0,0
7596.41,3719.27,2.0424,7318.9,0,0.0054,26,1,2,0,8,2,0,1,559,0,0
7340.76,11412.24,0.6432,6761.75,1,0.0424,47,1,1,0,9,0,2,0,596,0,1
253.89,205.48,1.2356,224.41,1,0.031,30,1,2,0,7,4,2,0,268,0,0
6266.77,6401.43,0.979,5906.39,0,0.081,56,0,0,0,19,2,0,0,53,0,0
632.87,272.56,2.3219,541.77,0,0.0357,42,1,2,0,1,6,5,0,18,0,0
1578.51,1296.69,1.2173,1418.96,0,0.0284,4,0,0,0,15,3,0,0,104,0,1
4912.31,5421.64,0.9061,4520.72,0,0.0078,11,0,2,0,20,6,0,0,152,0,1
763.4,365.4,2.0892,665.83,1,0.002,24,0,1,0,22,2,4,0,677,0,0
6112.49,6647.54,0.9195,6098.42,1,0.0052,86,1,3,0,17,2,0,0,414,1,1
6396.07,10860.24,0.5889,5637.27,0,0.0165,67,1,1,0,19,0,1,0,84,0,0
2628.68,1439.34,1.8263,2285.78,0,0.0224,37,0,0,0,21,0,2,1,308,0,1
172.42,253.49,0.6802,151.82,1,0.023,2,0,0,0,23,5,2,0,151,0,0
1334.15,1298.85,1.0272,1287.93,1,0.0571,12,0,0,0,9,3,5,0,549,0,0
3508.35,4621.35,0.7592,3206.02,1,0.0517,21,0,0,0,5,1,2,0,379,0,1
14056.07,10743.49,1.3083,13139.79,0,0.0706,69,1,7,0,5,0,3,0,458,0,0
3647.08,2273.19,1.6044,3111.51,1,0.0079,71,0,0,0,21,1,4,0,353,0,0
1202.94,751.41,1.6009,1028.71,0,0.0633,64,0,0,0,19,3,2,0,664,0,1
3667.98,1829.18,2.0053,3363.07,0,0.0622,68,0,0,0,12,2,0,0,376,0,0
2867.74,1892.44,1.5154,2788.87,0,0.0622,43,0,1,0,18,5,2,0,208,0,1
5446.99,7243.99,0.7519,5353.22,1,0.0004,54,0,0,0,16,2,0,0,562,0,0
546.01,892.38,0.6119,471.21,0,0.018,62,0,0,0,1,6,0,0,460,0,1
5159.93,7945.14,0.6494,4802.63,0,0.0065,86,1,1,0,17,5,2,0,404,0,1
2877.5,3911.06,0.7357,2840.05,0,0.0305,73,0,1,0,6,1,5,0,559,1,0
11688.17,6482.31,1.8031,10615.15,0,0.0274,12,1,1,0,13,6,1,0,530,0,0
1614.25,1299.25,1.2424,1572.98,0,0.018,1,1,2,0,21,3,0,0,485,0,0
3654.77,3047.09,1.1994,3179.85,0,0.0557,72,0,1,0,14,3,1,0,122,0,0
9560.31,7169.66,1.3334,9467.66,0,0.0267,33,0,0,0,7,0,1,0,120,0,0
528.54,592.5,0.8921,508.83,1,0.0151,64,0,0,0,8,1,1,0,251,0,0
9838.89,11312.51,0.8697,9752.31,0,0.0357,68,0,1,0,20,5,2,0,299,1,1
4225.35,3801.3,1.1116,4020.39,0,0.0028,14,0,0,0,10,0,0,0,47,0,0
395.87,354.42,1.117,358.07,0,0.0184,14,0,0,0,2,1,1,0,597,0,0
1403.18,2188.93,0.641,1390.17,2,0.0642,9,0,1,0,19,6,3,0,299,0,0
4460.57,6713.2,0.6644,3975.86,1,0.0702,73,0,0,0,13,0,2,0,672,0,0
394.04,327.41,1.2035,354.57,0,0.0405,26,1,2,0,7,0,0,0,519,0,1
3204.39,5381.14,0.5955,3060.58,1,0.0558,49,0,0,0,2,3,1,0,245,1,1
1635.64,2836.1,0.5767,1578.06,0,0.0332,17,1,1,0,17,3,0,0,727,0,0
3544.99,3039.61,1.1663,3507.45,1,0.0454,68,0,0,0,22,2,5,0,724,0,0
313.87,281.29,1.1158,276.43,2,0.0306,60,0,1,0,13,2,0,0,724,0,0
7332.39,8123.47,0.9026,7110.22,0,0.0763,3,1,2,0,19,3,4,0,218,0,0
12855.68,22080.52,0.5822,12351.5,0,0.0199,25,0,0,0,7,3,3,0,344,0,0
12294.42,20001.14,0.6147,10567.9,1,0.036,21,0,0,0,16,6,2,0,314,0,0
4997.16,2716.43,1.8396,4537.84,0,0.0227,12,0,1,0,7,0,0,0,693,1,1
637.76,605.76,1.0528,569.15,0,0.0288,54,0,0,0,4,2,3,1,604,1,0
5119.67,6014.18,0.8513,4585.55,0,0.0175,1,0,2,1,11,3,0,0,290,0,0
237.13,261.88,0.9055,236.52,0,0.0677,1,0,0,0,1,1,0,0,602,0,0
228.3,153.28,1.4894,216.07,0,0.0311,45,0,0,0,16,1,0,0,197,0,0
1518.45,2433.08,0.6241,1454.15,0,0.0669,46,0,1,0,12,2,2,0,696,0,0
2497.41,3365.8,0.742,2488.65,0,0.0093,48,0,1,0,21,1,0,1,578,0,1
5300.07,8337.39,0.6357,4804.94,0,0.0174,7,0,0,0,13,5,5,0,416,0,0
4174.25,6688.28,0.6241,4050.17,0,0.0191,10,0,0,0,8,0,0,0,610,1,1
2216.45,3208.75,0.6908,2028.45,0,0.0299,15,0,0,0,8,2,3,0,306,0,0
1268.92,1287.82,0.9853,1244.09,1,0.0289,40,1,1,0,8,5,0,0,478,0,0
20630.35,25886.25,0.797,18094.85,0,0.0995,11,0,0,0,19,3,1,1,536,0,1
2094.05,1307.76,1.6012,2077.62,0,0.0109,56,0,0,0,5,6,0,0,220,0,0
2251.27,3023.69,0.7445,1987.46,0,0.0405,46,0,1,0,11,6,5,0,686,0,0
775.37,504.73,1.5362,697.01,0,0.0937,45,0,1,0,9,5,0,0,626,0,1
5693.36,7808.61,0.7291,5485.15,0,0.1115,87,0,1,0,21,1,2,0,354,0,1
4290.96,3095.66,1.3861,3900.75,0,0.0148,13,0,1,0,4,0,0,0,235,0,0
1023.07,577.6,1.7712,962.95,1,0.0085,27,0,1,0,17,3,3,0,306,1,0
450.91,284.7,1.5838,413.34,1,0.0484,81,0,0,0,6,4,0,0,110,0,0
4143.49,1668.95,2.4827,3983.37,0,0.0029,50,0,1,0,12,0,0,0,314,1,0
3869.78,5441.82,0.7111,3421.85,0,0.0204,61,2,2,0,0,1,2,0,13,0,1
1267.15,1806.15,0.7016,1088.19,0,0.0307,13,0,0,0,5,0,0,0,637,0,0
10696.04,11989.26,0.8921,9572.84,0,0.0094,12,1,2,0,20,6,1,1,167,0,0
723.17,452.64,1.5977,666.15,0,0.0239,29,1,1,0,20,4,0,0,53,0,0
2131.78,1102.08,1.9343,1865.74,1,0.0266,85,0,0,0,7,4,2,0,186,0,0
10214.49,4359.35,2.3431,9225.93,0,0.0251,84,2,2,0,8,0,1,0,276,1,1
2054.9,1298.79,1.5822,1869.95,0,0.049,20,1,1,0,6,6,0,1,447,0,1
3711.48,6113.54,0.6071,3186.71,0,0.0319,31,0,0,0,9,3,2,0,352,0,0
1923.89,1420.12,1.3547,1803.64,1,0.0329,8,0,0,0,7,6,0,0,10,1,1
1271.76,1139.47,1.1161,1249.7,0,0.026,24,0,1,0,1,5,2,0,410,0,0
14618.2,8003.23,1.8265,12758.2,1,0.0327,75,0,0,0,17,3,2,0,147,0,0
1992.77,1417.47,1.4059,1872.55,1,0.0053,39,1,1,1,14,4,4,1,477,0,0
8008.38,9024.76,0.8874,7605.65,0,0.0346,33,1,1,0,23,2,0,1,630,0,0
1064.57,1331.62,0.7995,971.85,0,0.0256,42,0,0,0,5,2,2,0,428,0,0
988.81,735.17,1.345,944.48,2,0.0158,15,0,0,0,23,3,1,0,488,0,0
260.7,125.35,2.0798,237.66,0,0.0162,68,0,1,0,13,2,1,0,530,1,1
3841.09,3639.23,1.0555,3555.68,1,0.0048,65,0,0,0,21,3,1,0,377,0,0
1758.95,1280.31,1.3738,1497.05,0,0.0378,32,0,1,0,23,1,0,0,112,0,1
7142.08,5052.13,1.4137,6811.82,0,0.0244,11,0,1,0,17,3,1,0,584,0,0
2393.34,4173.53,0.5735,2271.76,0,0.0742,37,0,0,0,23,1,2,0,656,0,0
12218.29,15429.51,0.7919,10455.93,1,0.0287,19,0,2,0,2,5,1,0,616,0,0
868.24,1024.2,0.8477,785.96,0,0.0523,51,0,3,0,0,4,0,0,215,0,0
7253.9,7123.95,1.0182,7231.08,0,0.063,34,0,1,0,22,2,0,0,510,0,0
5395.72,5398.54,0.9995,4926.89,1,0.02,71,1,1,0,0,5,1,0,511,0,0
5307.92,6142.68,0.8641,4911.37,1,0.0509,60,3,3,0,13,5,1,0,589,0,0
6670.26,9171.62,0.7273,6580.14,0,0.0256,84,1,1,0,0,6,0,0,26,0,0
5159.87,7136.12,0.7231,4941.04,1,0.0201,53,0,1,0,0,6,1,0,193,0,0
3594.31,2301.69,1.5616,3368.98,0,0.0181,12,1,2,0,3,4,2,1,103,0,0
642.43,706.77,0.909,622.95,1,0.0117,62,1,1,0,11,0,0,0,205,0,0
265.73,259.55,1.0238,260.32,0,0.0254,66,0,0,0,14,0,2,0,411,0,0
9027.34,14612.9,0.6178,8291.91,2,0.0157,86,0,0,0,3,5,5,0,51,0,0
3505.83,4501.44,0.7788,3229.8,0,0.0092,48,0,1,0,9,5,0,0,131,0,0
5722.95,6555.67,0.873,5195.91,0,0.0182,40,0,0,0,10,6,0,0,343,0,0
2449.0,1375.24,1.7808,2436.77,0,0.0289,24,0,0,0,5,4,1,0,578,0,0
586.73,732.18,0.8013,560.08,0,0.0169,50,0,0,0,9,3,0,0,400,0,0
618.1,348.66,1.7728,533.1,1,0.0215,68,0,0,0,11,3,2,0,202,0,0
4199.43,3662.28,1.1467,4113.11,1,0.0115,88,0,0,0,2,2,0,0,300,0,0
2119.3,1271.53,1.6667,1954.17,0,0.0186,43,0,0,0,14,4,0,1,146,0,0
933.3,1277.6,0.7305,802.93,0,0.0036,17,0,0,0,15,0,0,0,462,0,0
2517.67,1734.05,1.4519,2347.62,0,0.013,83,0,0,0,9,4,0,0,504,0,0
382.27,362.62,1.0542,348.85,0,0.0222,55,0,1,0,21,4,0,0,616,0,0
3202.72,5297.12,0.6046,3143.99,1,0.0214,34,0,0,0,22,6,0,0,151,0,1
1246.66,855.26,1.4576,1097.81,1,0.0333,70,0,1,0,10,2,0,0,630,0,0
5740.58,6377.37,0.9001,5591.15,1,0.0011,60,0,2,0,15,3,2,0,316,0,0
1450.56,1431.67,1.0132,1354.32,1,0.0611,51,0,0,0,16,5,0,0,199,0,0
2275.81,968.07,2.3509,1953.08,2,0.0327,77,0,0,0,13,0,3,0,429,0,0
190.91,288.25,0.6623,190.1,0,0.0369,73,0,1,0,15,2,0,0,303,0,0
413.22,205.23,2.0134,383.01,0,0.0117,35,0,1,0,13,0,0,0,498,0,0
1894.37,2015.53,0.9399,1692.87,1,0.0348,34,0,0,0,5,0,0,0,105,0,0
2438.33,2889.3,0.8439,2244.27,0,0.0529,16,0,0,0,9,3,2,0,10,0,0
3357.2,4296.53,0.7814,3285.62,0,0.0273,82,0,0,0,16,5,1,1,625,1,0
1356.92,1850.95,0.7331,1215.44,0,0.0135,18,0,0,0,22,5,0,0,27,1,1
4305.84,3249.11,1.3252,3784.41,1,0.007,38,0,0,1,9,6,0,0,611,0,0
7034.46,2912.06,2.4156,6115.48,0,0.0187,43,1,1,0,20,3,5,1,327,0,0
5447.08,7695.75,0.7078,4873.39,1,0.0333,32,0,2,0,9,2,3,0,495,0,0
291.49,335.19,0.8696,281.87,0,0.0088,7,1,2,0,13,1,0,0,648,0,0
2442.16,3835.57,0.6367,2248.6,0,0.0263,87,1,1,0,19,2,1,0,127,0,0
537.99,833.85,0.6452,475.65,0,0.0728,87,1,1,0,16,2,1,0,116,0,0
1119.96,1770.27,0.6326,979.88,0,0.0077,46,0,0,0,8,1,0,0,171,0,0
15260.14,16467.71,0.9267,13732.74,1,0.0012,61,0,2,0,14,0,2,0,212,0,1
688.05,596.59,1.1533,681.85,0,0.0123,18,1,1,0,6,4,2,0,189,0,0
2568.24,3873.37,0.6631,2315.15,0,0.016,71,0,0,0,1,1,1,0,490,1,1
3519.6,3631.56,0.9692,3513.33,0,0.0288,40,0,0,0,3,4,3,0,387,0,0
4392.78,2885.26,1.5225,4053.59,1,0.0615,88,0,1,1,19,0,1,0,726,0,1
3020.64,4823.85,0.6262,2648.72,0,0.058,78,0,1,0,23,1,0,0,601,0,0
184.37,301.55,0.6114,181.36,0,0.0423,50,0,0,0,17,3,0,0,130,0,0
1533.23,1614.24,0.9498,1409.12,1,0.0576,5,0,2,0,10,2,1,1,23,0,0
2702.25,1367.28,1.9764,2584.57,0,0.0694,54,1,1,0,4,1,0,0,179,0,0
471.89,444.97,1.0605,470.74,0,0.0286,86,0,1,0,7,1,2,0,401,0,1
1661.12,2533.13,0.6558,1424.45,1,0.0004,58,1,1,0,21,0,0,0,505,0,0
268.18,445.84,0.6015,231.84,2,0.0408,22,0,0,0,19,3,0,0,411,1,0
436.43,298.89,1.4602,418.13,0,0.0704,74,2,3,0,4,1,4,0,532,0,0
1919.99,948.02,2.0253,1713.16,0,0.0168,79,0,1,0,1,3,5,0,329,0,0
648.36,1055.72,0.6141,569.03,0,0.0198,38,1,3,0,4,4,2,0,471,0,1
3083.94,2914.84,1.058,2639.56,1,0.0484,49,0,0,0,2,1,2,0,420,0,1
4243.1,4915.48,0.8632,3620.54,0,0.0156,1,0,0,0,11,3,2,0,412,0,0
5793.32,10168.97,0.5697,5597.35,0,0.0127,78,2,2,0,18,2,2,0,29,0,0
931.66,459.49,2.0276,810.7,0,0.0371,36,0,2,0,6,0,0,0,245,0,0
791.55,1035.07,0.7647,728.35,0,0.0131,28,0,0,0,18,5,1,0,632,0,1
536.57,270.3,1.9851,504.85,1,0.0764,35,0,0,0,3,3,1,0,544,0,0
3691.24,3416.82,1.0803,3374.73,1,0.034,60,1,1,0,22,0,1,0,652,0,0
4440.28,6772.94,0.6556,3792.29,0,0.0469,62,0,0,0,13,5,0,0,670,0,0
262.34,264.14,0.9932,253.82,0,0.0286,87,1,2,1,18,1,2,0,60,0,0
9782.68,17570.23,0.5568,8330.71,0,0.0504,46,1,2,0,17,1,0,0,139,0,0
336.8,398.33,0.8455,324.77,0,0.0092,83,0,0,0,6,4,0,0,357,0,0
2877.73,2445.0,1.177,2831.67,2,0.009,82,0,1,0,14,0,0,0,212,0,1
4471.24,3166.33,1.4121,4090.85,0,0.0352,79,1,1,1,20,2,0,0,139,0,1
7316.96,6517.43,1.1227,6807.2,0,0.0223,61,0,0,0,0,6,3,0,368,0,0
4532.24,4176.67,1.0851,4176.67,1,0.0285,65,0,2,0,11,2,2,0,623,0,0
5813.41,2884.61,2.0153,5280.79,1,0.0465,89,1,1,0,23,3,3,0,486,0,0
1601.39,1469.12,1.09,1574.35,0,0.0202,26,0,1,0,18,2,1,0,493,0,0
6052.59,6354.82,0.9524,5956.29,1,0.0087,35,0,0,0,22,5,1,0,336,0,0
442.27,624.41,0.7083,398.21,0,0.0032,57,1,3,0,5,0,2,0,611,0,0
8032.18,10597.83,0.7579,7568.41,0,0.0101,79,0,1,0,12,1,1,0,178,0,0
2926.1,4073.93,0.7182,2894.02,0,0.0854,63,1,1,0,5,0,1,0,513,0,1
6099.64,2511.28,2.4289,6064.93,0,0.0137,4,0,0,0,12,0,1,0,601,0,0
2257.21,1590.73,1.419,2090.95,0,0.0023,79,0,1,0,14,1,5,0,113,0,0
3760.74,4988.09,0.7539,3452.07,1,0.061,42,1,2,0,15,5,4,0,283,0,1
2765.89,2980.48,0.928,2466.63,1,0.0027,45,0,1,0,7,0,0,0,116,0,0
4753.33,1936.69,2.4544,4724.01,0,0.0011,39,0,0,0,12,2,0,0,544,0,0
448.04,683.84,0.6552,390.43,0,0.0151,65,0,1,0,12,3,2,0,41,0,0
367.88,545.17,0.6748,344.69,0,0.0447,22,1,1,0,19,6,0,0,167,1,1
1143.4,1335.25,0.8563,1020.35,0,0.0694,11,0,0,0,19,3,0,0,221,0,0
758.34,373.9,2.0282,676.33,1,0.0021,37,0,0,0,11,0,0,0,726,0,1
7339.12,10811.41,0.6788,6684.07,0,0.0077,51,0,0,0,18,5,1,1,313,0,0
1016.09,1236.78,0.8216,1015.91,0,0.0655,58,1,2,0,16,1,1,1,346,0,0
13184.36,19707.24,0.669,11315.41,1,0.0255,77,0,0,0,2,4,1,0,471,0,0
1587.88,2306.31,0.6885,1487.5,0,0.0464,7,0,0,0,14,5,5,1,131,0,1
853.63,1301.11,0.6561,736.16,0,0.0219,8,0,0,1,16,0,1,0,48,0,0
5607.25,6309.34,0.8887,4896.13,0,0.014,51,0,1,0,5,0,0,0,134,0,0
3912.56,2333.66,1.6766,3583.65,0,0.0523,23,1,1,0,23,4,2,1,519,0,1
2563.41,3434.0,0.7465,2375.18,0,0.0089,9,0,0,0,18,3,0,0,556,0,0
2986.74,3789.17,0.7882,2654.67,0,0.0028,46,1,1,0,11,5,4,0,317,0,0
4595.42,6613.52,0.6949,4124.25,0,0.0192,38,0,1,0,3,3,0,1,438,0,0
1057.76,674.67,1.5678,912.89,0,0.042,13,0,0,0,20,6,5,0,435,0,0
19780.21,13311.39,1.486,17712.84,0,0.0192,7,1,1,0,22,4,1,0,86,0,0
13032.24,21458.54,0.6073,12966.87,2,0.0289,11,0,2,0,11,1,3,1,48,0,0
3827.64,5549.96,0.6897,3795.89,0,0.0302,74,1,1,1,21,6,2,1,490,0,0
929.0,1552.84,0.5983,836.32,0,0.0081,50,0,1,0,1,0,4,0,424,0,0
4140.52,6054.27,0.6839,3873.99,0,0.0498,67,0,1,0,6,2,2,0,387,0,0
412.28,509.59,0.809,406.69,1,0.0152,41,0,0,0,15,3,2,0,240,0,0
258.96,340.74,0.76,220.36,2,0.0798,29,0,1,0,23,3,2,0,664,0,1
1192.93,1962.11,0.608,1159.05,0,0.0341,37,0,2,0,11,5,2,0,451,0,1
2323.69,2812.43,0.8262,2305.69,0,0.0844,56,0,2,0,15,6,4,1,258,0,0
7244.57,9311.79,0.778,6257.13,0,0.0369,80,0,0,0,13,6,0,0,44,0,0
4696.16,2907.24,1.6153,4105.46,0,0.008,16,0,0,0,0,3,0,0,168,0,0
4901.38,5212.57,0.9403,4872.52,0,0.1483,44,0,0,0,21,1,0,0,191,0,0
2089.85,2931.97,0.7128,1944.88,1,0.0147,50,0,1,0,8,4,1,0,664,1,0
1635.92,1274.9,1.2832,1394.02,0,0.0195,71,0,0,0,6,1,3,0,562,0,0
1772.9,1211.17,1.4638,1575.48,0,0.0037,79,0,1,0,4,3,0,0,276,0,0
15529.22,13034.57,1.1914,14247.93,1,0.0386,6,1,2,0,9,5,1,0,369,0,0
293.28,216.47,1.3548,279.77,1,0.0397,18,0,0,0,9,0,2,0,306,0,0
7211.75,5054.55,1.4268,6923.09,0,0.0395,19,1,1,1,17,3,3,0,607,0,0
3175.23,3158.69,1.0052,3173.05,0,0.0229,51,0,0,0,6,0,2,0,105,0,0
2170.72,3627.22,0.5985,1938.73,0,0.0119,66,0,1,0,17,5,0,0,421,0,0
4671.73,5185.08,0.901,4348.13,1,0.0195,3,0,0,0,12,0,5,0,349,0,0
2483.92,1647.06,1.5081,2310.04,1,0.1241,89,0,0,0,10,3,0,0,650,1,1
7384.17,3749.39,1.9694,6725.85,0,0.0423,54,0,1,0,9,3,2,0,319,0,1
8233.7,11318.2,0.7275,7207.57,0,0.012,49,0,1,0,21,0,0,0,420,0,0
2066.95,1934.5,1.0685,2059.96,0,0.0754,28,0,1,0,8,1,0,0,695,0,0
1284.38,1991.51,0.6449,1256.12,1,0.0435,38,1,1,0,14,1,4,0,57,0,1
3290.71,4354.65,0.7557,3043.08,0,0.0385,28,0,0,0,13,5,2,0,240,0,0
8670.95,13134.22,0.6602,8154.91,0,0.0033,32,0,1,1,2,1,1,0,427,0,0
977.96,763.52,1.2809,864.6,0,0.0091,41,0,3,0,23,6,2,0,617,1,1
3563.98,4880.17,0.7303,3320.09,0,0.0267,36,0,1,0,13,2,1,0,577,0,0
3644.67,2805.25,1.2992,3477.91,0,0.0439,36,0,0,0,20,0,0,0,140,0,1
4773.26,8184.69,0.5832,4426.12,0,0.0311,87,1,1,0,15,2,2,0,62,0,0
643.73,831.01,0.7746,642.79,0,0.105,66,0,0,0,22,2,2,0,152,0,0
4553.58,3890.2,1.1705,4288.11,0,0.0395,10,0,0,0,2,6,4,0,130,0,0
8540.39,6638.59,1.2865,7734.57,0,0.0195,70,0,2,0,7,0,1,0,431,0,0
843.23,562.69,1.4986,814.41,0,0.0691,72,0,0,0,1,2,2,0,638,0,0
1099.23,1508.69,0.7286,962.45,0,0.0116,79,0,0,0,23,5,1,0,440,0,0
12589.62,8890.81,1.416,11427.31,0,0.029,63,0,2,0,1,5,0,0,212,0,0
848.75,1046.87,0.8108,765.61,1,0.038,22,0,1,0,22,0,1,1,400,0,0
6893.76,5311.57,1.2979,6306.21,0,0.0259,20,0,1,0,17,4,4,0,674,0,0
2522.37,3346.57,0.7537,2439.81,0,0.0237,33,1,1,0,6,4,0,0,717,0,0
1143.99,1762.79,0.649,1055.47,0,0.0312,15,0,1,0,16,6,0,0,541,0,0
7311.02,10887.83,0.6715,7085.13,1,0.0058,7,0,1,0,5,0,2,1,182,1,1
2212.68,3242.0,0.6825,2072.12,2,0.0208,88,0,0,0,9,0,0,0,51,0,0
2681.3,1777.2,1.5087,2416.68,0,0.0088,50,1,1,0,6,0,4,0,526,0,0
1707.81,894.45,1.9093,1659.13,0,0.0151,10,1,1,0,3,1,0,0,350,0,0
3295.87,4543.45,0.7254,2919.3,0,0.0091,79,1,2,1,10,0,2,0,58,0,0
774.95,709.61,1.0921,684.79,0,0.1381,37,0,1,0,15,5,1,0,419,0,0
1886.25,1896.22,0.9947,1746.06,0,0.0236,59,0,0,0,16,5,0,0,137,0,0
12355.05,5480.81,2.2542,10985.21,0,0.014,88,0,0,0,5,3,3,0,640,0,0
1195.05,912.31,1.3099,1017.42,0,0.0234,75,0,1,0,19,4,2,0,37,0,0
3892.4,1740.47,2.2364,3687.05,0,0.0027,63,0,1,0,18,4,0,0,494,0,0
1526.63,2489.72,0.6132,1414.67,1,0.0294,21,0,0,0,19,6,0,1,359,0,1
5347.12,3960.91,1.35,4902.39,1,0.045,79,0,1,0,21,0,1,0,85,1,0
640.93,756.47,0.8473,637.75,0,0.1149,79,0,0,0,20,4,0,0,722,0,0
12402.14,5637.65,2.1999,11604.43,0,0.0313,37,0,0,0,17,0,1,0,651,0,0
2266.63,3022.75,0.7499,2220.2,0,0.0267,45,0,0,0,14,0,1,0,539,1,0
1092.39,930.98,1.1734,951.38,0,0.0105,14,0,0,0,1,4,1,0,344,0,0
417.18,691.3,0.6035,390.22,0,0.0375,43,0,1,0,18,4,0,0,171,0,0
801.13,1316.55,0.6085,785.27,1,0.0324,85,0,1,0,5,3,1,0,690,0,0
2717.24,2324.35,1.169,2547.32,0,0.0038,84,1,1,0,11,6,0,0,20,0,1
1588.45,2638.96,0.6019,1521.26,1,0.0705,33,0,0,0,0,2,2,1,303,0,1
6328.93,11358.03,0.5572,5732.79,0,0.0052,3,0,0,0,22,3,2,0,197,1,0
2122.87,3302.3,0.6428,1833.88,0,0.0188,87,0,0,0,23,3,0,0,327,0,0
1150.89,1821.65,0.6318,1057.31,1,0.0586,44,0,0,0,22,4,0,0,576,0,0
3510.35,2627.89,1.3358,3191.51,0,0.0154,87,0,2,0,10,6,0,0,556,0,0
4443.88,5365.47,0.8282,4355.26,0,0.0851,35,0,0,0,18,5,2,0,12,0,1
789.7,390.24,2.0236,700.15,1,0.0298,25,0,1,0,21,6,2,1,361,0,0
792.13,422.11,1.8766,788.18,1,0.008,86,0,1,0,3,3,1,0,296,0,0
280.76,504.93,0.556,279.0,1,0.0442,8,0,0,0,20,5,5,0,403,1,0
4816.66,4129.3,1.1665,4273.07,0,0.0052,62,0,1,1,18,4,1,0,438,1,1
3965.22,5739.49,0.6909,3577.45,1,0.0298,18,0,1,0,20,1,2,0,375,0,0
2402.79,3674.66,0.6539,2365.15,0,0.024,28,0,0,0,5,0,0,0,653,0,0
6656.47,10658.56,0.6245,6623.14,0,0.0245,75,1,2,0,7,2,0,0,693,0,0
5883.69,10571.11,0.5566,5392.5,0,0.0171,12,0,1,0,21,5,0,0,500,0,0
3231.16,2384.9,1.3548,2902.06,0,0.0144,64,0,0,0,8,1,2,0,426,0,0
7244.54,3307.07,2.1906,6729.56,1,0.0426,2,0,0,0,9,5,0,1,665,0,1
956.65,933.37,1.0249,911.85,0,0.015,59,0,0,0,9,0,2,0,44,0,0
565.43,329.14,1.7179,503.81,0,0.1234,37,1,2,0,9,0,2,0,109,0,1
1250.29,539.37,2.3181,1200.87,0,0.0189,4,1,2,0,3,6,0,0,98,0,0
355.73,321.79,1.1055,305.13,1,0.0254,41,1,1,0,17,2,2,1,445,0,0
2801.3,4194.2,0.6679,2401.82,0,0.0145,45,0,2,0,11,3,0,0,81,0,0
9804.33,11693.16,0.8385,8901.77,1,0.0721,34,0,0,0,10,0,1,0,218,0,0
290.48,243.39,1.1935,262.31,2,0.0184,87,1,1,0,15,2,2,0,149,0,0
605.82,797.31,0.7598,543.63,0,0.0956,13,1,2,0,18,5,2,0,76,0,0
2256.45,1635.53,1.3796,2084.18,1,0.0138,7,0,1,0,10,5,0,0,592,0,0
9656.73,4057.12,2.3802,8672.81,0,0.0309,32,2,5,0,22,5,0,0,564,0,1
1480.09,2175.87,0.6802,1300.76,0,0.0346,23,0,0,0,3,6,1,0,63,0,0
2627.03,3344.84,0.7854,2354.92,0,0.0299,49,1,1,0,11,5,0,0,596,0,0
298.62,438.14,0.6816,297.5,0,0.0037,72,0,0,0,16,5,5,0,394,0,1
712.0,323.61,2.2002,649.11,0,0.033,47,1,1,1,23,4,0,0,503,0,0
15251.63,23975.07,0.6361,13981.27,0,0.0096,37,0,2,0,12,0,4,0,367,0,0
11895.32,15075.38,0.7891,11139.75,0,0.0525,48,0,1,0,3,6,4,0,478,0,1
167.33,198.91,0.8412,166.91,0,0.0193,29,0,0,0,5,0,1,0,255,0,0
10764.24,13718.59,0.7846,9539.7,0,0.0125,37,0,2,0,6,3,0,0,59,0,0
3717.23,5985.51,0.621,3539.52,0,0.0241,23,0,2,0,7,6,2,0,520,0,1
7235.17,8839.29,0.8185,6926.94,1,0.0268,38,0,0,0,1,3,0,1,389,0,0
2272.72,2757.56,0.8242,2138.85,0,0.0045,44,0,2,0,8,6,1,0,588,0,0
2686.93,4801.41,0.5596,2319.59,0,0.0153,5,0,0,0,9,4,0,0,426,0,0
2498.8,3646.8,0.6852,2377.69,0,0.0201,52,0,1,0,18,0,1,0,590,0,0
3997.22,4074.01,0.9812,3436.07,2,0.0653,40,0,0,0,0,6,0,0,636,1,1
676.46,940.52,0.7192,635.48,1,0.0188,11,0,0,0,15,3,0,0,502,0,0
256.51,242.38,1.0583,246.49,0,0.0204,78,0,1,0,17,6,2,0,524,0,0
1438.24,1036.14,1.3881,1268.02,0,0.0496,2,1,6,0,7,2,5,0,280,0,0
4418.94,5460.01,0.8093,4313.96,1,0.0358,35,0,1,0,9,5,0,0,45,0,0
939.12,1595.99,0.5884,802.53,0,0.0261,45,0,1,0,21,5,1,0,565,1,0
4066.91,6916.98,0.588,3971.63,1,0.0483,49,0,0,0,10,0,1,0,181,0,0
12412.71,10906.64,1.1381,11407.89,0,0.0664,35,1,1,0,16,5,0,0,401,0,0
495.12,563.82,0.8782,437.01,1,0.0071,72,0,0,0,6,5,2,0,374,0,0
4058.03,2825.57,1.4362,3530.76,0,0.0675,32,0,0,0,2,2,2,0,234,0,0
2202.88,3951.71,0.5574,2187.45,0,0.0083,68,1,2,0,6,1,0,1,186,0,0
7241.11,12842.58,0.5638,6233.87,0,0.009,71,0,0,0,5,4,2,1,75,0,0
832.43,1089.91,0.7638,732.43,0,0.0079,39,0,1,0,2,3,2,0,710,0,0
4278.91,6530.39,0.6552,3860.32,0,0.0004,48,0,1,0,7,1,0,0,591,0,0
6523.05,9139.71,0.7137,6151.47,0,0.0336,37,1,1,0,0,3,2,0,233,0,1
10277.01,12645.05,0.8127,9575.3,0,0.0555,60,0,1,0,4,1,1,0,168,0,1
4173.73,1981.22,2.1066,3626.33,2,0.0043,81,0,1,0,23,5,2,0,535,0,0
2556.29,2650.03,0.9646,2283.94,0,0.0844,74,0,0,0,18,3,1,0,407,0,0
3516.77,4729.0,0.7437,3115.2,1,0.0066,4,0,0,0,12,4,0,0,230,0,0
7261.42,9792.35,0.7415,6404.8,0,0.0011,23,0,0,0,10,0,2,1,647,0,1
3108.86,2867.52,1.0842,2834.26,2,0.0047,14,0,0,0,21,2,2,0,293,0,0
258.0,443.34,0.5819,246.55,1,0.0058,5,0,0,0,10,1,2,0,400,0,0
9505.17,6029.13,1.5765,8389.43,0,0.0541,66,0,2,0,1,2,0,1,38,0,0
4243.8,4670.32,0.9087,3840.65,1,0.0631,24,0,0,0,8,2,2,0,232,0,0
4100.09,5605.8,0.7314,3725.5,0,0.0333,18,1,2,0,1,3,1,1,168,1,1
1000.26,1376.35,0.7267,996.73,1,0.032,27,0,0,0,20,0,2,0,285,0,0
3914.38,5120.38,0.7645,3887.76,0,0.0428,24,0,0,0,18,3,2,0,103,0,0
1902.28,1494.06,1.2732,1845.25,1,0.0471,29,0,1,0,11,2,1,0,145,0,0
3836.73,2373.74,1.6163,3400.3,0,0.0226,11,0,1,0,8,5,0,0,660,0,0
544.5,702.58,0.775,468.38,0,0.038,18,1,1,0,8,6,3,0,366,0,0
3903.72,4836.8,0.8071,3503.73,0,0.0148,4,0,0,0,22,4,2,0,153,0,0
26196.03,17056.19,1.5359,23314.97,0,0.0068,33,0,0,0,9,0,5,0,422,0,0
322.95,447.99,0.7209,299.02,0,0.0343,78,2,2,0,4,0,1,0,319,0,0
13379.52,13877.78,0.9641,12933.44,0,0.0161,42,0,1,0,8,5,2,0,638,1,1
1978.42,2640.92,0.7491,1936.38,0,0.0154,32,0,1,0,22,2,2,0,704,0,0
7311.12,11495.38,0.636,7140.99,0,0.0188,51,0,0,0,17,3,2,1,485,0,0
5487.61,3499.01,1.5683,4960.53,1,0.0239,4,1,1,0,9,5,2,0,83,0,0
3079.69,1314.42,2.343,2935.21,1,0.0243,20,0,0,0,16,4,0,0,533,0,0
4843.94,7221.07,0.6708,4344.65,0,0.0423,85,0,2,0,9,1,1,0,288,1,0
7527.89,9436.79,0.7977,6467.48,1,0.018,67,0,0,0,13,3,1,0,489,0,1
1962.13,2706.75,0.7249,1874.29,0,0.0029,89,0,0,0,3,0,0,1,268,0,0
1536.21,2417.1,0.6356,1308.04,1,0.0446,68,1,3,0,9,5,1,0,633,0,0
4004.89,6103.19,0.6562,3649.97,1,0.0202,62,0,0,0,23,3,1,1,623,0,0
5923.1,10337.52,0.573,5327.28,1,0.0232,58,1,3,0,21,1,0,1,79,1,0
5178.39,5956.75,0.8693,4940.22,0,0.0236,47,1,1,0,17,6,0,0,376,0,0
5744.98,6226.95,0.9226,5543.54,0,0.0142,75,0,1,0,4,6,2,1,597,0,0
2151.87,2071.48,1.0388,1927.25,1,0.0106,80,0,0,0,8,4,0,0,592,0,0
6109.93,3758.63,1.6256,5937.29,0,0.0541,59,0,0,0,5,6,0,0,151,0,0
598.25,718.89,0.8322,534.89,0,0.0049,6,0,0,0,15,6,2,0,15,0,0
2902.17,2286.38,1.2693,2661.14,0,0.0059,40,0,1,0,21,5,0,1,101,0,1
170.21,287.63,0.5918,163.24,1,0.0104,77,0,1,0,22,4,2,0,388,1,1
1523.5,1853.29,0.8221,1453.32,2,0.028,23,0,1,0,15,1,0,1,35,0,0
1747.52,2149.41,0.813,1744.21,0,0.0107,52,0,0,0,10,1,3,0,351,0,0
1915.63,1718.12,1.115,1692.98,0,0.0346,4,0,1,0,20,6,0,0,283,0,0
4311.42,2038.38,2.1151,4093.04,1,0.0258,37,0,0,1,14,2,0,0,637,0,0
1871.77,831.89,2.25,1762.18,0,0.0472,42,0,0,0,18,0,1,0,673,0,0
2234.13,2217.75,1.0074,2205.68,1,0.0824,44,0,0,0,2,2,0,0,525,1,0
1099.24,569.84,1.929,960.14,0,0.0536,42,0,0,0,15,3,2,0,165,0,0
1785.24,2230.81,0.8003,1718.78,0,0.0028,29,0,1,0,20,1,2,0,428,0,0
1052.39,1718.93,0.6122,984.24,0,0.0878,19,1,1,0,19,2,2,1,258,0,0
416.05,680.69,0.6112,370.78,1,0.0106,84,0,1,0,4,0,1,0,443,0,0
3387.32,4480.28,0.7561,3120.28,0,0.0875,32,1,3,0,8,0,3,0,626,0,1
4011.42,2790.84,1.4374,3610.54,1,0.093,44,0,1,0,4,1,1,0,120,1,1
3531.85,5679.91,0.6218,3308.98,2,0.0113,55,0,1,0,3,5,0,1,69,0,1
2329.37,3821.4,0.6096,2290.59,0,0.0349,80,1,1,0,12,2,0,0,274,0,0
1821.92,1230.37,1.4808,1704.22,1,0.0132,5,1,1,0,19,4,2,0,560,0,0
7115.74,10192.56,0.6981,6722.65,0,0.0055,46,1,2,0,16,1,4,0,322,0,0
2712.2,2172.82,1.2482,2516.41,1,0.0077,76,0,0,0,19,6,0,1,362,0,0
2433.24,3707.52,0.6563,2086.93,1,0.0092,45,0,1,0,11,3,3,0,570,0,0
240.92,432.72,0.5568,213.2,0,0.0209,21,0,1,0,19,2,2,0,590,0,0
1610.93,712.09,2.2623,1488.18,0,0.0458,78,0,1,0,19,2,1,0,499,0,1
1824.23,3021.49,0.6038,1635.49,1,0.0463,22,0,0,0,6,1,2,0,204,0,1
1931.03,2455.66,0.7864,1694.02,1,0.0132,30,0,1,0,0,5,0,0,506,0,0
3187.69,5619.05,0.5673,2950.59,0,0.0496,23,0,1,0,15,2,3,1,615,0,0
2819.51,2963.34,0.9515,2533.11,0,0.016,5,0,3,0,6,2,2,0,109,0,0
3426.88,5436.21,0.6304,3045.52,0,0.0837,63,0,0,0,1,3,1,0,265,1,0
5216.86,2542.45,2.0519,4797.41,0,0.0362,59,0,1,0,11,5,3,0,388,1,0
6018.0,5231.99,1.1502,5235.62,0,0.033,82,0,1,0,10,3,0,0,416,0,0
4582.0,2262.7,2.025,4532.34,0,0.0039,52,0,0,0,7,4,3,0,568,0,1
11044.8,19499.38,0.5664,10825.62,1,0.0307,65,0,0,0,0,3,0,0,312,0,0
214.4,330.98,0.6478,205.0,1,0.0669,39,0,1,0,2,6,2,0,252,0,0
912.58,1454.26,0.6275,790.23,0,0.0119,81,0,0,1,7,4,2,0,584,0,0
176.57,302.49,0.5837,170.63,0,0.0114,3,0,0,0,7,3,2,0,653,0,0
3799.22,1972.35,1.9262,3689.78,0,0.0006,42,0,2,0,10,4,1,0,388,0,0
8140.79,7651.01,1.064,7857.2,0,0.0596,71,1,1,0,20,5,3,0,692,0,0
1126.6,562.68,2.0022,976.87,0,0.0285,27,0,1,0,4,3,0,0,203,1,1
9312.19,6473.0,1.4386,8814.79,0,0.0643,28,0,1,1,7,3,0,0,110,0,0
367.56,265.05,1.3868,358.43,1,0.0133,54,1,2,0,20,1,0,0,82,0,0
9686.55,10236.26,0.9463,9072.45,1,0.0226,15,0,1,0,8,3,2,0,596,0,0
1666.49,1293.17,1.2887,1578.1,0,0.0172,53,1,1,0,16,4,1,0,193,1,0
524.29,283.83,1.8472,481.69,0,0.0022,72,1,2,0,4,1,1,0,139,1,0
2478.49,1572.57,1.5761,2303.28,0,0.008,70,0,2,0,18,4,3,0,221,0,0
1188.65,720.54,1.6497,1016.48,0,0.0047,4,0,0,0,18,3,3,0,189,0,1
1323.53,2332.47,0.5674,1251.85,0,0.0369,17,1,3,0,1,3,0,0,340,0,0
1435.0,2099.42,0.6835,1237.28,0,0.0621,34,1,1,0,18,4,1,0,478,0,0
5836.39,10242.08,0.5698,5341.77,0,0.0214,6,0,0,0,22,5,0,0,422,0,0
2861.47,2906.21,0.9846,2557.86,0,0.0231,36,0,0,0,14,5,3,0,197,0,1
1455.36,1149.32,1.2663,1356.13,1,0.0063,39,1,1,0,7,6,3,0,586,0,0
3448.63,5233.68,0.6589,3000.35,2,0.0111,80,0,2,0,23,5,3,0,198,0,0
4557.59,3904.74,1.1672,4346.79,2,0.0035,66,0,0,0,7,2,2,0,324,0,0
1264.09,1035.46,1.2208,1225.22,0,0.022,8,1,1,0,0,1,1,0,260,0,0
2017.83,1463.95,1.3783,1764.6,1,0.0696,15,0,2,0,13,1,1,0,199,0,0
604.93,351.8,1.7195,523.66,1,0.0406,63,0,0,0,10,5,1,0,137,0,0
849.49,644.8,1.3174,740.61,0,0.0078,80,1,2,1,6,3,0,0,346,0,1
4150.27,3724.65,1.1143,4073.78,0,0.0184,65,0,0,0,17,1,4,0,500,0,0
850.72,1143.02,0.7443,790.51,0,0.017,59,0,1,0,14,4,1,0,175,0,0
2756.75,1344.17,2.0509,2536.46,2,0.026,10,0,1,0,9,3,4,0,489,0,0
4471.07,3106.1,1.4394,3871.98,0,0.0303,7,0,1,0,3,1,3,0,469,0,0
545.61,836.22,0.6525,516.93,1,0.0519,74,0,0,0,20,0,3,0,316,0,0
3082.09,1866.79,1.651,3021.06,0,0.0213,76,1,4,1,0,1,2,0,380,0,1
1187.65,1044.78,1.1367,1157.04,0,0.0346,81,0,0,0,13,5,0,0,442,0,0
11682.02,18814.16,0.6209,11026.75,1,0.0245,12,0,0,0,19,4,0,0,133,1,1
2462.69,1519.22,1.621,2121.09,0,0.0376,79,1,2,0,19,1,2,1,27,1,1
5889.51,3038.0,1.9386,5105.38,0,0.0097,46,0,0,0,8,6,0,0,257,1,0
2946.54,3177.41,0.9273,2526.35,1,0.1279,32,0,0,0,12,2,0,0,563,0,0
305.34,251.41,1.2145,271.33,0,0.0239,32,0,0,0,16,5,2,0,656,0,0
3659.82,4350.69,0.8412,3185.32,0,0.0071,78,1,2,0,23,6,4,1,356,0,0
10734.7,16373.93,0.6556,9543.23,1,0.0203,61,0,0,0,19,6,3,0,236,0,0
3371.15,1995.75,1.6892,3060.19,0,0.0097,69,0,0,0,3,2,0,0,672,0,0
6136.06,7442.91,0.8244,6083.58,0,0.0169,61,0,2,0,4,3,4,0,359,0,0
7695.81,8524.74,0.9028,7246.04,0,0.0148,46,0,0,0,17,2,2,0,271,0,0
1056.06,635.44,1.6619,1029.92,0,0.015,68,0,0,0,16,4,2,0,666,0,0
984.1,1253.35,0.7852,941.34,0,0.0551,55,0,0,0,20,0,0,0,549,0,0
3454.44,2705.16,1.277,2994.57,0,0.0134,1,0,1,0,6,0,2,0,510,0,0
2002.82,2168.99,0.9234,1923.48,0,0.0325,77,0,2,1,9,3,2,0,729,0,1
6561.0,3380.1,1.9411,5847.59,0,0.026,67,1,1,0,8,3,2,0,439,0,1
8209.86,8566.31,0.9584,7765.43,0,0.0452,49,0,0,0,12,2,1,0,642,1,1
1676.21,1389.66,1.2062,1510.51,2,0.0189,25,0,0,0,17,6,3,0,588,0,0
1096.15,1700.49,0.6446,1095.77,1,0.0192,16,0,1,0,11,4,4,0,471,0,0
5457.82,2618.5,2.0843,4854.91,1,0.0595,85,1,1,0,7,2,3,0,709,0,0
1274.61,1256.83,1.0141,1136.79,1,0.0135,13,1,2,0,22,4,0,0,311,0,0
6203.0,6462.31,0.9599,6138.49,0,0.0208,52,0,2,0,17,4,1,0,217,0,0
2079.18,2942.06,0.7067,1774.99,1,0.0374,36,0,0,0,4,0,0,0,611,1,1
4004.43,4821.34,0.8306,3822.24,0,0.0304,72,0,1,0,6,6,2,0,312,0,1
501.44,668.97,0.7496,480.78,0,0.06,44,0,1,0,14,4,3,0,230,0,0
3572.27,5315.07,0.6721,3484.6,1,0.0154,83,1,1,0,2,1,0,0,621,0,0
2253.7,3621.89,0.6222,2245.06,0,0.0296,47,1,1,0,17,4,4,1,340,0,1
3241.76,2721.22,1.1913,3229.9,1,0.0335,80,0,0,0,5,0,2,1,495,0,0
793.79,915.42,0.8671,682.49,0,0.0682,76,0,0,0,5,5,0,0,164,0,0
4822.92,7601.65,0.6345,4694.03,1,0.0369,20,0,1,0,19,2,1,0,116,0,0
7102.03,12678.77,0.5602,6725.24,0,0.0264,18,1,2,0,0,4,0,0,71,0,0
1005.02,1653.59,0.6078,951.86,0,0.0279,54,0,0,0,20,1,2,0,726,0,1
502.14,462.0,1.0869,436.49,1,0.0163,12,0,0,0,16,3,0,0,53,0,0
233.73,157.35,1.4854,221.47,2,0.0326,25,1,1,0,10,2,2,0,597,0,0
3745.0,4063.89,0.9215,3735.16,1,0.0234,60,0,0,0,23,3,2,0,342,0,0
3419.65,4918.48,0.6953,3374.42,0,0.0711,75,0,0,0,1,1,1,0,588,0,0
2919.18,3180.73,0.9178,2673.59,2,0.0091,86,0,0,0,8,0,0,0,332,0,1
1073.64,1155.72,0.929,919.03,0,0.0379,34,0,1,0,18,5,2,0,79,0,0
1885.24,2966.47,0.6355,1704.91,0,0.0579,13,0,3,0,5,6,1,0,107,0,1
3309.02,2997.86,1.1038,3222.85,0,0.0213,38,0,0,0,6,0,4,0,82,0,0
2553.46,4095.02,0.6236,2439.13,0,0.0513,12,0,1,0,3,5,1,1,202,0,1
15567.97,15093.56,1.0314,14305.43,0,0.005,36,1,1,0,2,6,0,0,392,0,0
663.42,570.23,1.1634,569.39,1,0.0418,28,1,3,0,1,2,2,0,230,0,1
4307.71,4461.0,0.9656,3937.39,0,0.0655,39,0,0,0,9,4,2,1,20,0,1
1963.17,2880.81,0.6815,1806.81,1,0.0217,77,0,0,0,9,4,0,0,323,0,0
2106.38,1214.12,1.7349,2083.81,0,0.0243,43,0,2,0,16,3,1,1,468,0,0
4575.48,3088.39,1.4815,4329.15,0,0.0233,31,2,2,0,15,0,2,0,690,0,0
4276.75,7407.43,0.5774,3835.17,0,0.0114,2,1,3,0,0,4,0,0,652,0,0
16737.85,10807.43,1.5487,15546.08,0,0.0113,82,1,2,0,11,5,0,0,310,0,1
630.96,753.88,0.837,542.57,0,0.0633,42,2,3,0,19,6,2,0,472,0,1
534.78,647.64,0.8257,532.58,1,0.0253,31,0,0,0,19,4,2,0,592,0,0
4660.04,5058.35,0.9213,4212.72,0,0.0217,61,0,1,0,9,0,3,1,694,0,0
3172.84,4133.08,0.7677,2924.34,0,0.0292,56,0,3,0,0,0,1,0,74,0,0
1271.49,917.71,1.3855,1148.53,0,0.0254,86,1,3,0,15,1,1,1,659,0,1
439.63,516.01,0.852,418.69,0,0.0219,83,0,0,0,10,6,2,0,654,0,1
463.43,426.84,1.0857,439.95,1,0.0067,14,0,0,0,3,3,2,1,436,0,0
8011.41,10625.81,0.754,7669.31,0,0.0066,14,0,1,0,2,6,2,0,462,0,0
895.6,535.31,1.673,797.28,0,0.0546,29,0,1,0,12,0,0,0,150,0,0
1517.22,1819.49,0.8339,1361.48,1,0.0847,81,0,1,0,20,6,0,0,644,0,0
1049.61,692.09,1.5166,911.89,0,0.0101,50,0,0,0,14,1,2,0,315,0,0
1684.75,1331.12,1.2657,1597.69,1,0.0087,50,0,0,0,9,6,1,0,674,0,0
401.83,283.77,1.416,343.95,0,0.0461,63,0,1,0,5,0,0,0,250,0,0
2712.04,1779.02,1.5245,2548.37,0,0.0533,73,0,0,0,10,2,0,0,640,0,0
395.02,614.65,0.6427,387.3,0,0.1119,65,0,1,0,0,5,3,0,274,0,1
5789.28,4631.37,1.25,5694.48,0,0.0143,68,0,2,0,19,5,5,0,482,0,0
1081.69,1836.68,0.5889,992.29,1,0.0059,71,1,3,0,3,2,0,0,82,0,0
2867.94,5041.54,0.5689,2635.34,0,0.002,11,1,2,0,9,2,1,0,232,0,0
7573.23,9086.09,0.8335,6524.68,0,0.0279,14,1,2,0,21,0,0,0,31,0,0
3833.16,2300.67,1.6661,3643.86,0,0.0332,83,1,1,1,14,4,0,0,84,0,0
2814.67,2601.79,1.0818,2739.21,0,0.0029,3,0,1,0,0,4,1,0,42,0,0
1522.2,2308.91,0.6593,1349.73,1,0.0246,8,1,2,0,20,2,0,0,714,0,0
1567.39,1433.14,1.0937,1431.33,0,0.0161,43,0,0,0,14,3,2,0,251,0,1
4024.88,2100.28,1.9164,3927.58,0,0.0334,9,0,0,0,2,5,1,0,510,0,0
18138.24,21394.03,0.8478,17803.92,0,0.0302,19,1,2,0,0,1,3,0,387,0,0
3944.82,6245.32,0.6316,3496.99,0,0.0392,12,0,0,0,5,2,2,0,597,0,0
3005.84,4551.73,0.6604,2803.2,0,0.0073,27,0,2,0,18,5,0,0,695,0,0
4741.11,3058.83,1.55,4166.84,0,0.0104,58,1,1,0,3,1,0,0,266,0,0
2340.56,3140.73,0.7452,2025.24,0,0.0326,25,1,2,0,11,6,4,0,583,0,0
367.09,260.16,1.411,362.2,1,0.0364,45,0,1,1,1,1,3,0,22,0,0
3041.75,2145.93,1.4175,2959.85,0,0.0273,48,0,2,0,16,2,1,0,407,0,0
11214.21,18208.52,0.6159,10810.56,0,0.0289,50,0,3,0,5,4,0,0,76,0,0
824.59,618.06,1.3342,706.93,0,0.0087,81,0,1,0,11,3,4,0,487,0,0
4249.2,3265.71,1.3012,4149.6,0,0.0585,44,0,1,0,14,5,0,0,680,1,1
935.09,374.89,2.4943,856.27,0,0.0674,59,0,2,0,16,2,0,0,351,0,0
2836.25,4591.71,0.6177,2556.48,0,0.0074,33,0,1,0,0,1,4,0,240,0,0
505.86,763.66,0.6624,471.45,1,0.0193,78,0,1,0,13,5,3,0,51,0,0
2244.79,2869.43,0.7823,1938.83,0,0.1013,28,0,0,0,22,0,2,0,476,0,1
5089.4,7381.52,0.6895,4903.62,0,0.0278,18,0,1,1,1,6,0,0,595,0,0
1644.69,1007.98,1.6317,1541.68,1,0.0455,55,0,0,0,3,0,1,0,602,1,1
3976.76,4142.4,0.96,3491.55,0,0.0312,33,0,1,0,19,5,2,0,525,0,0
5704.3,5086.57,1.1214,5009.71,0,0.0182,15,0,0,0,1,5,2,0,157,0,1
9319.07,4951.1,1.8822,8178.76,0,0.0631,61,1,2,0,21,1,1,0,199,0,0
1085.94,1173.45,0.9254,932.33,0,0.0235,11,1,1,0,13,2,5,0,431,0,0
1933.9,3266.43,0.5921,1814.33,0,0.0258,36,1,1,0,17,4,0,0,666,0,1
728.78,332.38,2.1926,711.33,0,0.0182,15,0,0,0,7,2,0,0,710,0,0
17267.29,13952.75,1.2376,14722.52,0,0.0136,53,1,2,0,19,3,0,1,118,0,0
9310.58,6429.49,1.4481,7982.43,1,0.0758,62,0,2,1,0,5,2,0,663,0,1
2867.52,2103.05,1.3635,2683.76,0,0.0048,48,0,0,0,15,0,2,0,75,1,0
6608.8,11048.65,0.5982,6429.86,0,0.0095,15,0,2,1,6,1,2,0,725,0,0
2725.88,2876.61,0.9476,2450.6,1,0.0158,63,2,3,0,5,4,0,1,367,0,0
3569.73,3758.28,0.9498,3221.47,0,0.0469,87,0,0,0,21,6,4,1,178,0,1
476.72,698.3,0.6827,447.86,0,0.0244,43,2,3,0,18,2,0,0,108,0,0
5076.61,3128.66,1.6226,4523.93,1,0.0464,50,0,0,0,9,3,0,0,689,0,0
628.23,679.85,0.9241,536.5,0,0.0263,60,0,3,0,22,2,2,1,479,0,0
6271.81,6284.22,0.998,6022.72,0,0.0687,59,1,1,0,5,6,0,0,686,0,0
5481.86,6773.8,0.8093,5174.04,0,0.0343,15,0,0,0,9,3,1,0,93,0,1
4467.44,8038.63,0.5557,4186.5,0,0.0539,29,0,3,0,18,2,1,1,100,0,1
278.91,412.01,0.6769,268.1,0,0.0506,75,2,2,0,2,4,0,0,181,0,0
1414.04,1353.25,1.0449,1345.15,0,0.0133,82,0,0,0,19,4,0,0,671,0,0
1218.62,1899.31,0.6416,1073.46,3,0.0069,40,1,1,0,2,1,1,0,96,0,0
1712.75,1094.43,1.565,1546.39,0,0.0154,31,0,1,0,19,4,0,0,232,0,0
471.03,208.5,2.2591,409.29,0,0.015,73,0,0,0,5,3,1,0,251,0,0
9823.83,6741.38,1.4572,8541.61,0,0.0024,86,0,0,0,16,1,2,0,579,0,0
2974.48,2607.36,1.1408,2830.01,1,0.0056,11,0,1,0,17,6,0,0,19,0,0
1426.09,1589.82,0.897,1395.84,1,0.0663,81,0,1,0,9,4,2,0,287,0,0
1920.33,2421.88,0.7929,1909.6,1,0.0061,62,0,1,0,5,0,2,0,207,0,0
2224.67,3725.98,0.5971,2100.65,0,0.0355,75,1,1,0,12,6,3,0,311,0,0
3362.22,3744.83,0.8978,2950.74,1,0.0227,8,0,1,0,5,3,3,0,103,0,1
2687.53,2961.08,0.9076,2326.99,1,0.0038,51,0,0,0,11,6,0,0,159,0,0
8963.55,4215.92,2.1261,8711.92,0,0.0507,57,0,0,0,13,6,0,1,707,0,1
2554.82,1146.8,2.2278,2393.39,0,0.0195,4,1,1,0,16,1,2,0,563,0,0
17118.92,20056.94,0.8535,16138.74,0,0.0064,36,0,0,0,21,3,2,0,378,0,0
6823.33,6915.1,0.9867,6599.66,1,0.1072,19,0,2,0,7,1,0,1,224,1,1
968.44,1525.15,0.635,925.34,0,0.094,24,0,0,0,4,3,1,0,714,0,0
9487.3,5929.1,1.6001,9251.72,0,0.0354,41,0,2,0,3,0,2,0,92,0,1
582.99,253.58,2.299,500.46,0,0.0714,49,1,1,0,5,6,2,0,667,0,1
6102.55,6277.41,0.9721,5871.43,0,0.0039,82,0,0,0,10,4,2,0,176,0,0
1826.65,1337.97,1.3652,1785.78,1,0.0276,46,0,2,0,4,2,0,0,110,0,0
7512.33,3526.74,2.1301,6707.91,0,0.0218,36,0,0,0,21,6,0,0,179,0,0
7238.84,10238.89,0.707,6848.43,0,0.051,10,0,1,0,13,2,1,0,453,0,1
5888.29,3275.24,1.7978,5282.53,0,0.0342,78,0,0,0,9,2,0,0,75,0,0
5612.77,7025.21,0.7989,5577.39,0,0.0128,7,1,1,0,10,6,4,0,583,0,0
1421.84,1128.19,1.2603,1215.69,2,0.0055,12,0,0,0,2,1,0,0,721,1,0
445.33,286.3,1.5555,417.26,0,0.0185,86,1,1,1,22,4,0,0,492,0,0
1955.32,1821.68,1.0734,1710.86,1,0.003,48,0,0,0,7,6,0,0,103,1,1
817.05,1243.57,0.657,781.78,0,0.0067,37,1,1,0,20,5,2,0,41,0,0
4305.49,4085.61,1.0538,3773.26,0,0.027,75,0,0,0,4,1,1,0,435,0,0
1636.8,2375.12,0.6891,1449.07,0,0.0095,36,0,0,0,19,6,2,1,334,0,0
13147.57,7568.8,1.7371,12150.4,2,0.0118,60,0,0,0,20,6,4,0,280,0,0
3735.24,5535.18,0.6748,3687.52,0,0.0548,77,0,0,0,9,1,1,0,542,0,1
6200.36,4536.84,1.3667,5467.21,1,0.0202,8,0,0,0,7,6,0,0,506,0,0
647.59,873.18,0.7416,564.46,0,0.0103,7,0,0,0,20,1,2,0,243,0,0
7082.12,8442.55,0.8389,6826.08,0,0.0105,43,0,0,0,8,6,3,0,564,0,0
9112.81,15499.09,0.588,8430.2,0,0.1352,58,1,1,0,14,5,0,0,569,0,1
2486.6,2343.0,1.0613,2453.7,1,0.0428,81,0,1,0,0,6,0,0,702,0,0
3412.16,1680.94,2.0299,2975.38,0,0.1227,86,0,1,0,22,1,2,0,79,0,0
5215.76,2226.18,2.3429,4938.75,1,0.0481,46,0,1,0,4,4,1,0,437,1,1
822.62,1281.31,0.642,727.96,0,0.0589,34,0,1,0,14,6,1,0,708,0,0
2594.02,2943.25,0.8813,2265.91,0,0.0184,84,0,1,0,3,2,3,0,461,0,0
1930.1,2866.86,0.6732,1838.45,0,0.0301,72,0,1,0,18,3,0,0,197,0,0
703.92,512.59,1.3733,661.02,0,0.0152,22,0,3,0,9,1,2,0,31,0,0
1753.45,1548.5,1.1324,1688.97,0,0.0043,21,1,1,0,22,6,0,0,30,0,0
397.13,175.59,2.2617,356.0,0,0.049,15,0,0,0,1,4,0,0,113,0,0
241.53,421.73,0.5727,221.53,0,0.0097,5,0,0,0,4,0,2,0,650,0,0
658.26,878.79,0.7491,599.56,0,0.0155,17,1,1,0,17,3,0,0,684,0,0
11699.84,19965.63,0.586,11671.92,0,0.0949,72,1,1,0,22,1,2,0,390,0,0
2941.12,2269.65,1.2958,2628.88,0,0.0139,19,0,1,0,5,1,0,0,667,0,0
11966.62,15030.66,0.7961,10700.82,0,0.0067,5,0,0,0,9,6,0,0,276,1,0
2132.79,2879.05,0.7408,1926.3,0,0.1081,23,1,2,0,14,3,0,1,220,1,0
1457.95,1231.34,1.184,1362.73,1,0.062,83,0,1,0,22,3,3,0,276,0,0
2619.27,4157.71,0.63,2325.51,1,0.0455,14,1,2,0,8,1,1,0,12,0,1
2176.31,3756.37,0.5794,2148.66,0,0.0809,10,2,2,0,12,4,0,0,493,0,0
540.86,886.36,0.6102,481.29,1,0.0331,31,1,3,1,17,0,1,0,597,0,0
3733.82,5356.89,0.697,3675.47,0,0.0149,13,0,2,0,6,6,2,0,49,1,0
1001.88,789.93,1.2683,867.15,0,0.0236,22,0,0,0,1,4,0,0,692,0,0
3532.75,2805.93,1.259,3350.76,1,0.0691,37,0,2,1,15,5,4,0,10,0,0
3826.39,6691.23,0.5719,3773.0,2,0.1546,39,1,2,1,1,2,5,0,261,0,0
727.16,301.33,2.4132,636.49,1,0.017,10,0,2,0,3,2,1,0,320,0,0
371.59,521.14,0.713,369.82,1,0.0111,31,0,2,0,1,2,1,0,186,0,0
5461.58,7584.74,0.7201,5013.36,1,0.0123,43,0,1,0,16,1,3,1,229,0,1
2305.36,2931.88,0.7863,2286.59,1,0.0183,77,0,1,0,5,6,1,0,670,0,0
359.73,642.53,0.5599,342.29,0,0.0179,36,0,0,0,9,6,3,0,21,0,0
18601.76,15562.81,1.1953,16653.0,1,0.0134,35,0,1,0,13,0,0,0,16,0,0
358.31,313.87,1.1416,314.68,0,0.0461,68,0,1,0,14,0,1,0,480,0,1
4306.46,2198.51,1.9588,3856.69,0,0.0417,55,0,0,0,20,6,5,0,627,0,0
14553.54,14843.41,0.9805,12573.57,0,0.0361,68,0,2,0,11,5,0,0,6,0,0
1106.76,847.19,1.3064,964.63,2,0.0731,47,0,3,0,18,1,0,0,298,1,1
687.05,605.11,1.1354,594.78,0,0.0271,6,1,1,0,10,1,2,0,259,0,0
602.93,945.64,0.6376,550.74,0,0.0347,28,0,0,0,0,1,4,0,40,0,0
1414.78,2418.82,0.5849,1371.4,0,0.0064,30,0,1,0,7,0,0,0,276,1,0
522.83,345.08,1.5151,455.49,1,0.0222,27,1,3,0,21,1,4,0,519,0,0
4273.63,3938.2,1.0852,3716.13,1,0.0106,69,1,1,0,5,3,2,0,605,0,0
375.11,637.72,0.5882,355.05,0,0.0164,39,3,4,0,11,3,5,0,511,1,1
2642.6,1285.71,2.0554,2324.37,0,0.0384,35,1,1,0,19,3,2,0,308,0,0
20145.08,10662.89,1.8893,17418.27,0,0.0344,44,1,3,0,15,1,2,0,533,0,0
6036.47,3790.34,1.5926,5282.08,0,0.0214,15,1,2,0,17,3,3,0,480,0,0
3492.79,4307.65,0.8108,3452.83,0,0.0022,83,0,1,0,11,6,0,0,414,0,0
1429.77,873.11,1.6376,1391.48,0,0.0423,32,1,1,0,19,5,4,1,523,0,0
3572.61,6271.03,0.5697,3226.46,1,0.1085,29,0,1,0,1,1,0,0,465,0,0
2770.62,2840.99,0.9752,2627.58,0,0.0509,63,0,3,0,6,5,0,0,409,0,0
2093.45,2307.24,0.9073,1948.15,0,0.0634,6,1,2,0,8,3,2,0,50,0,0
640.28,477.21,1.3417,609.27,0,0.0267,27,0,0,0,17,1,0,0,45,0,0
7769.05,8230.1,0.944,7399.25,1,0.0631,28,0,2,0,8,4,2,0,271,0,0
2241.06,2973.17,0.7538,2116.26,1,0.0412,5,0,0,0,7,2,2,0,275,0,0
907.55,1317.44,0.6889,807.64,0,0.1024,41,0,0,0,0,4,0,1,423,1,1
1754.7,2553.82,0.6871,1501.76,0,0.0232,56,0,0,0,4,2,0,0,35,0,0
2021.3,2443.85,0.8271,1856.23,0,0.07,54,0,2,0,15,2,1,0,504,0,1
6301.52,10498.99,0.6002,6198.47,0,0.0535,80,0,1,0,13,3,4,0,488,1,0
4779.84,7381.85,0.6475,4471.18,1,0.0293,18,1,1,0,12,2,3,0,653,0,0
5283.3,7712.92,0.685,5150.47,0,0.0929,77,0,0,0,10,2,0,0,144,0,0
188.82,90.23,2.0927,188.58,0,0.0118,43,0,3,0,19,4,5,1,193,0,0
2033.41,832.94,2.4412,1778.3,0,0.0061,89,0,0,0,22,2,0,1,547,0,0
2447.8,1707.16,1.4338,2334.63,0,0.0148,74,1,2,0,12,1,0,1,178,0,0
217.83,289.48,0.7525,207.19,0,0.0103,29,0,0,0,14,5,0,0,318,1,0
1202.98,1173.72,1.0249,1199.36,0,0.0876,10,0,1,0,23,6,1,0,391,1,0
5149.14,4960.52,1.038,5138.02,0,0.0426,6,0,0,0,15,5,2,0,151,0,0
666.14,1091.42,0.6103,634.83,0,0.0525,80,0,0,0,12,1,1,0,611,0,0
2832.35,4684.11,0.6047,2511.0,1,0.0211,89,2,4,0,7,6,3,0,447,0,1
998.15,1669.75,0.5978,967.99,0,0.0679,4,0,0,0,17,3,2,0,541,0,0
192.68,161.74,1.1913,166.87,1,0.0197,34,0,0,0,18,6,0,0,150,1,0
1116.07,1526.2,0.7313,1079.36,0,0.0166,83,0,0,0,14,6,2,1,208,0,0
13185.59,10288.54,1.2816,13007.97,0,0.0171,33,0,1,0,9,4,0,0,349,0,1
5810.04,3874.45,1.4996,5272.18,0,0.0123,4,0,0,0,22,6,2,0,262,0,1
11379.22,7493.05,1.5186,10748.76,0,0.0361,44,0,1,0,3,6,1,0,722,0,1
2492.01,2190.35,1.1377,2279.0,2,0.035,76,1,2,0,5,0,0,0,413,0,0
556.83,557.91,0.9981,509.87,1,0.0289,31,0,0,0,7,5,0,0,89,0,0
2928.94,4578.9,0.6397,2625.96,0,0.0132,80,0,0,0,23,4,4,0,258,0,0
2270.4,1289.24,1.761,2189.39,2,0.0203,66,1,1,0,6,5,2,1,492,0,0
6660.67,9517.41,0.6998,6596.9,1,0.0124,58,0,2,1,11,0,4,0,704,0,0
511.31,584.96,0.8741,506.77,0,0.0425,60,0,2,0,17,2,1,0,608,0,0
2494.66,2003.52,1.2451,2185.86,0,0.1113,2,0,0,1,17,0,5,0,548,0,0
719.02,783.69,0.9175,705.51,0,0.0134,36,0,0,0,18,2,1,1,96,0,0
1523.97,1249.53,1.2196,1463.95,0,0.0329,70,1,2,0,3,5,2,0,404,0,0
4829.36,5961.92,0.81,4288.11,0,0.0251,60,0,0,0,0,6,0,0,439,0,0
2412.04,2429.84,0.9927,2074.58,0,0.0276,23,0,0,0,4,4,0,0,37,0,0
1799.99,1134.3,1.5869,1602.35,0,0.0466,47,0,1,0,6,4,3,0,614,0,0
1905.82,1073.39,1.7755,1880.72,0,0.0121,46,0,0,0,10,3,2,0,481,0,0
2303.07,2683.94,0.8581,2176.35,1,0.0149,80,1,1,0,20,5,3,0,180,0,0
5530.18,9198.78,0.6012,5298.79,0,0.0271,44,1,2,0,22,3,0,1,325,0,0
7942.43,7001.58,1.1344,7057.43,0,0.0274,19,0,0,0,20,6,2,0,582,0,0
11029.95,15730.92,0.7012,10565.68,0,0.0083,49,0,1,0,10,5,0,0,406,0,0
5561.03,7352.38,0.7564,4750.33,1,0.0476,88,0,0,0,9,6,0,1,469,0,0
1476.26,2515.81,0.5868,1337.93,1,0.0034,58,0,0,0,23,2,3,0,619,0,0
4228.14,6550.97,0.6454,3991.42,0,0.0261,7,0,1,0,6,5,1,0,271,0,0
2164.42,2582.69,0.838,1887.19,0,0.0227,41,0,2,0,15,5,5,0,354,0,0
1178.75,1555.76,0.7577,1147.45,0,0.0259,78,0,1,0,0,2,1,0,559,0,0
6583.15,10913.16,0.6032,5827.76,0,0.0226,15,0,2,0,0,1,5,0,465,0,0
287.14,275.46,1.0424,272.16,0,0.0305,76,0,1,0,11,6,2,0,620,1,0
8271.27,7092.72,1.1662,7533.3,0,0.018,53,1,1,0,15,1,1,0,364,0,0
2316.24,961.55,2.4089,2175.89,0,0.0652,23,0,0,0,4,5,0,1,69,0,0
3698.68,5759.48,0.6422,3203.49,1,0.0346,77,0,1,0,13,1,3,0,308,0,0
3919.19,5962.55,0.6573,3341.25,0,0.017,73,1,1,0,17,4,3,0,423,0,1
8042.21,4392.95,1.8307,7933.11,0,0.0341,88,0,1,0,8,5,1,0,514,0,0
3693.55,4460.33,0.8281,3288.9,0,0.0358,65,0,1,0,1,0,2,0,219,0,0
3481.11,3653.68,0.9528,3386.95,0,0.012,60,0,0,0,11,2,1,0,45,0,1
391.42,221.62,1.7662,391.38,2,0.0093,10,0,0,0,9,3,2,0,233,0,0
2707.3,4799.49,0.5641,2387.07,0,0.0272,58,3,4,0,1,2,5,0,701,0,0
719.51,504.07,1.4274,640.2,0,0.0047,47,1,1,0,14,5,0,0,367,0,0
4830.38,2386.83,2.0238,4586.1,0,0.0111,15,0,1,0,3,0,2,1,122,0,0
2662.63,3282.45,0.8112,2648.83,0,0.0197,9,0,0,0,18,2,1,0,495,0,1
4140.51,5939.2,0.6971,4088.22,0,0.0091,13,0,1,0,21,3,1,1,577,0,0
298.98,133.17,2.2451,276.69,0,0.0349,23,1,2,0,3,3,3,0,149,0,0
460.11,608.36,0.7563,445.97,0,0.0228,33,0,0,0,8,0,0,0,476,0,0
4559.72,5221.83,0.8732,3968.61,0,0.0088,9,0,0,0,12,3,0,0,579,0,0
411.85,224.28,1.8363,410.46,0,0.0683,3,0,1,0,9,4,2,0,350,0,0
408.73,262.21,1.5588,406.54,1,0.0542,73,0,1,0,13,3,2,0,571,0,0
192.64,230.24,0.8367,168.48,1,0.0166,25,1,1,0,2,6,1,0,115,0,0
11122.59,9063.81,1.2271,9953.76,1,0.0308,88,0,1,0,2,0,0,0,628,0,1
4831.38,8279.26,0.5836,4179.26,0,0.0085,71,0,1,0,19,0,0,0,237,1,0
1675.29,2590.39,0.6467,1492.28,1,0.0327,36,0,0,0,15,2,0,1,47,1,0
1381.08,2454.17,0.5627,1342.95,1,0.033,89,0,1,0,8,3,2,0,621,0,0
1656.14,1264.53,1.3097,1501.7,0,0.0276,20,0,1,0,13,3,1,0,274,0,0
5365.41,9430.31,0.569,4631.74,0,0.0293,81,0,2,1,21,5,2,0,113,0,0
3939.97,3954.66,0.9963,3551.23,1,0.062,54,0,1,0,15,5,0,0,545,1,0
866.83,768.47,1.128,864.41,2,0.0469,19,0,0,0,8,0,0,1,399,0,0
819.53,385.58,2.1254,774.01,2,0.0583,60,0,0,0,23,5,0,0,292,0,0
512.53,242.87,2.1103,467.64,0,0.0064,37,2,3,0,22,2,2,0,316,0,0
3928.95,5378.01,0.7306,3437.76,0,0.011,3,0,1,0,4,6,0,0,162,0,1
5209.26,5423.36,0.9605,5198.46,0,0.0317,86,0,0,0,12,2,5,0,90,0,0
1227.82,880.51,1.3944,1194.83,0,0.0297,19,0,0,0,14,4,0,0,51,1,0
224.09,282.25,0.7939,199.94,0,0.045,53,0,1,0,3,6,1,0,424,0,1
450.11,339.38,1.3263,387.32,0,0.0315,46,0,0,0,13,4,1,0,406,0,0
12181.79,14723.94,0.8273,10457.99,0,0.0189,80,0,0,0,19,0,0,1,144,0,0
1375.66,1242.07,1.1076,1194.15,0,0.0351,56,0,0,0,23,2,3,0,616,0,1
5282.06,8202.9,0.6439,4949.9,1,0.0227,70,0,0,0,19,2,3,0,682,0,0
3579.76,5544.96,0.6456,3541.51,0,0.0157,31,0,0,0,6,4,0,0,528,0,0
1834.09,1959.34,0.9361,1695.64,0,0.0027,53,0,0,0,3,6,2,0,133,0,0
955.97,851.91,1.1221,933.45,0,0.012,34,0,0,0,16,5,2,1,499,0,1
602.94,547.22,1.1018,552.83,1,0.0219,31,1,1,0,8,4,5,0,390,0,0
3490.91,5334.11,0.6545,3338.31,0,0.0332,60,0,1,1,3,0,1,0,170,0,0
5365.1,4611.04,1.1635,5149.32,2,0.0321,11,0,0,0,2,6,0,0,542,0,0
3763.94,2607.22,1.4437,3297.57,1,0.0719,6,0,1,0,18,2,1,0,160,0,1
2794.83,1449.3,1.9284,2527.04,0,0.0448,27,0,1,0,8,0,1,0,659,0,0
300.0,316.01,0.9493,283.68,0,0.0113,7,0,2,0,7,4,2,0,412,0,0
12250.94,13169.58,0.9302,10543.21,0,0.0066,49,0,1,0,6,3,4,0,687,0,0
5760.6,9086.03,0.634,5208.91,1,0.0467,72,0,0,0,6,4,0,0,584,0,1
1362.66,967.13,1.409,1267.57,0,0.0136,60,0,1,0,3,2,3,0,384,0,1
13836.89,12915.18,1.0714,13829.05,1,0.0027,33,2,3,0,18,0,4,0,639,0,0
3373.52,5167.45,0.6528,3107.62,2,0.026,47,0,1,0,11,5,4,0,708,0,0
3206.5,4979.93,0.6439,3118.03,0,0.014,44,1,1,0,19,5,2,0,185,0,0
4975.16,4668.97,1.0656,4551.33,0,0.0472,79,0,1,0,5,2,2,0,662,1,0
5995.31,6251.75,0.959,5812.2,0,0.0227,27,0,0,0,11,4,0,0,214,0,0
3889.77,3207.51,1.2127,3653.71,0,0.0285,22,0,0,0,19,4,4,0,94,0,1
629.76,1074.1,0.5863,619.05,0,0.0026,47,0,2,0,3,1,1,0,570,0,0
1595.13,903.01,1.7665,1454.19,1,0.0753,48,1,1,0,1,4,0,0,219,0,0
9362.88,15984.77,0.5857,8807.15,1,0.0418,30,1,1,0,14,2,1,1,219,0,0
1040.39,1412.24,0.7367,982.65,0,0.0954,2,0,0,0,22,6,2,0,13,0,0
1779.18,2035.74,0.874,1623.69,1,0.0628,15,1,1,0,5,6,1,0,423,0,0
2130.19,949.47,2.2436,1856.77,0,0.038,47,0,0,0,17,0,2,0,423,0,0
2175.65,2318.88,0.9382,1879.84,0,0.0259,27,0,1,0,20,0,1,0,486,0,0
3472.11,3370.89,1.03,2959.98,1,0.0627,71,0,0,0,21,1,0,0,377,0,0
10181.12,6370.39,1.5982,9987.99,0,0.0608,27,0,0,1,4,5,0,0,652,0,0
1113.72,1468.97,0.7582,986.17,0,0.0076,85,0,0,0,3,2,1,1,408,0,0
603.39,1061.73,0.5683,532.02,2,0.0272,13,0,0,0,10,4,0,1,119,0,0
919.95,1092.04,0.8424,883.52,1,0.0051,55,0,0,0,10,3,1,0,271,0,0
7778.96,10895.64,0.714,6985.52,0,0.0311,17,0,0,0,8,0,0,0,97,0,0
3782.73,1875.59,2.0168,3502.46,0,0.0506,75,0,1,0,2,2,3,0,47,0,1
1328.6,1308.32,1.0155,1161.7,0,0.0673,59,0,1,0,10,6,2,0,664,0,0
6073.86,3418.99,1.7765,6037.19,0,0.002,10,0,1,0,1,1,2,0,173,0,0
7065.81,8888.18,0.795,6908.51,0,0.0269,33,1,2,1,8,3,0,0,347,0,0
6709.52,11499.28,0.5835,6572.43,0,0.0043,78,0,0,0,23,5,0,0,237,0,0
8943.4,11863.32,0.7539,8147.58,1,0.0144,37,0,1,1,9,2,2,0,543,0,0
1167.36,592.46,1.9704,1125.75,0,0.0195,8,0,0,0,10,4,2,0,213,0,1
5073.34,4548.42,1.1154,4421.83,1,0.0348,33,0,0,0,2,5,0,0,272,0,0
2310.15,2705.02,0.854,1966.61,0,0.0154,7,0,0,0,16,6,0,0,407,0,0
6608.03,6373.38,1.0368,5636.62,1,0.0501,34,0,1,0,10,0,4,0,78,0,0
4713.16,7386.0,0.6381,4420.9,0,0.0384,71,1,1,0,16,6,0,0,553,0,0
5393.38,8308.71,0.6491,4952.79,0,0.0119,7,0,0,0,18,4,0,0,146,0,0
3886.54,4883.68,0.7958,3605.55,1,0.0612,41,0,0,0,3,1,0,0,12,0,1
833.62,769.3,1.0836,709.51,1,0.0281,55,0,0,0,1,0,2,0,229,0,0
2906.31,2201.45,1.3202,2654.63,1,0.0531,7,0,0,0,23,3,2,0,691,0,0
14772.74,8098.77,1.8241,14148.0,0,0.0355,84,1,2,0,13,0,1,0,341,0,0
9847.8,8832.07,1.115,9024.56,0,0.0315,18,0,0,0,14,6,0,0,672,0,1
304.47,297.91,1.022,292.24,0,0.0657,43,0,1,0,2,4,1,0,164,0,0
780.36,1050.48,0.7429,690.58,1,0.045,78,1,3,0,19,5,0,0,680,0,0
644.38,851.5,0.7568,626.32,0,0.0143,40,0,0,1,21,2,1,1,382,0,0
4680.94,2331.82,2.0074,4391.96,0,0.0379,53,0,0,0,12,6,0,0,582,0,0
6108.99,5824.09,1.0489,5385.77,1,0.0421,14,0,1,0,21,2,0,0,422,0,0
990.62,648.35,1.5279,877.2,0,0.0147,21,0,1,0,12,2,2,0,438,0,1
2617.23,1621.47,1.6141,2471.2,0,0.0409,57,0,0,0,17,6,2,0,63,0,0
6579.45,10252.25,0.6418,6411.61,0,0.038,46,0,0,0,21,6,3,0,246,0,0
4769.17,2187.53,2.1802,4351.12,1,0.0123,26,1,1,0,19,6,1,0,50,0,0
2884.91,2846.99,1.0133,2563.95,0,0.0414,24,0,2,0,20,1,5,0,234,0,0
3273.56,2080.3,1.5736,3208.26,1,0.0144,5,0,0,0,6,1,5,1,528,0,0
2635.03,4297.9,0.6131,2504.31,0,0.0444,42,0,0,0,22,2,0,0,516,0,1
1386.13,1635.43,0.8476,1271.38,1,0.0284,43,0,1,0,15,3,1,0,282,0,0
3063.61,2217.85,1.3813,2828.28,1,0.05,32,0,1,0,15,4,2,0,669,0,1
4236.58,4674.63,0.9063,3730.9,0,0.0383,88,0,2,1,21,3,2,1,220,0,1
7381.4,10511.71,0.7022,6968.19,2,0.0276,6,0,2,0,5,6,4,0,348,0,0
3689.91,6425.48,0.5743,3334.98,0,0.0174,74,1,1,0,5,6,2,0,364,0,0
5161.3,3657.42,1.4112,5157.93,0,0.0462,67,0,0,0,3,2,1,1,563,0,0
760.54,1247.78,0.6095,701.24,0,0.0258,7,0,2,0,2,4,1,0,42,0,0
2316.76,3957.09,0.5855,2138.1,0,0.0218,29,0,1,0,0,1,1,0,423,0,0
182.81,307.67,0.5942,170.91,0,0.0031,34,0,1,0,2,0,3,0,135,1,1
1141.42,1471.95,0.7754,1127.17,1,0.0359,7,0,1,0,18,0,5,0,259,1,0
4687.1,6007.69,0.7802,4547.06,1,0.0226,81,0,0,0,8,4,0,0,191,0,0
16966.92,16364.51,1.0368,15570.03,0,0.0027,77,1,1,0,13,3,2,0,256,0,1
515.57,749.31,0.6881,493.82,0,0.0282,58,1,4,0,18,4,1,0,494,0,0
1946.62,2226.57,0.8743,1825.8,0,0.043,85,1,1,0,23,3,1,1,73,0,1
5784.27,7799.59,0.7416,5343.83,2,0.0108,31,0,1,0,23,6,3,0,74,0,0
948.7,948.55,1.0002,833.76,0,0.0131,73,0,2,0,18,5,2,0,635,0,0
2984.55,4250.28,0.7022,2744.56,0,0.0527,45,0,3,1,12,3,0,0,582,1,0
4772.71,7418.03,0.6434,4232.79,1,0.0169,47,0,1,0,21,0,1,0,401,0,0
3499.76,2117.39,1.6529,3455.06,0,0.0324,77,0,0,0,15,1,1,0,79,0,0
879.0,1376.6,0.6385,791.37,1,0.0456,81,0,0,0,7,2,1,1,248,0,0
1686.85,1950.7,0.8647,1674.77,0,0.0023,72,0,0,1,23,6,0,0,187,0,0
5510.3,8720.23,0.6319,5124.35,0,0.0197,73,0,0,0,15,1,0,0,653,0,0
2977.81,2989.19,0.9962,2813.23,2,0.0515,73,0,0,0,8,2,2,1,556,0,0
168.35,156.68,1.0745,156.81,0,0.0195,40,0,1,0,8,5,2,0,470,0,0
5159.39,8673.37,0.5949,4485.61,0,0.0107,30,1,1,0,23,0,2,0,579,0,0
275.82,207.32,1.3304,250.0,0,0.0637,62,0,0,0,22,6,2,1,456,0,1
4942.81,7819.02,0.6322,4274.9,0,0.0652,71,0,0,0,2,2,4,0,276,0,1
941.87,1014.99,0.928,888.6,0,0.0054,17,1,1,0,6,5,3,0,179,1,0
11251.43,12598.6,0.8931,10317.91,1,0.0497,5,0,0,0,19,6,1,0,129,0,0
1755.7,1460.49,1.2021,1697.23,0,0.0244,81,1,3,0,17,3,0,0,379,0,0
1535.68,1846.29,0.8318,1356.11,0,0.0373,1,0,0,0,23,4,0,0,115,0,0
714.24,610.89,1.1692,624.73,0,0.026,80,0,0,0,1,6,2,0,322,0,0
1426.5,649.02,2.1979,1299.47,1,0.0841,81,0,0,0,0,6,3,0,389,0,0
7474.57,5836.13,1.2807,7392.26,0,0.0215,31,0,1,1,11,2,2,0,464,0,0
19780.61,8088.9,2.4454,18921.41,1,0.0313,35,0,0,0,15,1,1,1,202,0,0
1757.75,3110.68,0.5651,1604.54,2,0.0301,72,0,1,0,11,0,2,0,629,0,0
2233.6,3913.37,0.5708,2071.87,0,0.0253,30,0,0,0,20,0,1,0,547,0,0
4631.36,4414.69,1.0491,3995.16,2,0.0375,85,0,1,1,9,6,5,0,409,0,0
7756.46,11012.0,0.7044,7738.51,0,0.0296,15,0,1,0,8,6,3,0,618,0,0
3296.68,2914.69,1.1311,3131.72,0,0.0194,56,0,0,0,20,5,2,0,152,0,0
1888.8,2530.11,0.7465,1686.34,1,0.0137,60,0,0,0,17,4,1,0,653,0,1
2012.3,3073.99,0.6546,1887.28,0,0.0875,27,1,1,0,3,3,0,0,405,0,0
4313.15,7442.16,0.5796,3737.01,1,0.0117,2,0,0,0,7,6,0,0,491,0,0
161.28,154.88,1.0413,160.45,0,0.0504,74,0,1,0,22,3,0,0,162,0,0
3532.76,5287.19,0.6682,3095.47,0,0.0406,64,0,0,0,20,0,0,0,147,0,1
1687.44,1303.21,1.2948,1598.35,1,0.0079,5,1,2,0,3,3,5,0,412,0,0
5682.93,10152.36,0.5598,5039.73,1,0.0113,68,0,2,0,15,6,0,0,256,0,0
491.61,214.38,2.2932,470.78,0,0.019,13,0,0,0,20,6,0,0,603,0,0
3255.28,4052.63,0.8033,3146.3,0,0.071,81,1,2,0,22,5,1,0,370,0,0
2445.3,3235.89,0.7557,2325.51,0,0.0274,85,0,0,0,20,4,1,0,651,0,0
3748.46,5110.14,0.7335,3531.7,0,0.0039,23,0,0,0,7,0,4,0,689,0,0
384.68,218.71,1.7589,378.48,1,0.025,50,0,0,0,6,3,0,0,291,0,0
3186.12,5460.82,0.5835,2745.78,0,0.0117,79,0,1,0,22,2,5,0,340,0,0
3035.26,1984.02,1.5299,2730.63,0,0.0273,78,0,0,0,23,2,0,0,76,0,0
3028.69,3852.05,0.7863,2687.18,0,0.0187,73,0,1,0,12,5,5,0,569,0,0
3387.67,2411.16,1.405,3381.58,1,0.0202,37,1,1,0,7,3,1,0,540,0,1
4099.6,3403.09,1.2047,3724.11,0,0.0103,30,0,1,0,21,2,2,0,505,0,0
5871.45,6840.49,0.8583,5635.96,0,0.0156,23,1,2,0,6,4,0,0,321,0,0
1250.63,1230.71,1.0162,1191.49,0,0.0173,34,1,3,1,23,1,2,0,662,0,1
6251.38,3902.84,1.6018,5512.54,0,0.0236,64,0,0,0,4,4,2,0,307,0,0
2563.83,1639.08,1.5642,2271.17,0,0.0446,55,0,0,0,17,5,0,0,347,0,0
430.66,424.37,1.0148,384.23,0,0.0373,71,0,0,0,22,4,0,0,393,0,0
361.17,527.38,0.6848,329.27,1,0.0255,9,1,2,0,18,3,5,0,199,0,1
1573.88,2608.16,0.6034,1393.12,0,0.0248,4,0,0,0,9,6,1,0,676,0,0
5528.23,2862.4,1.9313,4715.29,0,0.0237,66,0,1,0,10,4,4,0,182,0,0
4454.68,4233.48,1.0523,4374.09,0,0.0478,33,1,2,0,7,3,2,0,240,0,0
5589.26,3020.12,1.8507,5560.43,0,0.0444,32,1,1,0,5,0,1,0,66,0,0
2699.04,1142.31,2.3628,2432.47,0,0.0194,44,0,0,0,10,3,0,0,171,0,1
2180.61,2892.37,0.7539,1964.24,0,0.0294,37,0,1,0,15,5,5,0,645,0,0
708.34,880.77,0.8042,602.84,0,0.0224,67,0,0,0,3,3,2,0,593,0,0
1542.24,968.88,1.5918,1468.27,0,0.0151,60,0,0,0,1,0,0,0,165,1,0
2142.18,1558.09,1.3749,2086.09,0,0.0049,59,0,1,0,12,6,2,0,63,0,0
474.71,205.64,2.3085,413.94,1,0.0044,36,0,1,0,6,1,0,0,355,0,0
1022.36,1604.01,0.6374,893.49,0,0.0181,49,1,1,0,16,5,3,0,51,0,0
3341.52,5896.34,0.5667,3236.3,0,0.0148,51,1,2,0,22,0,0,1,584,0,0
4806.86,2834.33,1.6959,4530.19,0,0.0176,8,0,1,0,12,3,0,1,43,0,0
22569.16,16341.55,1.3811,19335.66,0,0.1123,50,0,1,0,9,5,0,0,321,0,0
9616.64,15538.31,0.6189,9072.17,0,0.007,41,0,1,0,12,2,0,0,318,0,0
3750.81,6365.31,0.5893,3361.99,1,0.0389,38,0,1,0,9,3,1,0,216,0,1
2064.08,2038.23,1.0127,1868.63,0,0.0127,86,0,1,0,6,0,2,1,191,0,0
3688.81,1736.96,2.1237,3561.4,2,0.0732,78,0,0,0,9,3,2,0,670,0,0
5540.53,2521.76,2.1971,5383.4,0,0.0644,79,1,1,0,15,6,2,0,490,1,0
590.81,711.06,0.8309,537.67,0,0.0417,55,0,1,0,2,0,1,0,90,0,1
1996.15,1896.45,1.0526,1980.33,0,0.0081,68,0,1,0,3,4,2,0,422,0,0
6559.71,2887.02,2.2721,5975.7,0,0.02,18,1,3,0,3,1,4,0,491,0,1
1844.83,2244.33,0.822,1781.69,0,0.0117,65,1,1,0,3,1,1,1,616,1,1
3119.17,1297.02,2.4049,2877.69,1,0.0119,64,0,0,0,15,5,0,0,563,0,0
3251.6,4884.95,0.6656,3201.62,0,0.0234,12,0,0,1,8,0,1,0,254,0,1
863.74,716.05,1.2063,851.79,0,0.0106,41,0,0,0,5,1,0,0,107,0,0
1724.25,786.88,2.1912,1488.22,1,0.0398,42,0,2,0,9,2,0,0,294,0,0
1575.32,1927.71,0.8172,1560.31,0,0.0097,60,0,0,0,3,5,2,0,511,0,0
242.91,232.41,1.0452,236.55,0,0.0107,50,0,0,0,22,2,4,0,236,0,0
235.71,415.63,0.5671,228.33,0,0.0094,81,1,1,0,11,1,1,0,498,0,0
6386.96,7420.87,0.8607,5621.4,0,0.0153,83,0,0,0,9,0,2,0,356,0,0
1266.24,994.42,1.2733,1229.23,0,0.0168,36,0,2,0,11,5,0,0,617,0,0
2704.91,3768.52,0.7178,2644.1,0,0.0418,48,0,0,1,18,2,1,1,304,0,1
1392.0,1085.88,1.2819,1243.57,0,0.0112,71,0,0,0,18,6,2,1,532,1,0
10036.79,16720.7,0.6003,9964.92,0,0.0059,73,0,1,0,21,1,1,0,492,0,0
1200.54,1110.03,1.0815,1029.44,0,0.02,8,0,1,0,23,3,0,0,584,0,0
2115.31,2474.52,0.8548,1845.58,0,0.0137,25,0,0,0,0,2,2,0,117,0,0
7365.06,3467.49,2.124,6854.2,0,0.0432,7,0,1,0,3,4,3,1,367,0,1
6606.59,6583.93,1.0034,6186.21,0,0.0189,8,2,3,0,12,5,2,1,642,0,0
870.72,1362.95,0.6388,824.37,0,0.0849,88,1,4,0,7,2,0,0,459,0,0
5829.6,8907.09,0.6545,4970.0,1,0.012,81,0,1,0,21,5,0,0,120,0,0
2294.92,1638.68,1.4005,2281.28,0,0.0219,76,0,0,0,13,1,0,0,213,0,0
2458.78,1761.74,1.3957,2106.41,0,0.032,31,0,0,0,15,1,0,0,183,0,0
651.45,1005.99,0.6476,567.71,2,0.0143,12,1,2,1,1,5,3,0,646,1,0
444.12,756.14,0.5874,378.44,0,0.0192,57,0,2,0,7,1,2,0,339,0,0
4706.06,2510.71,1.8744,4400.3,0,0.0013,66,0,2,0,12,0,2,0,478,0,0
2551.33,2628.08,0.9708,2525.41,0,0.0078,12,0,0,0,0,5,4,0,494,0,0
2159.74,1884.23,1.1462,2051.52,1,0.0148,27,1,1,0,11,0,0,0,231,0,0
4726.3,7651.71,0.6177,4600.57,0,0.0307,46,0,1,1,16,5,2,0,364,0,0
5226.24,2701.63,1.9345,4452.72,1,0.0289,7,0,2,0,6,3,0,0,446,0,0
755.69,525.64,1.4377,703.78,0,0.1099,61,0,0,0,15,3,0,0,484,0,0
3447.65,5011.01,0.688,3168.16,0,0.0255,58,0,0,0,13,2,0,0,246,0,0
659.02,310.93,2.1195,609.49,0,0.012,58,0,0,0,9,1,5,0,225,0,0
5021.33,5470.99,0.9178,4322.52,2,0.0399,13,0,0,0,2,3,1,1,157,0,0
3894.63,3968.43,0.9814,3710.28,1,0.0221,53,1,2,0,11,1,0,1,631,0,0
11131.71,9664.12,1.1519,10302.21,0,0.0325,65,2,3,0,7,2,2,0,606,1,1
400.08,381.04,1.05,385.99,0,0.1242,49,0,0,0,15,0,0,0,365,0,0
355.61,406.08,0.8757,328.15,1,0.0926,35,1,3,0,23,3,0,0,186,0,0
1310.41,820.2,1.5977,1143.21,0,0.013,17,0,1,0,0,4,2,0,495,0,0
