reason_code_encoded,evidence_completeness_score,has_invoice,has_shipping_proof,has_proof_of_delivery,has_customer_communication,contradiction_count,contradiction_max_severity,fraud_probability,merchant_historical_win_rate,previous_disputes_won_count,dispute_amount,evidence_quality_score,merchant_won
1,1.0,1,1,1,1,0,0,0.2625,0.4022,19,2110.91,0.7808,1
5,0.75,1,1,0,1,0,0,0.0659,0.6534,11,7924.42,0.5749,1
2,0.75,1,1,1,0,0,0,0.2505,0.7771,25,4523.06,0.5337,1
2,0.75,1,0,1,1,1,3,0.3944,0.3537,44,906.52,0.6469,1
0,0.5,1,0,0,1,1,2,0.5198,0.6169,35,263.82,0.4084,0
0,0.5,1,0,1,0,1,1,0.0618,0.7807,15,4422.39,0.4765,1
0,1.0,1,1,1,1,2,2,0.2499,0.569,6,6643.89,0.6612,0
3,0.5,1,1,0,0,2,3,0.2007,0.8652,32,4325.52,0.4377,0
2,0.75,0,1,1,1,0,0,0.2367,0.6029,47,3712.86,0.6878,1
2,0.25,1,0,0,0,0,0,0.3449,0.8513,1,1103.69,0.229,1
0,0.5,0,0,1,1,1,2,0.1423,0.7201,32,2488.44,0.4801,1
5,0.5,0,1,1,0,0,0,0.4925,0.5765,13,4617.96,0.4526,1
3,1.0,1,1,1,1,0,0,0.3986,0.6364,19,852.14,0.9747,1
0,0.5,1,0,1,0,0,0,0.1958,0.7924,36,2365.56,0.3832,1
0,1.0,1,1,1,1,2,2,0.2817,0.5887,26,535.62,0.8261,1
0,0.75,1,0,1,1,0,0,0.0464,0.7474,46,2747.94,0.4912,1
0,0.75,1,1,0,1,1,1,0.0392,0.586,41,3082.81,0.4893,0
1,1.0,1,1,1,1,0,0,0.0476,0.801,20,2782.92,0.734,1
1,0.5,0,0,1,1,0,0,0.2083,0.7368,1,2318.54,0.3426,1
0,0.5,1,0,0,1,0,0,0.2959,0.4142,42,3198.93,0.3705,0
2,1.0,1,1,1,1,0,0,0.0211,0.679,15,20205.59,0.712,1
0,0.75,1,0,1,1,1,2,0.1591,0.6932,18,3509.98,0.495,1
0,1.0,1,1,1,1,1,1,0.0524,0.7776,3,4988.16,0.9683,1
1,0.25,0,1,0,0,0,0,0.2162,0.7043,9,846.7,0.1632,0
1,0.5,1,1,0,0,1,2,0.1322,0.309,21,2742.75,0.4538,0
2,0.5,1,1,0,0,0,0,0.2507,0.7799,11,126.37,0.3516,1
0,1.0,1,1,1,1,0,0,0.2674,0.7363,1,211.87,0.9693,1
1,0.25,1,0,0,0,0,0,0.3118,0.8652,1,1462.61,0.2406,1
2,1.0,1,1,1,1,1,3,0.1442,0.7202,40,2299.7,0.8789,1
0,0.75,1,1,0,1,1,3,0.3848,0.8347,43,3100.08,0.664,0
2,0.75,1,1,1,0,0,0,0.0579,0.6209,33,7762.53,0.4889,1
0,0.5,1,0,0,1,2,2,0.1551,0.3598,17,5270.7,0.4974,0
0,0.5,1,0,1,0,0,0,0.143,0.7603,15,1348.25,0.4786,1
4,0.5,1,1,0,0,0,0,0.1897,0.6606,18,4861.98,0.4816,1
5,0.75,1,0,1,1,0,0,0.0906,0.8826,46,2890.04,0.6606,1
3,0.5,1,1,0,0,1,3,0.7549,0.5104,24,5386.45,0.3853,0
0,0.5,0,1,1,0,0,0,0.1624,0.7697,29,1952.95,0.4814,1
0,1.0,1,1,1,1,1,3,0.0473,0.6697,47,437.38,0.752,1
2,0.5,1,1,0,0,0,0,0.1131,0.6677,5,3472.64,0.4235,1
1,1.0,1,1,1,1,0,0,0.0913,0.9814,26,2949.95,0.6849,1
0,1.0,1,1,1,1,2,2,0.1694,0.5444,14,10846.86,0.9727,1
1,0.25,1,0,0,0,0,0,0.1392,0.7649,30,719.12,0.1748,0
0,0.75,1,1,1,0,1,1,0.1047,0.3903,43,3836.25,0.5465,1
4,0.5,0,1,0,1,0,0,0.4972,0.6622,21,2349.08,0.4227,1
0,1.0,1,1,1,1,2,2,0.1049,0.6361,11,1767.05,0.9174,1
2,0.75,1,1,1,0,0,0,0.2594,0.3095,9,5639.23,0.6501,1
0,0.5,0,1,0,1,0,0,0.2259,0.7741,20,5924.56,0.3656,0
1,0.75,1,1,1,0,0,0,0.2678,0.6591,46,4488.53,0.4877,0
1,1.0,1,1,1,1,1,3,0.1591,0.847,30,405.56,0.915,1
0,0.25,0,0,1,0,1,0,0.165,0.7918,35,1581.51,0.2487,1
5,0.75,1,1,1,0,0,0,0.4107,0.886,9,267.57,0.7001,1
2,0.75,1,1,1,0,0,0,0.1192,0.4505,18,1573.88,0.6083,1
4,1.0,1,1,1,1,1,1,0.2092,0.472,22,3753.62,0.9663,1
4,1.0,1,1,1,1,0,0,0.2326,0.6711,45,2659.48,0.7934,1
2,1.0,1,1,1,1,0,0,0.2743,0.6638,9,4348.34,0.8337,1
4,0.5,1,0,1,0,0,0,0.485,0.839,48,2906.16,0.4085,1
0,0.75,1,1,1,0,0,0,0.0832,0.62,26,2940.29,0.605,1
0,0.5,1,0,1,0,0,0,0.2482,0.773,42,2603.63,0.4607,1
0,1.0,1,1,1,1,0,0,0.2278,0.6502,49,1685.74,0.8344,1
0,1.0,1,1,1,1,0,0,0.483,0.6017,1,2170.64,0.7609,1
1,0.5,0,0,1,1,0,0,0.2745,0.8969,10,517.47,0.3702,0
0,0.25,1,0,0,0,0,0,0.2132,0.6994,7,6395.92,0.1658,0
3,1.0,1,1,1,1,0,0,0.3259,0.8336,18,7800.47,0.8541,1
1,0.5,1,0,1,0,0,0,0.1416,0.8165,15,5187.57,0.3652,1
0,0.5,0,1,0,1,0,0,0.2423,0.4846,3,3166.26,0.3509,0
1,0.5,1,0,1,0,1,1,0.1646,0.5821,13,3047.22,0.4394,1
0,0.75,1,0,1,1,0,0,0.4429,0.8001,21,2324.21,0.6663,1
3,0.5,1,1,0,0,0,0,0.0647,0.8249,16,1020.9,0.4566,1
0,0.5,1,1,0,0,1,0,0.2952,0.9594,42,1794.66,0.4131,0
5,0.75,1,1,0,1,0,0,0.4436,0.8951,25,16185.28,0.7222,1
2,0.75,1,1,1,0,0,0,0.1896,0.6975,34,651.58,0.7333,1
0,0.5,1,1,0,0,0,0,0.3258,0.3999,35,2838.33,0.4663,0
0,0.75,1,1,0,1,2,2,0.0263,0.4918,44,7148.46,0.6543,1
3,1.0,1,1,1,1,1,3,0.3457,0.8911,48,2211.58,0.7563,1
2,0.75,1,1,0,1,0,0,0.4056,0.7373,29,3356.45,0.7455,1
2,0.5,1,1,0,0,0,0,0.1813,0.9048,20,6256.71,0.373,1
2,0.75,1,1,0,1,0,0,0.1974,0.49,19,2875.86,0.5407,0
0,0.75,1,0,1,1,0,0,0.2156,0.6756,41,4701.76,0.6036,1
1,0.75,1,1,1,0,1,0,0.0964,0.5494,25,1593.08,0.5024,1
0,0.5,1,0,0,1,2,2,0.0921,0.5371,11,4722.08,0.4962,0
3,0.5,0,1,1,0,0,0,0.3982,0.2147,7,246.6,0.428,0
2,0.25,0,0,1,0,1,2,0.1594,0.5282,34,680.77,0.2112,0
0,0.5,1,1,0,0,1,2,0.2064,0.8471,28,3649.59,0.4398,0
0,0.5,1,1,0,0,0,0,0.2599,0.6951,41,2185.78,0.412,1
0,0.5,1,0,0,1,0,0,0.3582,0.7334,6,6268.02,0.3306,0
0,0.75,1,0,1,1,1,3,0.2413,0.567,9,1564.79,0.6482,0
2,0.5,0,0,1,1,1,2,0.0839,0.7275,38,5201.64,0.4503,1
2,0.75,1,1,0,1,1,0,0.0487,0.7201,49,624.27,0.5969,1
4,0.75,1,1,1,0,0,0,0.3508,0.8183,19,9414.75,0.6863,1
1,0.5,1,0,0,1,0,0,0.5007,0.453,27,1997.14,0.3647,1
0,1.0,1,1,1,1,0,0,0.0918,0.7039,13,1018.88,0.7274,1
2,0.75,1,1,1,0,0,0,0.0784,0.5855,11,5548.16,0.5299,1
2,0.75,1,1,0,1,0,0,0.3961,0.6702,7,10440.14,0.5851,1
2,1.0,1,1,1,1,0,0,0.2432,0.8357,6,8857.12,0.9465,1
2,0.75,1,1,0,1,0,0,0.7068,0.7163,4,1051.05,0.7048,1
1,1.0,1,1,1,1,1,3,0.116,0.7761,0,4001.68,0.784,1
1,0.25,1,0,0,0,0,0,0.0837,0.8938,46,2870.42,0.214,1
1,0.5,1,0,1,0,1,3,0.0192,0.6479,8,4619.77,0.4511,0
0,0.25,1,0,0,0,1,1,0.1732,0.8869,43,2435.72,0.1836,0
0,0.75,1,0,1,1,0,0,0.2171,0.7897,17,2320.51,0.5316,1
0,0.75,1,1,0,1,0,0,0.0261,0.2224,42,7600.78,0.7427,0
2,1.0,1,1,1,1,0,0,0.2347,0.8284,41,7274.76,0.8661,1
0,0.5,1,1,0,0,0,0,0.126,0.5704,9,5522.43,0.4967,0
1,0.5,1,0,1,0,0,0,0.1695,0.6507,49,4371.48,0.3841,1
4,0.5,1,0,0,1,0,0,0.1935,0.6928,0,4070.2,0.448,1
0,0.75,1,1,0,1,0,0,0.2265,0.4926,19,302.38,0.5459,1
1,0.75,1,1,1,0,0,0,0.0655,0.6923,42,4945.54,0.5561,1
2,0.5,1,0,0,1,0,0,0.1208,0.738,28,3657.4,0.4146,1
0,0.75,1,1,0,1,0,0,0.224,0.4671,1,1360.44,0.5714,1
0,1.0,1,1,1,1,0,0,0.3079,0.6174,25,6103.77,0.7087,1
0,1.0,1,1,1,1,0,0,0.2305,0.6082,10,6352.6,0.742,1
0,0.5,1,1,0,0,0,0,0.1777,0.7945,24,9518.69,0.3313,1
4,0.75,1,0,1,1,0,0,0.0791,0.7942,33,1996.65,0.6724,1
3,0.75,1,0,1,1,0,0,0.5191,0.8171,40,2904.51,0.6167,1
2,0.5,1,1,0,0,0,0,0.6126,0.8503,0,8373.91,0.3415,1
3,0.75,1,1,1,0,0,0,0.0688,0.8259,30,1433.39,0.5326,1
3,1.0,1,1,1,1,0,0,0.1803,0.6816,37,5674.77,0.6859,1
0,0.75,1,1,1,0,0,0,0.6272,0.1512,21,16984.52,0.6483,1
4,0.0,0,0,0,0,0,0,0.1464,0.5799,1,3793.79,0.1,0
1,1.0,1,1,1,1,0,0,0.2957,0.7999,46,14508.92,0.914,1
3,0.25,1,0,0,0,0,0,0.2657,0.5955,0,2638.49,0.1643,1
4,0.75,1,1,0,1,0,0,0.2289,0.3498,23,681.41,0.553,1
0,0.5,1,1,0,0,1,0,0.5101,0.5773,49,775.83,0.4809,0
0,1.0,1,1,1,1,0,0,0.2071,0.7064,35,4700.53,0.9015,1
0,0.75,1,1,1,0,0,0,0.1783,0.8354,44,103.18,0.5067,1
1,0.75,1,1,1,0,0,0,0.2092,0.8312,35,3895.32,0.703,1
3,0.75,1,1,1,0,1,2,0.1563,0.7408,46,674.06,0.6169,0
3,0.75,1,1,0,1,1,0,0.3597,0.8857,33,14654.65,0.7098,1
0,0.5,1,0,0,1,0,0,0.0496,0.7292,8,723.29,0.4301,1
1,0.25,1,0,0,0,0,0,0.1047,0.8875,11,2913.99,0.2222,0
1,0.5,1,0,0,1,0,0,0.1743,0.5456,45,3974.45,0.4989,1
0,0.5,0,0,1,1,0,0,0.3043,0.7386,19,6092.01,0.3657,1
0,1.0,1,1,1,1,0,0,0.1423,0.6796,3,2251.88,0.8684,1
0,0.5,1,1,0,0,0,0,0.322,0.7323,14,9602.7,0.4056,0
4,0.75,1,1,0,1,1,1,0.1663,0.5558,3,2390.4,0.4979,1
0,0.25,1,0,0,0,0,0,0.6358,0.7488,4,1116.51,0.1638,0
1,0.5,0,1,1,0,0,0,0.2525,0.8862,9,3246.6,0.3459,1
2,1.0,1,1,1,1,1,0,0.5224,0.6844,43,3855.36,0.8772,1
1,1.0,1,1,1,1,0,0,0.2968,0.6788,43,2578.14,0.8485,1
5,0.75,1,1,1,0,0,0,0.0774,0.8181,39,4724.16,0.6328,1
5,0.75,1,1,1,0,0,0,0.0604,0.7564,35,2010.66,0.4959,1
0,0.5,1,0,0,1,0,0,0.1652,0.6763,34,115.21,0.4071,1
1,0.5,1,0,0,1,0,0,0.3537,0.5226,0,1175.4,0.4868,1
0,0.75,1,1,1,0,1,3,0.1422,0.6796,17,10309.57,0.5919,0
0,1.0,1,1,1,1,0,0,0.0361,0.3974,30,5142.23,0.8687,1
0,0.5,1,1,0,0,0,0,0.5458,0.5884,45,835.51,0.4615,0
2,0.5,1,0,1,0,1,1,0.0539,0.768,48,341.42,0.4622,1
1,1.0,1,1,1,1,0,0,0.2084,0.91,5,1612.03,0.8317,1
0,0.75,1,1,1,0,0,0,0.183,0.8411,5,6434.06,0.7127,1
0,0.75,1,1,1,0,0,0,0.0246,0.4475,41,492.09,0.5902,1
4,0.75,1,0,1,1,1,0,0.3105,0.459,18,2843.46,0.7208,1
0,0.75,1,0,1,1,1,0,0.1173,0.8735,31,1225.54,0.5506,1
0,0.5,1,1,0,0,0,0,0.0553,0.7126,41,4634.45,0.374,0
1,0.75,1,1,0,1,1,3,0.6386,0.717,29,101.44,0.5014,1
5,0.25,0,0,0,1,0,0,0.4354,0.7627,25,1236.05,0.2321,1
0,0.25,1,0,0,0,0,0,0.198,0.5076,2,4079.83,0.199,0
2,1.0,1,1,1,1,0,0,0.5662,0.7065,32,2869.59,0.7302,1
2,0.75,1,1,1,0,0,0,0.0438,0.6561,49,5381.45,0.5483,1
0,0.5,1,1,0,0,2,2,0.1657,0.8541,30,700.57,0.4827,0
2,1.0,1,1,1,1,0,0,0.2196,0.6233,46,2749.85,0.9419,1
1,0.75,1,1,0,1,0,0,0.3643,0.6642,19,862.54,0.6328,1
2,0.25,1,0,0,0,0,0,0.2551,0.5371,3,3668.21,0.2164,1
2,0.5,1,1,0,0,0,0,0.1371,0.8757,31,592.82,0.408,1
1,0.75,1,1,0,1,0,0,0.0365,0.7438,17,663.44,0.5903,1
0,0.5,1,1,0,0,0,0,0.1914,0.6042,9,1492.31,0.4852,1
3,0.75,1,1,1,0,0,0,0.0598,0.4642,21,1899.03,0.5205,1
0,0.5,1,0,1,0,0,0,0.0552,0.5025,16,2515.95,0.3982,1
0,0.75,1,0,1,1,0,0,0.2297,0.5034,41,3142.15,0.5779,1
0,0.5,1,1,0,0,1,0,0.1612,0.6465,3,2314.25,0.4122,1
2,0.25,1,0,0,0,0,0,0.1133,0.788,36,263.5,0.2025,1
2,0.5,1,0,0,1,0,0,0.4928,0.8458,6,1572.7,0.4158,1
0,0.75,0,1,1,1,0,0,0.231,0.5188,7,321.71,0.5242,1
1,0.75,1,1,0,1,0,0,0.0551,0.7531,0,539.8,0.6222,1
0,0.75,1,1,1,0,0,0,0.1329,0.9415,7,440.96,0.5511,1
2,1.0,1,1,1,1,1,2,0.5607,0.5049,18,702.31,0.7145,1
0,0.75,1,1,1,0,0,0,0.3717,0.7545,16,5966.78,0.5045,1
2,0.75,1,1,1,0,0,0,0.6958,0.5623,40,3556.99,0.6877,1
1,0.75,1,1,0,1,2,0,0.2575,0.6102,47,2573.81,0.5997,1
4,0.5,1,1,0,0,0,0,0.2814,0.5541,8,4712.05,0.4347,1
0,0.5,1,1,0,0,1,0,0.1428,0.4773,15,11474.82,0.4523,0
0,0.75,1,1,1,0,0,0,0.3019,0.7019,44,1992.54,0.6658,1
0,0.5,1,1,0,0,2,3,0.0955,0.8817,36,1702.78,0.4073,0
4,0.25,0,1,0,0,0,0,0.0317,0.4736,26,13422.66,0.1964,0
3,1.0,1,1,1,1,0,0,0.3265,0.4255,1,5264.17,0.7816,1
0,0.25,1,0,0,0,0,0,0.1259,0.816,35,5353.79,0.2185,0
2,0.75,1,1,1,0,0,0,0.1212,0.5217,11,3306.51,0.6174,1
3,0.5,1,0,1,0,1,0,0.497,0.7634,49,2575.42,0.4736,1
2,0.75,1,1,0,1,1,0,0.0889,0.804,34,2899.38,0.7171,0
1,0.75,1,1,0,1,0,0,0.101,0.7974,30,3795.29,0.5323,1
0,0.5,1,1,0,0,1,2,0.6046,0.7355,18,1755.33,0.3488,0
0,1.0,1,1,1,1,0,0,0.3053,0.6911,25,5436.15,0.8706,1
4,0.75,1,1,1,0,0,0,0.2486,0.5238,35,8497.64,0.5666,1
4,0.75,1,1,1,0,0,0,0.6662,0.9061,3,3064.36,0.4924,1
2,0.75,1,1,1,0,2,3,0.2415,0.4671,47,1781.47,0.7208,1
0,0.5,0,1,1,0,1,1,0.1392,0.7208,42,4262.83,0.3647,0
0,0.25,1,0,0,0,1,3,0.2038,0.6349,30,803.83,0.2438,0
2,0.5,1,0,0,1,0,0,0.4394,0.3883,12,12210.27,0.4506,1
4,0.5,1,0,1,0,0,0,0.6886,0.7967,42,3855.18,0.4585,1
4,0.75,1,1,0,1,0,0,0.1504,0.8942,38,344.86,0.5404,1
2,0.5,1,1,0,0,0,0,0.1031,0.8878,45,2740.72,0.366,1
2,0.75,1,1,1,0,1,0,0.0865,0.6883,3,4956.8,0.6243,1
0,0.25,0,0,1,0,1,3,0.1989,0.7203,39,1239.31,0.1776,0
0,0.75,1,0,1,1,0,0,0.1513,0.4945,43,283.17,0.5677,1
4,0.5,0,1,1,0,0,0,0.0615,0.7822,12,2450.96,0.3813,1
2,0.5,1,0,0,1,1,3,0.419,0.5929,40,6377.28,0.3529,0
0,0.75,1,1,1,0,0,0,0.276,0.7565,8,1114.05,0.5414,1
0,0.5,1,1,0,0,0,0,0.2284,0.788,1,4518.24,0.463,0
2,0.5,1,1,0,0,0,0,0.4417,0.8016,34,1933.63,0.3543,1
0,0.5,1,0,1,0,1,1,0.2533,0.7759,11,315.19,0.33,1
0,0.25,1,0,0,0,0,0,0.3119,0.5218,16,1368.23,0.2176,0
1,0.5,1,0,1,0,0,0,0.0367,0.4961,3,1418.57,0.4958,0
2,0.75,1,1,0,1,1,2,0.1571,0.8706,13,8326.23,0.5744,0
2,0.5,0,1,1,0,0,0,0.0565,0.4775,20,14112.21,0.3458,1
0,0.5,1,0,0,1,0,0,0.0944,0.7762,40,924.0,0.4248,1
2,0.75,1,1,1,0,0,0,0.2718,0.5562,7,2070.57,0.7254,1
0,1.0,1,1,1,1,0,0,0.2589,0.7012,32,13258.08,0.9244,1
0,0.5,1,0,0,1,0,0,0.1617,0.8403,44,1930.55,0.4339,0
2,0.5,1,1,0,0,1,3,0.0255,0.8973,27,1603.28,0.3801,0
2,0.5,1,1,0,0,0,0,0.2471,0.8657,2,507.4,0.4198,0
3,0.25,0,0,0,1,1,3,0.4647,0.6886,13,4998.32,0.1705,0
2,1.0,1,1,1,1,0,0,0.3149,0.7728,18,2173.43,0.8876,1
2,0.75,1,1,1,0,0,0,0.3808,0.7882,5,3662.8,0.6778,1
0,0.25,0,1,0,0,0,0,0.2031,0.9452,35,2595.7,0.2469,0
1,0.75,1,1,0,1,1,3,0.3857,0.6328,19,771.34,0.5559,1
0,0.25,0,1,0,0,0,0,0.3269,0.7116,0,779.12,0.1641,0
0,1.0,1,1,1,1,0,0,0.5452,0.8218,9,9932.75,0.841,1
5,0.5,1,1,0,0,1,3,0.1477,0.7445,12,7810.2,0.4487,0
1,0.75,1,1,1,0,0,0,0.4089,0.6324,11,3401.32,0.695,1
4,1.0,1,1,1,1,1,3,0.4143,0.7039,10,104.36,0.7178,1
2,0.75,1,0,1,1,1,3,0.1876,0.4885,35,2087.71,0.5562,1
2,0.75,1,1,1,0,0,0,0.6027,0.7633,16,2745.77,0.6221,1
1,0.75,0,1,1,1,0,0,0.1699,0.6503,46,2188.85,0.5743,1
2,1.0,1,1,1,1,0,0,0.0393,0.3908,28,9186.97,0.9512,1
1,0.75,1,1,0,1,0,0,0.1227,0.8129,2,246.04,0.6119,1
0,0.25,1,0,0,0,0,0,0.1024,0.4386,28,3824.01,0.2325,0
2,1.0,1,1,1,1,0,0,0.4505,0.5269,9,1418.24,0.8532,1
0,0.75,1,0,1,1,0,0,0.304,0.884,45,2969.27,0.6904,1
0,1.0,1,1,1,1,0,0,0.2787,0.729,18,3834.06,0.7664,1
2,0.75,0,1,1,1,1,3,0.1697,0.8057,3,2134.5,0.7057,0
0,0.75,1,1,1,0,1,3,0.4038,0.8296,45,662.13,0.5596,0
4,1.0,1,1,1,1,0,0,0.1717,0.8811,37,2661.89,0.8411,1
5,0.5,0,1,0,1,0,0,0.136,0.6681,11,9558.43,0.3625,0
4,0.75,1,1,1,0,1,3,0.1399,0.7343,30,2786.64,0.6123,1
1,0.75,1,1,1,0,0,0,0.0953,0.7087,1,559.13,0.571,1
0,0.75,1,1,1,0,1,0,0.2251,0.8797,48,6183.69,0.5575,1
4,1.0,1,1,1,1,0,0,0.2041,0.6566,0,977.45,0.9884,1
1,0.0,0,0,0,0,3,0,0.2183,0.7259,16,1718.33,0.1,0
5,0.75,1,0,1,1,0,0,0.0913,0.8016,24,2059.79,0.6942,1
5,1.0,1,1,1,1,0,0,0.269,0.6959,4,1552.71,0.9945,1
3,0.5,0,1,0,1,0,0,0.0847,0.5729,47,1913.95,0.3285,1
0,0.75,0,1,1,1,1,2,0.2801,0.6325,13,5654.82,0.671,0
1,0.5,1,0,0,1,0,0,0.5148,0.7328,9,984.72,0.3693,1
3,0.5,1,1,0,0,0,0,0.1468,0.7432,20,2324.84,0.3321,1
0,0.75,1,1,0,1,0,0,0.1774,0.8113,24,170.74,0.5933,0
0,0.5,1,0,1,0,0,0,0.1779,0.5313,34,2580.09,0.4887,1
2,1.0,1,1,1,1,0,0,0.1296,0.7169,2,514.52,0.6541,1
4,0.75,1,1,1,0,1,1,0.2475,0.8598,17,1260.65,0.6418,1
2,1.0,1,1,1,1,1,1,0.1215,0.819,49,1474.99,0.8255,1
2,1.0,1,1,1,1,0,0,0.1331,0.3281,35,400.8,0.9557,1
0,0.75,1,1,0,1,0,0,0.1931,0.7258,38,1665.1,0.5096,1
2,0.25,1,0,0,0,1,1,0.2464,0.5262,32,2512.44,0.2221,0
5,0.75,1,1,1,0,0,0,0.0651,0.5713,47,2074.15,0.666,1
0,0.75,1,1,0,1,0,0,0.3331,0.5665,16,1251.83,0.6631,0
1,0.75,1,1,1,0,0,0,0.0243,0.6715,39,1322.73,0.7349,1
3,1.0,1,1,1,1,1,3,0.2866,0.9386,5,3613.94,0.9381,1
2,0.75,1,1,1,0,0,0,0.1413,0.6975,33,4535.39,0.4985,1
2,1.0,1,1,1,1,0,0,0.3903,0.6645,25,3107.46,0.8149,1
2,0.25,1,0,0,0,1,2,0.2147,0.3872,41,13181.49,0.1973,0
1,0.75,1,1,0,1,0,0,0.2276,0.5995,30,10243.47,0.5689,1
0,1.0,1,1,1,1,0,0,0.1709,0.8525,48,462.81,0.808,1
3,0.25,0,1,0,0,0,0,0.3612,0.4827,27,1160.37,0.1961,0
3,0.75,1,1,1,0,0,0,0.2081,0.5829,35,7197.8,0.601,1
3,0.25,1,0,0,0,1,3,0.0953,0.4326,12,205.39,0.2482,0
4,1.0,1,1,1,1,0,0,0.243,0.4975,20,3239.4,0.681,1
1,1.0,1,1,1,1,1,1,0.2763,0.64,25,10915.11,0.9728,1
1,1.0,1,1,1,1,0,0,0.0771,0.6133,30,4074.02,0.8181,1
2,0.75,1,1,0,1,0,0,0.1118,0.8973,15,437.53,0.6512,1
2,0.5,1,1,0,0,0,0,0.2585,0.3153,30,4921.61,0.4703,1
2,0.5,1,0,1,0,1,0,0.0599,0.8474,12,1753.34,0.3881,1
2,0.25,0,1,0,0,0,0,0.0863,0.4557,29,9007.8,0.2002,1
4,0.5,1,0,1,0,1,0,0.127,0.8245,31,1280.6,0.3967,1
0,1.0,1,1,1,1,1,2,0.1077,0.6741,4,2343.48,0.7812,1
1,0.75,1,0,1,1,0,0,0.2991,0.6154,11,4904.85,0.7305,1
0,0.25,0,0,1,0,0,0,0.2399,0.5303,38,1142.25,0.235,1
2,0.75,1,1,0,1,0,0,0.0954,0.9129,40,802.19,0.5161,1
0,1.0,1,1,1,1,0,0,0.5254,0.7982,36,109.49,0.6878,1
1,0.75,1,1,1,0,0,0,0.2958,0.7314,3,2442.75,0.5998,1
1,0.75,1,1,1,0,1,0,0.1365,0.806,41,9338.96,0.5134,1
0,0.75,1,1,1,0,1,2,0.1985,0.2441,47,1257.0,0.65,0
2,1.0,1,1,1,1,0,0,0.0608,0.9094,42,255.22,0.7003,1
0,0.75,1,1,0,1,1,1,0.3021,0.9163,28,3490.52,0.6246,0
0,0.75,1,0,1,1,2,0,0.3052,0.6465,40,302.33,0.4894,1
3,0.75,1,1,1,0,0,0,0.2361,0.5164,4,2574.74,0.5706,0
1,0.5,1,1,0,0,0,0,0.2105,0.475,10,1781.77,0.4435,1
0,0.75,0,1,1,1,0,0,0.3441,0.9377,29,2358.08,0.6146,1
1,0.5,0,0,1,1,0,0,0.4571,0.4497,8,721.26,0.4962,1
2,0.5,1,0,0,1,1,1,0.3993,0.6966,48,430.86,0.478,1
0,0.25,0,0,0,1,0,0,0.0344,0.3685,27,4937.93,0.1939,0
2,0.5,0,1,1,0,0,0,0.0672,0.8938,21,1086.72,0.333,0
0,0.75,1,1,0,1,1,0,0.2095,0.3478,10,5740.46,0.7095,0
0,0.75,1,0,1,1,0,0,0.28,0.8449,20,5072.34,0.7267,1
1,0.75,1,1,1,0,0,0,0.2929,0.5007,5,873.92,0.7029,1
1,1.0,1,1,1,1,2,0,0.2304,0.7235,25,8461.95,0.6948,1
2,0.75,1,1,1,0,1,3,0.1283,0.6746,15,715.57,0.7495,1
2,0.75,1,1,1,0,1,2,0.2127,0.5487,13,5683.44,0.5554,1
5,0.5,1,0,1,0,0,0,0.1936,0.7633,34,2009.77,0.4517,1
1,0.25,0,1,0,0,0,0,0.127,0.6921,41,807.48,0.242,1
0,0.5,1,1,0,0,0,0,0.0131,0.5551,35,9838.46,0.3662,1
2,0.5,0,1,1,0,1,1,0.0754,0.7247,21,11663.37,0.4839,0
0,1.0,1,1,1,1,1,0,0.2622,0.4138,1,2606.54,0.7583,1
1,0.5,1,0,0,1,0,0,0.17,0.5491,12,2316.63,0.4959,1
0,0.75,1,1,1,0,0,0,0.1672,0.7443,10,8188.63,0.5613,1
0,0.5,1,0,1,0,0,0,0.5016,0.8369,11,3273.38,0.4919,1
5,0.75,1,1,0,1,1,1,0.2845,0.8384,32,1182.55,0.5016,1
3,0.5,1,1,0,0,0,0,0.0741,0.7537,21,2038.05,0.4491,1
2,0.5,1,0,1,0,0,0,0.0451,0.8564,8,6427.38,0.4181,1
1,1.0,1,1,1,1,0,0,0.3081,0.9431,43,6970.49,0.8173,1
0,0.75,1,0,1,1,1,3,0.0954,0.5531,6,9903.62,0.5462,0
0,1.0,1,1,1,1,1,1,0.0319,0.7546,16,1290.15,0.897,1
0,0.75,1,1,0,1,0,0,0.1951,0.6829,9,4087.5,0.5376,1
1,0.75,1,1,1,0,1,2,0.1452,0.6216,37,347.94,0.6326,0
2,1.0,1,1,1,1,0,0,0.3895,0.8271,38,4629.95,0.7386,1
2,0.75,1,1,1,0,0,0,0.2459,0.9005,45,2998.98,0.7384,1
0,0.5,1,1,0,0,0,0,0.2274,0.7213,24,1105.8,0.33,0
5,0.5,1,1,0,0,1,3,0.0373,0.6171,26,3821.01,0.36,0
2,0.75,1,1,0,1,1,2,0.4884,0.5761,29,608.33,0.5511,0
2,0.5,1,0,1,0,0,0,0.3648,0.718,29,1521.61,0.3975,1
2,0.75,0,1,1,1,0,0,0.6451,0.8858,42,1893.22,0.5486,1
1,0.75,1,0,1,1,0,0,0.3785,0.4623,33,5354.2,0.6165,1
0,0.5,0,1,0,1,1,1,0.2061,0.5685,32,1392.56,0.4777,0
1,0.5,1,0,0,1,0,0,0.1358,0.5675,31,275.97,0.4496,1
2,0.5,0,0,1,1,1,3,0.3429,0.8517,41,797.74,0.4265,1
0,1.0,1,1,1,1,0,0,0.3773,0.667,11,3378.56,0.6812,1
0,0.75,1,1,1,0,1,2,0.038,0.8546,40,153.79,0.6697,1
0,0.5,0,1,0,1,0,0,0.1937,0.7856,22,5599.67,0.3541,1
0,0.75,1,0,1,1,0,0,0.032,0.712,28,8198.47,0.6939,1
3,0.75,1,1,0,1,0,0,0.2048,0.7172,42,2493.95,0.5531,1
2,0.75,1,1,0,1,0,0,0.3865,0.5963,0,4404.08,0.597,1
1,1.0,1,1,1,1,0,0,0.3768,0.2921,19,2274.04,0.7727,1
0,0.5,1,0,0,1,0,0,0.0135,0.6116,9,1392.46,0.4753,1
1,0.75,1,1,0,1,2,3,0.2405,0.872,18,730.57,0.5207,0
1,0.5,0,0,1,1,0,0,0.0438,0.4708,22,2655.52,0.424,1
0,0.5,0,1,1,0,0,0,0.0892,0.7443,20,9401.89,0.3499,1
1,1.0,1,1,1,1,0,0,0.2353,0.8086,42,7824.58,0.8967,1
1,1.0,1,1,1,1,0,0,0.1925,0.5842,34,8923.72,0.9668,1
2,0.75,1,1,0,1,0,0,0.0806,0.633,47,11977.66,0.6016,1
2,0.75,1,1,0,1,0,0,0.2536,0.8054,31,732.63,0.6156,1
0,0.75,1,1,1,0,1,0,0.2499,0.6635,9,654.54,0.7309,1
1,1.0,1,1,1,1,0,0,0.0675,0.7633,1,2053.7,0.8323,1
2,0.75,0,1,1,1,0,0,0.2799,0.6412,35,4191.38,0.6155,1
1,0.75,1,1,0,1,0,0,0.2284,0.8077,47,2127.45,0.6393,1
3,0.75,1,1,1,0,0,0,0.3758,0.8397,5,7901.19,0.6684,1
2,0.75,1,1,0,1,0,0,0.4016,0.8341,42,4522.99,0.5156,0
0,1.0,1,1,1,1,0,0,0.2026,0.3284,16,3617.65,0.9374,1
0,0.75,1,1,1,0,0,0,0.3416,0.4006,14,357.91,0.6018,1
2,0.75,1,1,1,0,0,0,0.2122,0.7912,35,774.72,0.5065,1
0,0.5,1,0,1,0,2,3,0.1571,0.7856,23,2056.1,0.4626,0
2,0.75,0,1,1,1,0,0,0.3448,0.8249,39,13209.04,0.5864,1
4,0.75,1,1,1,0,1,3,0.3671,0.7817,28,1524.78,0.5138,0
2,0.5,1,0,1,0,0,0,0.1973,0.7623,49,3579.65,0.4359,1
1,0.25,0,0,0,1,0,0,0.3832,0.7354,13,15854.74,0.2395,1
2,0.75,1,1,1,0,0,0,0.2309,0.5704,1,1172.96,0.7205,1
1,0.5,1,1,0,0,1,2,0.0836,0.5124,47,738.13,0.4926,0
1,1.0,1,1,1,1,0,0,0.2276,0.7377,21,2866.37,0.9537,1
4,0.75,1,0,1,1,0,0,0.1503,0.6522,46,2909.51,0.4881,1
1,0.75,0,1,1,1,0,0,0.29,0.5445,5,9023.58,0.5873,1
5,0.25,1,0,0,0,0,0,0.1564,0.5975,8,193.75,0.2341,1
4,0.75,1,1,0,1,1,1,0.2844,0.6709,11,1931.19,0.5836,1
0,0.75,1,0,1,1,0,0,0.2179,0.9517,41,1410.65,0.6454,1
0,0.5,1,0,1,0,1,3,0.2777,0.7304,38,3062.48,0.4311,1
0,0.5,1,0,1,0,1,3,0.1716,0.8681,4,132.81,0.3889,0
0,0.5,1,1,0,0,0,0,0.3309,0.7289,39,4445.42,0.4833,0
0,0.5,1,0,1,0,0,0,0.2251,0.6611,43,2422.49,0.4131,1
2,1.0,1,1,1,1,0,0,0.1196,0.6909,0,4321.95,0.8127,1
0,0.75,1,1,0,1,1,2,0.018,0.5994,9,2178.5,0.7493,0
0,0.5,1,1,0,0,1,1,0.286,0.6394,10,2349.87,0.4114,0
3,0.75,1,1,1,0,1,3,0.2232,0.8177,26,8006.65,0.5343,0
0,0.75,1,1,1,0,1,3,0.0347,0.6687,22,929.01,0.6222,1
3,0.75,1,0,1,1,0,0,0.2251,0.8115,19,958.36,0.7012,1
0,0.75,1,1,1,0,1,1,0.33,0.7699,4,2969.27,0.6914,1
0,0.75,1,0,1,1,0,0,0.0548,0.4357,12,3878.14,0.6945,1
2,0.5,1,0,1,0,1,0,0.138,0.7536,49,1633.08,0.4489,1
2,0.75,1,1,0,1,0,0,0.2958,0.7168,9,2665.33,0.5542,1
3,0.75,1,1,0,1,0,0,0.1126,0.8377,48,1005.05,0.7138,1
2,0.75,1,1,1,0,1,1,0.2679,0.9005,35,611.28,0.722,1
3,1.0,1,1,1,1,0,0,0.3065,0.742,40,1052.54,0.718,1
0,1.0,1,1,1,1,0,0,0.0177,0.856,49,8784.86,0.6957,1
0,0.5,1,0,1,0,0,0,0.1115,0.2616,15,5764.99,0.4957,1
2,0.5,1,0,0,1,0,0,0.3228,0.667,6,628.88,0.477,1
3,0.5,1,0,1,0,0,0,0.1567,0.8928,31,266.88,0.4813,1
5,0.5,1,0,0,1,0,0,0.0867,0.8339,24,442.36,0.4801,1
1,0.75,1,1,1,0,0,0,0.2766,0.7197,43,1315.68,0.6297,1
1,1.0,1,1,1,1,0,0,0.3836,0.9727,25,5937.68,0.8762,1
2,0.75,1,0,1,1,0,0,0.0491,0.3405,35,1456.9,0.6307,1
0,1.0,1,1,1,1,0,0,0.2787,0.4168,27,818.8,0.6679,1
4,0.75,1,1,0,1,0,0,0.2006,0.6493,43,1863.71,0.6832,1
3,0.75,1,0,1,1,0,0,0.2617,0.7416,11,563.58,0.6201,1
1,0.0,0,0,0,0,0,0,0.2049,0.626,25,2323.51,0.1,0
2,0.75,1,0,1,1,0,0,0.5465,0.7589,3,4039.73,0.6194,1
2,0.75,1,0,1,1,1,0,0.1807,0.4284,43,1710.73,0.6166,1
0,0.75,1,0,1,1,0,0,0.2298,0.5356,22,767.42,0.5326,1
4,0.75,0,1,1,1,0,0,0.2853,0.7661,39,2212.84,0.5607,1
1,0.5,1,0,0,1,0,0,0.1679,0.8137,23,5131.4,0.3528,1
3,1.0,1,1,1,1,1,0,0.3396,0.5859,30,378.9,0.7185,1
0,0.75,1,1,0,1,0,0,0.2189,0.6696,29,357.53,0.7429,1
4,0.75,1,1,1,0,0,0,0.1473,0.8548,2,1440.11,0.5277,1
1,0.5,1,1,0,0,0,0,0.0965,0.4567,15,1976.82,0.3721,1
0,0.25,1,0,0,0,0,0,0.4179,0.5791,33,953.82,0.2142,1
4,1.0,1,1,1,1,0,0,0.0844,0.9162,37,195.48,0.8636,1
0,0.75,1,1,1,0,1,2,0.3066,0.9247,27,967.64,0.5279,1
0,0.25,1,0,0,0,0,0,0.2868,0.8328,48,2100.55,0.232,0
5,0.5,1,0,0,1,0,0,0.0715,0.6981,43,389.66,0.4624,1
5,0.75,1,1,1,0,0,0,0.102,0.6688,40,4504.4,0.5498,1
2,0.75,0,1,1,1,0,0,0.1998,0.8982,47,2911.16,0.5633,1
2,0.5,1,1,0,0,0,0,0.4157,0.5781,6,2094.79,0.4891,1
1,0.75,1,1,1,0,0,0,0.5021,0.5366,7,2659.51,0.7042,1
0,1.0,1,1,1,1,0,0,0.028,0.665,6,3832.92,0.8942,1
0,0.5,0,0,1,1,1,0,0.1235,0.7457,36,18505.83,0.3394,1
2,0.75,0,1,1,1,1,0,0.0729,0.7441,6,5322.66,0.5973,1
2,0.5,1,0,1,0,0,0,0.2574,0.5778,49,2820.61,0.4229,1
2,0.75,1,0,1,1,1,3,0.1458,0.7225,17,5252.0,0.5367,0
2,0.5,0,1,1,0,1,3,0.2215,0.6599,47,2356.74,0.4034,0
0,0.5,1,1,0,0,0,0,0.0766,0.4263,38,1403.34,0.4302,0
1,0.5,1,1,0,0,0,0,0.1083,0.9159,20,1163.16,0.3823,1
0,0.75,1,1,1,0,0,0,0.0775,0.6541,33,1884.85,0.6925,1
1,0.5,1,1,0,0,2,3,0.5493,0.8653,48,108.0,0.4721,0
1,0.25,0,0,1,0,0,0,0.1005,0.8319,26,781.61,0.1908,0
4,0.75,1,0,1,1,0,0,0.1103,0.6765,7,573.5,0.7076,1
1,0.25,1,0,0,0,0,0,0.4428,0.7649,33,11396.12,0.1716,1
0,0.75,1,1,1,0,0,0,0.2573,0.6425,17,334.66,0.7074,1
0,0.75,1,1,1,0,0,0,0.288,0.752,40,2532.83,0.5276,1
2,1.0,1,1,1,1,0,0,0.1241,0.6151,11,8927.73,0.679,1
2,0.75,1,1,1,0,0,0,0.2697,0.6168,21,3373.45,0.656,1
0,1.0,1,1,1,1,2,3,0.142,0.6758,39,2493.05,0.8152,1
0,0.75,1,0,1,1,1,1,0.2685,0.7357,21,4855.29,0.7258,1
2,0.5,1,0,1,0,0,0,0.3328,0.6927,7,1625.96,0.3886,1
0,1.0,1,1,1,1,0,0,0.1517,0.4577,41,853.61,0.7505,1
3,0.5,1,1,0,0,2,0,0.4634,0.8227,27,6677.08,0.4126,0
2,0.75,1,1,0,1,1,1,0.3017,0.6238,49,303.86,0.6072,1
0,0.5,1,0,1,0,0,0,0.1821,0.6665,46,5872.16,0.3853,1
0,0.5,1,1,0,0,0,0,0.6361,0.8004,31,481.88,0.4464,0
5,0.5,1,1,0,0,0,0,0.0465,0.7258,10,3538.21,0.4579,1
1,0.75,1,0,1,1,0,0,0.0906,0.7972,20,2368.93,0.7114,1
1,0.5,1,1,0,0,0,0,0.3024,0.7562,25,22955.42,0.4952,1
3,0.75,1,1,1,0,0,0,0.2243,0.6498,13,1818.13,0.5575,1
4,1.0,1,1,1,1,0,0,0.0105,0.6579,14,11136.36,0.9006,1
5,0.75,1,0,1,1,0,0,0.1997,0.6911,13,1910.01,0.591,1
2,1.0,1,1,1,1,0,0,0.3272,0.6789,11,4106.67,0.887,1
1,0.25,0,1,0,0,0,0,0.1887,0.5709,35,3711.56,0.2041,1
0,1.0,1,1,1,1,0,0,0.4399,0.6505,2,416.47,0.9978,1
2,1.0,1,1,1,1,0,0,0.1161,0.7702,43,4860.36,0.9051,1
2,0.75,1,1,1,0,1,1,0.501,0.5627,6,919.13,0.7375,1
1,1.0,1,1,1,1,0,0,0.1583,0.8609,38,1821.1,0.9422,1
4,0.5,1,1,0,0,2,2,0.3289,0.903,45,5434.64,0.483,0
0,1.0,1,1,1,1,0,0,0.1339,0.5533,0,10208.07,0.935,1
1,0.25,1,0,0,0,0,0,0.6561,0.692,38,2971.87,0.2027,0
0,1.0,1,1,1,1,0,0,0.1236,0.6585,24,2664.41,0.7381,1
1,0.5,1,0,1,0,0,0,0.4133,0.6831,30,2560.65,0.3898,1
0,0.75,1,1,0,1,1,1,0.199,0.6318,21,6035.63,0.4928,0
0,0.5,1,1,0,0,0,0,0.6096,0.8354,9,17524.98,0.4167,0
0,0.75,1,1,0,1,0,0,0.0954,0.8484,17,3614.02,0.6201,1
2,1.0,1,1,1,1,0,0,0.314,0.7956,12,1765.36,0.8338,1
2,0.75,1,1,1,0,0,0,0.581,0.4995,7,963.63,0.7432,1
2,0.5,1,0,0,1,1,3,0.2188,0.8423,8,875.85,0.4845,0
5,1.0,1,1,1,1,1,3,0.2361,0.6377,14,6886.47,0.7066,1
1,0.5,1,1,0,0,0,0,0.173,0.9154,7,17156.62,0.3896,1
0,0.5,1,0,1,0,0,0,0.0112,0.5887,32,4290.54,0.3992,1
3,0.25,0,0,0,1,0,0,0.052,0.6502,34,11018.9,0.194,1
0,0.75,1,1,1,0,1,2,0.3559,0.8322,18,1607.72,0.6971,1
5,0.75,1,1,1,0,1,3,0.1487,0.4886,29,3557.21,0.6251,1
0,0.75,1,1,1,0,0,0,0.1072,0.7558,8,2608.78,0.6377,1
5,0.75,1,1,1,0,0,0,0.8053,0.8286,18,2402.35,0.7114,1
0,0.5,1,0,1,0,0,0,0.0739,0.5666,46,3602.41,0.466,0
4,0.75,1,1,1,0,1,3,0.1463,0.6007,45,1400.44,0.5222,1
1,1.0,1,1,1,1,1,1,0.0083,0.8839,25,3681.84,0.8999,1
5,1.0,1,1,1,1,0,0,0.0619,0.6287,0,4010.8,0.8024,1
0,0.75,1,1,1,0,1,3,0.2816,0.5142,2,6430.03,0.5648,1
2,0.75,1,1,0,1,0,0,0.1954,0.6223,33,4688.91,0.5006,1
5,1.0,1,1,1,1,2,0,0.2986,0.5384,24,1448.66,0.8205,1
1,0.75,1,1,0,1,0,0,0.4889,0.7757,29,2197.52,0.5808,1
2,0.5,1,0,1,0,0,0,0.1527,0.5556,0,548.92,0.369,1
2,0.75,1,1,1,0,0,0,0.0651,0.8432,17,1141.09,0.6699,1
1,1.0,1,1,1,1,0,0,0.2277,0.7554,32,2675.79,0.9193,1
2,0.75,1,1,0,1,1,2,0.2379,0.9045,8,471.72,0.5518,0
2,0.5,1,0,0,1,0,0,0.2714,0.4825,6,3058.83,0.3337,1
4,1.0,1,1,1,1,0,0,0.6843,0.5948,29,1831.64,0.9471,1
0,0.5,1,0,1,0,0,0,0.6393,0.7677,12,223.85,0.3267,1
0,1.0,1,1,1,1,0,0,0.1872,0.4518,16,2094.83,0.978,1
5,0.75,1,1,1,0,0,0,0.1432,0.9137,12,1255.31,0.6523,1
4,0.75,1,1,1,0,1,3,0.0991,0.5752,12,342.64,0.572,1
1,0.75,1,0,1,1,0,0,0.3826,0.6165,41,1315.37,0.5522,1
2,0.5,1,1,0,0,1,0,0.0969,0.651,37,1318.96,0.3266,1
0,1.0,1,1,1,1,0,0,0.3635,0.5474,36,1635.17,0.7324,1
0,0.75,1,1,0,1,0,0,0.2505,0.8482,9,1697.6,0.5237,0
1,0.75,1,1,1,0,0,0,0.1419,0.7825,13,2066.01,0.6482,1
1,0.75,1,1,0,1,0,0,0.2233,0.5882,42,437.63,0.5312,1
2,0.75,1,1,0,1,0,0,0.2016,0.6763,4,118.52,0.6263,1
0,0.5,1,0,0,1,1,2,0.1364,0.7642,35,4761.42,0.4283,0
5,0.25,1,0,0,0,0,0,0.1082,0.7868,34,1540.26,0.1886,1
5,0.75,1,1,1,0,0,0,0.3347,0.639,45,3428.19,0.4967,1
2,0.5,1,1,0,0,0,0,0.1609,0.3618,44,1383.71,0.3315,1
1,0.5,1,1,0,0,0,0,0.1352,0.6576,22,14614.31,0.3296,0
0,0.5,1,0,1,0,0,0,0.1389,0.9028,4,1426.35,0.4543,1
3,0.5,1,0,0,1,0,0,0.2301,0.6943,43,3351.44,0.3807,1
2,0.5,1,1,0,0,0,0,0.4051,0.6365,27,969.49,0.4644,1
0,0.5,0,0,1,1,1,1,0.1344,0.6342,22,2652.9,0.4006,1
4,0.75,1,1,1,0,1,3,0.2134,0.6238,41,3130.68,0.6064,1
3,0.75,1,0,1,1,0,0,0.4495,0.7421,33,806.65,0.6221,1
4,1.0,1,1,1,1,1,3,0.1903,0.7716,30,561.99,0.8996,1
2,0.75,1,1,1,0,0,0,0.1054,0.4081,6,12820.54,0.5593,1
2,0.0,0,0,0,0,0,0,0.1858,0.5678,6,7931.01,0.1,0
1,1.0,1,1,1,1,0,0,0.3109,0.509,3,3876.52,0.8446,1
4,0.75,1,0,1,1,1,3,0.1266,0.5531,43,7007.85,0.5733,1
3,1.0,1,1,1,1,0,0,0.1734,0.8747,31,451.54,0.8049,1
0,0.75,1,1,1,0,0,0,0.3851,0.8301,27,4674.59,0.6573,1
0,0.5,1,1,0,0,0,0,0.2899,0.7622,3,1277.11,0.4115,0
1,0.75,0,1,1,1,0,0,0.0181,0.6862,38,2814.0,0.6503,1
3,1.0,1,1,1,1,1,1,0.345,0.4314,44,5165.82,0.8405,1
5,0.75,1,0,1,1,1,2,0.108,0.5546,7,219.18,0.6817,1
0,0.5,1,0,0,1,0,0,0.1027,0.8277,13,4254.2,0.4485,1
2,0.75,1,1,0,1,0,0,0.2159,0.5696,29,2097.43,0.6277,1
1,0.5,1,1,0,0,2,0,0.2924,0.3754,2,2127.32,0.4438,1
5,0.75,1,1,1,0,0,0,0.6218,0.5801,1,8423.53,0.7168,1
3,0.5,1,1,0,0,0,0,0.0703,0.5198,9,6974.81,0.4006,1
3,0.75,1,1,0,1,1,0,0.2575,0.5915,5,307.39,0.5959,1
1,0.75,1,1,1,0,0,0,0.3435,0.5095,6,3471.06,0.6881,1
1,0.5,1,1,0,0,1,0,0.1853,0.5303,15,2103.5,0.4269,0
0,1.0,1,1,1,1,1,2,0.5097,0.6472,5,538.74,0.6749,1
0,0.5,0,1,0,1,0,0,0.5715,0.682,15,6764.54,0.4811,0
3,0.75,1,0,1,1,0,0,0.2709,0.7973,26,359.69,0.4956,1
3,0.75,1,0,1,1,0,0,0.0535,0.6621,11,214.18,0.684,1
5,0.5,1,0,1,0,0,0,0.0514,0.7048,21,870.15,0.4578,1
5,0.75,1,0,1,1,0,0,0.251,0.9043,14,1365.3,0.7377,1
2,0.5,0,1,0,1,0,0,0.2488,0.7921,21,319.84,0.3345,1
2,0.75,1,1,0,1,0,0,0.4505,0.6752,34,3688.55,0.6442,1
4,0.5,1,1,0,0,0,0,0.2347,0.7853,47,2111.6,0.3999,1
3,0.75,1,1,1,0,1,1,0.1849,0.6884,49,1959.72,0.5743,1
0,1.0,1,1,1,1,0,0,0.2548,0.7277,14,649.68,0.6816,0
1,0.75,1,0,1,1,0,0,0.1868,0.64,22,2115.57,0.6352,1
0,0.75,1,0,1,1,0,0,0.1353,0.5188,37,1830.99,0.6132,1
5,0.5,1,0,0,1,2,0,0.5729,0.7104,48,1793.75,0.3433,0
2,1.0,1,1,1,1,2,0,0.2737,0.9423,1,963.19,0.8644,1
0,0.75,1,0,1,1,0,0,0.0592,0.8448,1,447.2,0.6812,1
2,0.5,1,0,0,1,0,0,0.2044,0.5294,48,1157.22,0.4593,1
2,0.5,0,1,1,0,0,0,0.4033,0.4825,18,3951.49,0.4834,1
1,0.75,1,1,0,1,0,0,0.2714,0.4855,4,365.02,0.595,1
0,0.5,0,0,1,1,0,0,0.119,0.5151,3,1786.27,0.4918,1
2,0.75,1,1,1,0,0,0,0.5723,0.5385,27,2628.12,0.7147,1
1,0.5,1,1,0,0,0,0,0.3171,0.75,17,11653.32,0.3769,1
2,0.5,0,1,1,0,0,0,0.0833,0.4777,39,6598.72,0.3529,1
1,0.75,1,1,0,1,0,0,0.0579,0.3083,40,8794.93,0.6018,1
3,0.25,0,0,1,0,0,0,0.1129,0.5727,49,6101.82,0.1977,0
2,0.75,1,0,1,1,1,2,0.015,0.6608,30,3213.04,0.6386,1
2,0.5,1,1,0,0,0,0,0.514,0.7093,21,7001.12,0.4271,1
3,0.5,0,1,1,0,0,0,0.1862,0.8636,10,3015.42,0.4562,1
1,1.0,1,1,1,1,0,0,0.0679,0.884,47,1649.71,0.8285,1
0,0.5,1,1,0,0,0,0,0.1939,0.5435,15,1730.16,0.3433,0
0,0.75,1,1,0,1,1,0,0.0411,0.6454,3,3017.15,0.7128,0
2,0.75,0,1,1,1,0,0,0.4038,0.4895,20,5902.25,0.5688,1
2,1.0,1,1,1,1,1,2,0.3059,0.3022,40,602.14,0.99,1
2,0.5,1,1,0,0,0,0,0.3411,0.7308,44,240.2,0.3456,0
0,0.5,1,0,0,1,0,0,0.2102,0.5529,24,5555.08,0.4927,0
0,0.5,0,1,0,1,0,0,0.2688,0.5997,19,3750.38,0.3409,0
0,0.5,0,0,1,1,0,0,0.1659,0.6719,7,6127.37,0.3654,1
1,0.5,1,0,0,1,0,0,0.3022,0.6009,42,13254.03,0.3332,1
2,0.75,1,1,0,1,0,0,0.3347,0.819,8,1113.4,0.6726,1
1,0.75,1,0,1,1,1,0,0.2316,0.4676,17,856.12,0.7107,1
1,0.75,1,0,1,1,1,2,0.4774,0.4583,30,1559.5,0.6014,1
4,0.5,1,0,1,0,0,0,0.3931,0.4142,34,7461.99,0.4875,1
0,0.75,1,1,1,0,0,0,0.074,0.7891,29,149.22,0.6425,1
1,0.75,1,1,1,0,0,0,0.0791,0.8254,17,137.06,0.6529,1
2,0.5,1,1,0,0,0,0,0.0521,0.7939,18,955.22,0.4729,0
1,0.25,1,0,0,0,0,0,0.1175,0.5216,40,1750.15,0.1885,1
2,0.75,1,1,1,0,1,0,0.2808,0.4026,23,1360.11,0.5805,1
3,0.75,1,1,0,1,0,0,0.6352,0.5244,49,6198.75,0.7253,1
4,0.75,1,1,1,0,1,0,0.2337,0.6213,21,4196.01,0.724,1
0,1.0,1,1,1,1,0,0,0.2608,0.3119,47,6466.96,0.9918,1
4,0.25,1,0,0,0,1,1,0.3161,0.621,13,1794.42,0.2414,0
1,0.5,1,1,0,0,0,0,0.2798,0.8523,18,3270.55,0.3473,1
0,0.75,1,1,1,0,0,0,0.1099,0.4169,28,2635.91,0.7037,1
1,0.75,1,1,1,0,0,0,0.1515,0.9486,21,2353.43,0.5951,1
5,1.0,1,1,1,1,0,0,0.3193,0.7602,29,1289.38,0.9968,1
1,1.0,1,1,1,1,0,0,0.1667,0.6968,14,4423.17,0.8153,1
0,0.5,1,1,0,0,2,2,0.1687,0.8108,20,2698.4,0.4219,0
2,1.0,1,1,1,1,0,0,0.1539,0.832,25,386.52,0.8354,0
0,1.0,1,1,1,1,1,2,0.3072,0.7843,35,101.83,0.7626,1
0,0.75,0,1,1,1,0,0,0.0702,0.8472,11,171.85,0.5072,1
0,0.5,1,0,0,1,0,0,0.1584,0.4774,6,376.46,0.4817,0
0,0.75,1,1,0,1,1,0,0.59,0.4519,10,1722.43,0.6982,0
0,1.0,1,1,1,1,1,3,0.3383,0.637,38,1376.81,0.6988,1
0,1.0,1,1,1,1,0,0,0.0892,0.4802,19,696.27,0.9219,1
2,0.25,1,0,0,0,0,0,0.2311,0.8243,34,2635.87,0.2173,1
0,0.75,1,1,1,0,0,0,0.0929,0.6199,3,12394.18,0.5949,1
0,1.0,1,1,1,1,2,2,0.6222,0.7185,1,713.14,0.7389,0
4,1.0,1,1,1,1,2,3,0.0703,0.786,19,1109.65,0.9509,1
1,0.75,1,1,0,1,0,0,0.0878,0.8418,46,2270.31,0.6713,1
2,0.75,1,1,0,1,0,0,0.2905,0.7339,19,3683.96,0.6313,1
0,0.25,1,0,0,0,0,0,0.1235,0.6768,11,3309.21,0.2158,0
0,1.0,1,1,1,1,0,0,0.4442,0.6954,16,2677.65,0.6819,1
0,0.75,1,0,1,1,0,0,0.2644,0.8639,17,4778.18,0.6119,1
0,0.5,1,0,1,0,0,0,0.4426,0.7449,39,6646.57,0.3589,1
0,0.75,0,1,1,1,1,1,0.0655,0.2771,23,24163.19,0.5422,1
0,0.75,1,1,0,1,0,0,0.0497,0.8121,7,2292.55,0.6611,1
0,0.75,1,1,1,0,0,0,0.2412,0.4824,36,18613.88,0.7267,1
0,0.75,0,1,1,1,0,0,0.3382,0.8865,40,4689.15,0.5935,1
1,0.5,1,1,0,0,0,0,0.0361,0.6602,29,3848.58,0.3614,1
0,0.5,0,1,0,1,0,0,0.3211,0.6532,19,3672.7,0.4385,1
1,0.5,1,0,1,0,0,0,0.3084,0.6692,22,8556.87,0.4775,1
1,1.0,1,1,1,1,0,0,0.3136,0.8348,36,10443.37,0.9119,1
2,0.5,0,1,0,1,0,0,0.1154,0.7362,9,788.15,0.477,1
0,0.75,1,1,1,0,0,0,0.4645,0.7363,32,2480.28,0.6283,1
2,0.5,0,0,1,1,0,0,0.0463,0.9833,23,10032.55,0.4566,1
2,0.75,1,1,0,1,2,3,0.248,0.8095,35,1785.07,0.5243,0
0,0.25,1,0,0,0,0,0,0.292,0.4886,15,1026.96,0.193,0
3,0.25,1,0,0,0,0,0,0.0868,0.7449,49,479.09,0.1966,1
4,0.75,0,1,1,1,0,0,0.0342,0.7055,27,3282.76,0.6217,0
0,0.75,1,1,0,1,0,0,0.4928,0.6632,11,4317.09,0.7314,0
0,0.5,1,1,0,0,0,0,0.2673,0.8232,19,861.58,0.478,0
3,0.75,1,1,1,0,1,2,0.3247,0.7613,46,4019.12,0.5228,1
2,0.75,1,1,1,0,1,0,0.202,0.4047,17,8145.74,0.5329,1
0,0.75,1,1,0,1,0,0,0.2585,0.4433,36,1077.05,0.5814,1
0,0.75,1,1,1,0,0,0,0.2021,0.4505,25,555.38,0.5638,1
1,0.75,1,0,1,1,0,0,0.3666,0.7711,45,6415.34,0.6489,1
1,1.0,1,1,1,1,0,0,0.199,0.7743,6,8787.94,0.966,1
2,0.75,1,1,1,0,0,0,0.086,0.7928,42,946.63,0.7401,1
1,0.75,1,1,0,1,0,0,0.0804,0.5883,46,4572.68,0.6591,1
1,0.5,0,1,1,0,0,0,0.4568,0.8381,20,3228.45,0.4717,1
2,1.0,1,1,1,1,0,0,0.0471,0.535,42,1056.83,0.8338,1
0,0.75,1,1,1,0,1,0,0.3189,0.4168,31,6173.65,0.5422,0
0,1.0,1,1,1,1,0,0,0.1302,0.6299,6,2324.96,0.8336,1
2,0.75,1,0,1,1,0,0,0.0186,0.6605,22,4317.8,0.6332,1
4,0.5,1,1,0,0,1,1,0.3398,0.7194,19,1355.48,0.4549,0
1,0.5,0,1,1,0,0,0,0.3165,0.7062,19,6020.72,0.3635,1
1,0.75,1,1,1,0,0,0,0.1894,0.5633,31,1174.2,0.5842,1
0,0.5,1,0,1,0,0,0,0.1345,0.7077,25,1688.28,0.3887,1
1,0.75,1,1,0,1,0,0,0.4942,0.75,35,1838.48,0.7394,1
1,1.0,1,1,1,1,2,3,0.2272,0.7006,23,909.23,0.8054,1
0,1.0,1,1,1,1,0,0,0.1626,0.5593,0,7360.43,0.9143,1
0,0.75,1,1,0,1,0,0,0.0526,0.6074,27,521.61,0.6846,1
1,1.0,1,1,1,1,0,0,0.0744,0.8431,25,2998.41,0.7429,1
0,1.0,1,1,1,1,1,1,0.3514,0.3412,33,5989.87,0.8502,1
0,0.5,0,1,1,0,0,0,0.1679,0.7072,25,3143.8,0.4815,1
0,0.75,1,1,1,0,0,0,0.4019,0.5971,35,1485.5,0.6122,1
0,0.5,1,0,1,0,1,1,0.3005,0.4277,4,5421.07,0.4904,1
0,0.5,0,1,0,1,0,0,0.0906,0.5526,1,2520.26,0.3625,0
4,0.75,1,1,1,0,0,0,0.0907,0.6687,31,722.81,0.507,1
2,0.75,1,1,1,0,0,0,0.4354,0.8659,33,1433.71,0.7215,1
2,0.5,1,0,1,0,1,0,0.0669,0.7732,49,3237.19,0.4733,1
2,1.0,1,1,1,1,0,0,0.0555,0.5323,29,3863.26,0.9974,1
1,0.5,1,0,1,0,0,0,0.0479,0.7479,23,2880.28,0.4439,1
0,0.25,1,0,0,0,1,2,0.1037,0.8503,27,1211.14,0.2445,0
1,0.75,1,1,1,0,0,0,0.3194,0.8929,45,3252.78,0.7046,1
2,0.5,1,1,0,0,0,0,0.1285,0.7266,2,1514.5,0.4728,1
2,0.5,0,1,0,1,0,0,0.1773,0.5323,49,991.77,0.4246,1
1,0.5,1,1,0,0,1,2,0.0273,0.9103,9,10285.28,0.3919,1
0,0.5,1,0,1,0,0,0,0.4289,0.8434,5,1423.53,0.4885,1
0,0.75,1,1,0,1,0,0,0.3581,0.6105,33,1531.16,0.6009,1
1,0.5,1,1,0,0,1,1,0.1712,0.6647,30,8048.0,0.4193,1
2,0.25,1,0,0,0,0,0,0.1528,0.7265,42,638.86,0.2015,1
2,0.75,1,1,0,1,0,0,0.1932,0.906,49,3174.75,0.6358,1
1,0.75,1,1,1,0,0,0,0.2058,0.7814,45,5458.98,0.611,1
5,0.75,1,1,1,0,0,0,0.1963,0.3333,12,1219.11,0.5001,1
2,0.5,1,1,0,0,1,0,0.2612,0.7393,38,6604.47,0.4794,1
0,1.0,1,1,1,1,0,0,0.1877,0.6348,19,5238.53,0.8055,1
0,1.0,1,1,1,1,0,0,0.0749,0.8569,31,2430.0,0.8561,1
0,1.0,1,1,1,1,0,0,0.2507,0.8014,9,542.31,0.6987,1
0,0.5,1,0,0,1,0,0,0.1411,0.6638,25,12385.48,0.3256,1
0,0.75,1,1,1,0,0,0,0.2181,0.6968,18,3525.73,0.5519,1
0,0.5,1,1,0,0,0,0,0.0483,0.8388,28,2647.8,0.4483,1
0,0.75,1,1,0,1,2,3,0.159,0.7778,12,7683.59,0.5135,0
0,0.75,1,1,0,1,0,0,0.1032,0.7822,33,2014.74,0.7261,0
4,0.75,1,1,1,0,0,0,0.2989,0.6546,19,3002.52,0.5439,1
0,0.75,1,1,0,1,1,0,0.2232,0.5935,43,6941.94,0.5412,0
1,0.25,1,0,0,0,0,0,0.1189,0.874,39,1847.13,0.1784,0
1,0.5,1,1,0,0,0,0,0.1323,0.6843,17,5280.45,0.3274,1
5,0.75,1,1,1,0,2,3,0.275,0.8856,33,1135.65,0.6901,0
0,0.5,1,0,1,0,1,0,0.2731,0.3944,47,4341.61,0.4781,1
1,0.5,0,1,0,1,0,0,0.2012,0.7819,7,2599.83,0.4325,1
5,0.75,0,1,1,1,2,3,0.3,0.4508,15,730.74,0.5369,0
3,0.75,1,1,1,0,0,0,0.42,0.8179,39,611.67,0.5624,1
3,0.5,1,0,1,0,1,0,0.09,0.8057,22,2241.7,0.4083,1
0,0.5,1,0,0,1,1,2,0.031,0.4772,31,4442.8,0.492,0
0,0.5,0,1,1,0,2,3,0.3051,0.8869,12,3335.98,0.3683,0
2,0.5,1,0,0,1,1,2,0.1128,0.8213,25,6851.94,0.453,0
4,0.75,1,1,1,0,0,0,0.2875,0.6034,37,1828.1,0.6029,1
2,0.5,0,1,0,1,0,0,0.2988,0.8567,0,6594.63,0.3771,1
2,0.25,1,0,0,0,0,0,0.2628,0.2784,1,232.06,0.2024,0
0,0.25,1,0,0,0,0,0,0.1094,0.8692,38,1693.89,0.1687,0
2,0.75,1,1,1,0,1,2,0.0113,0.6806,12,365.24,0.6972,1
0,0.5,1,1,0,0,0,0,0.0572,0.4991,26,8907.14,0.3676,0
0,0.75,1,1,1,0,1,0,0.0765,0.2488,3,2357.33,0.6779,1
1,0.75,1,1,0,1,0,0,0.2802,0.6234,40,1430.09,0.5054,1
1,0.5,0,1,1,0,0,0,0.4547,0.4149,19,2473.82,0.4921,1
0,0.75,1,1,1,0,0,0,0.0951,0.8326,2,2763.84,0.5382,1
0,1.0,1,1,1,1,0,0,0.2314,0.6976,22,6653.1,0.959,1
2,1.0,1,1,1,1,1,3,0.1533,0.4207,1,2836.37,0.9333,1
0,1.0,1,1,1,1,1,1,0.1063,0.7331,15,2075.91,0.9888,1
2,0.75,1,1,0,1,0,0,0.3353,0.5891,9,11486.63,0.6129,1
0,0.75,1,0,1,1,0,0,0.3947,0.898,27,12208.65,0.6784,1
1,0.75,1,1,0,1,1,3,0.232,0.5584,43,237.11,0.5848,1
1,0.75,1,0,1,1,0,0,0.3112,0.6868,17,4394.7,0.5359,1
0,0.75,1,0,1,1,0,0,0.2311,0.7341,1,1726.9,0.6038,1
0,0.5,1,1,0,0,0,0,0.1985,0.711,13,4035.91,0.354,0
0,0.25,0,1,0,0,0,0,0.4402,0.6576,43,3645.99,0.2484,0
0,0.75,1,1,1,0,0,0,0.0688,0.8798,19,1502.22,0.5128,0
5,1.0,1,1,1,1,0,0,0.0682,0.7827,39,15209.12,0.8562,1
0,1.0,1,1,1,1,1,0,0.0145,0.8373,22,1646.23,0.8693,1
3,0.75,1,0,1,1,0,0,0.284,0.8199,6,3598.68,0.6287,1
0,0.5,0,1,1,0,0,0,0.3238,0.4067,44,5975.5,0.4409,1
2,1.0,1,1,1,1,0,0,0.2133,0.7468,46,650.19,0.6907,1
2,0.75,1,1,0,1,1,3,0.275,0.821,13,1351.21,0.6332,0
2,0.5,1,1,0,0,0,0,0.0936,0.6574,36,876.51,0.3753,1
1,0.75,1,0,1,1,1,0,0.1498,0.7648,7,5428.56,0.7343,1
1,0.75,1,1,1,0,0,0,0.1477,0.8209,49,5754.25,0.6875,1
0,0.75,0,1,1,1,0,0,0.0669,0.6301,4,1134.74,0.7428,0
4,1.0,1,1,1,1,1,3,0.0868,0.6837,22,114.49,0.6631,1
3,0.75,1,1,0,1,1,1,0.2463,0.886,40,2026.82,0.5623,0
5,1.0,1,1,1,1,1,3,0.0846,0.655,9,4166.97,0.7184,0
0,0.75,1,1,0,1,0,0,0.2946,0.4275,48,3509.67,0.4904,1
2,0.5,0,1,0,1,1,0,0.4222,0.4686,26,2165.17,0.3674,0
4,0.75,1,1,1,0,0,0,0.1645,0.7296,34,1358.08,0.6657,1
0,0.5,1,0,0,1,0,0,0.1751,0.9337,0,2351.17,0.3654,1
0,0.5,1,0,1,0,0,0,0.0471,0.7687,6,153.26,0.4141,1
2,0.75,1,1,1,0,1,0,0.064,0.7704,46,368.59,0.7206,1
2,0.75,1,0,1,1,0,0,0.0397,0.6842,7,721.41,0.6696,1
3,0.5,1,0,0,1,0,0,0.2299,0.8528,10,3536.69,0.3941,1
0,0.25,0,1,0,0,2,3,0.3256,0.7023,33,964.23,0.1951,0
2,0.5,1,1,0,0,1,3,0.0883,0.9481,27,2026.99,0.4048,0
0,0.75,1,1,1,0,0,0,0.3441,0.7624,33,3499.56,0.534,1
0,0.5,1,0,1,0,0,0,0.448,0.9009,42,6313.74,0.436,1
0,0.5,1,0,1,0,0,0,0.1844,0.9152,19,2892.11,0.3887,1
3,0.5,1,0,0,1,1,3,0.2377,0.7694,27,782.33,0.4742,0
2,0.5,0,1,1,0,0,0,0.1799,0.7726,48,10709.0,0.4574,1
1,0.75,1,1,0,1,0,0,0.2333,0.6642,41,430.15,0.6478,1
1,0.5,1,1,0,0,1,2,0.017,0.6679,36,1701.16,0.3887,0
3,0.75,1,0,1,1,2,2,0.1723,0.724,2,8998.46,0.5426,0
1,0.75,1,1,1,0,0,0,0.249,0.7362,8,3327.5,0.6912,1
3,0.5,1,1,0,0,0,0,0.0056,0.6148,21,3903.24,0.4101,1
1,0.5,1,1,0,0,1,3,0.2034,0.794,24,1356.84,0.3643,0
1,0.75,0,1,1,1,0,0,0.3198,0.8454,1,386.28,0.5387,1
1,0.75,1,1,0,1,0,0,0.0355,0.42,22,1693.65,0.5309,0
0,0.25,1,0,0,0,0,0,0.028,0.6805,16,1900.5,0.2305,0
2,0.5,1,0,1,0,1,3,0.4269,0.8306,24,1202.79,0.3651,0
1,0.75,1,1,1,0,1,0,0.0795,0.7934,11,949.42,0.6257,1
0,0.75,1,0,1,1,0,0,0.3214,0.7861,26,1637.53,0.606,1
4,0.75,1,0,1,1,1,0,0.153,0.5086,19,3670.11,0.6396,1
1,0.5,1,0,1,0,1,2,0.4624,0.9955,8,10518.14,0.4785,0
1,0.25,1,0,0,0,0,0,0.2582,0.8846,22,4358.29,0.2384,1
4,0.75,1,1,1,0,0,0,0.2841,0.8008,35,5393.14,0.6059,1
2,0.75,1,1,1,0,2,3,0.0543,0.5076,27,1378.83,0.4915,0
0,0.75,1,1,0,1,0,0,0.4475,0.607,49,487.06,0.5994,1
4,0.75,1,1,1,0,0,0,0.6342,0.8192,47,1306.19,0.6466,1
2,0.5,1,1,0,0,0,0,0.2982,0.7873,28,1903.41,0.4226,1
0,0.5,1,1,0,0,1,1,0.0433,0.7205,41,4197.8,0.439,0
0,0.75,1,1,0,1,1,3,0.1138,0.4279,31,9909.72,0.5279,1
2,1.0,1,1,1,1,1,1,0.3064,0.7866,11,5899.55,0.8763,1
2,0.5,1,0,1,0,0,0,0.3519,0.495,29,1184.27,0.357,1
1,0.75,1,1,1,0,1,3,0.4404,0.6716,10,6107.65,0.6845,1
4,0.75,1,1,1,0,2,3,0.1047,0.3619,36,1957.09,0.5765,0
2,0.5,0,1,0,1,0,0,0.075,0.5471,19,775.16,0.4492,1
0,0.5,1,1,0,0,0,0,0.0311,0.2774,10,2264.79,0.3334,0
0,0.5,0,1,0,1,0,0,0.1691,0.5485,47,2999.14,0.3964,0
0,0.75,1,1,0,1,0,0,0.1828,0.528,46,5144.92,0.6726,0
2,0.5,1,0,0,1,0,0,0.3316,0.4429,37,1607.18,0.3647,0
0,0.75,1,1,1,0,0,0,0.1771,0.3324,44,655.58,0.6963,1
2,1.0,1,1,1,1,0,0,0.3211,0.5844,15,446.87,0.8708,1
2,1.0,1,1,1,1,0,0,0.2071,0.8566,34,517.5,0.8556,1
3,0.25,1,0,0,0,0,0,0.2262,0.9094,49,10586.7,0.1934,1
0,0.75,1,1,1,0,0,0,0.3425,0.7909,0,10709.85,0.6141,1
3,0.5,1,1,0,0,0,0,0.0391,0.4689,24,12230.8,0.4295,1
0,0.0,0,0,0,0,0,0,0.2379,0.8625,48,1360.83,0.1,0
3,0.75,1,1,1,0,0,0,0.6149,0.7658,26,844.51,0.6708,1
0,0.75,1,0,1,1,0,0,0.2428,0.7652,31,13955.89,0.6013,1
1,0.5,1,1,0,0,0,0,0.1475,0.6153,5,15657.86,0.3604,1
2,1.0,1,1,1,1,1,0,0.1711,0.5585,40,385.57,0.7249,1
0,0.5,1,1,0,0,0,0,0.1838,0.5263,35,4987.6,0.326,0
0,0.5,0,0,1,1,2,3,0.2872,0.3357,38,1292.14,0.3777,0
2,0.75,1,1,1,0,0,0,0.2288,0.7656,22,8500.64,0.6841,1
2,0.75,1,0,1,1,0,0,0.3162,0.6667,28,427.11,0.696,1
2,0.25,1,0,0,0,0,0,0.5314,0.7485,29,7780.5,0.1802,1
2,0.0,0,0,0,0,1,3,0.1896,0.9224,21,109.19,0.1,0
1,0.75,1,0,1,1,1,0,0.409,0.4715,10,2683.34,0.6194,1
0,0.75,1,1,1,0,1,3,0.2322,0.3629,25,1530.86,0.7282,0
0,0.5,1,0,0,1,0,0,0.2495,0.7843,22,2051.08,0.4487,0
0,1.0,1,1,1,1,0,0,0.2509,0.2021,2,2090.73,0.9029,1
4,1.0,1,1,1,1,0,0,0.0693,0.6149,47,3810.6,0.6798,1
2,1.0,1,1,1,1,0,0,0.5077,0.5574,5,181.79,0.727,1
1,1.0,1,1,1,1,1,2,0.1653,0.523,6,4214.58,0.6531,1
1,0.75,1,1,1,0,1,2,0.1703,0.2848,43,178.57,0.6755,0
4,1.0,1,1,1,1,0,0,0.6858,0.6257,38,817.16,0.7706,1
0,0.75,1,0,1,1,1,0,0.2079,0.8666,21,3366.51,0.694,1
2,0.5,1,1,0,0,0,0,0.2435,0.4792,47,416.41,0.3843,0
1,0.5,1,0,1,0,0,0,0.1073,0.8697,49,16549.59,0.4684,1
2,0.5,1,0,0,1,0,0,0.0733,0.7932,41,5469.9,0.3479,0
0,0.5,1,0,1,0,1,0,0.0092,0.2945,32,4380.64,0.3553,1
3,0.5,1,1,0,0,0,0,0.0056,0.2465,39,1190.39,0.3847,1
4,0.25,0,0,1,0,1,2,0.3086,0.361,2,274.24,0.1982,0
2,0.75,1,1,0,1,0,0,0.1588,0.824,29,13585.0,0.579,1
2,0.25,1,0,0,0,1,1,0.0802,0.7699,47,659.97,0.2293,0
4,1.0,1,1,1,1,1,3,0.0861,0.5141,23,6313.55,0.6839,1
2,0.5,1,0,0,1,2,3,0.0206,0.8445,2,870.16,0.3865,0
0,0.25,1,0,0,0,0,0,0.0785,0.7714,1,1739.95,0.2358,1
2,0.75,1,1,0,1,0,0,0.3089,0.6822,43,4239.9,0.505,1
2,0.75,1,0,1,1,0,0,0.0495,0.8315,39,10274.78,0.7349,1
1,1.0,1,1,1,1,0,0,0.251,0.4578,18,169.93,0.9952,1
2,1.0,1,1,1,1,0,0,0.0735,0.6844,23,1157.5,0.681,1
4,0.5,1,0,1,0,0,0,0.1261,0.2678,49,5168.08,0.376,1
4,1.0,1,1,1,1,1,1,0.4691,0.7082,19,766.49,0.7803,1
1,0.25,1,0,0,0,0,0,0.3901,0.7244,46,513.6,0.2304,1
0,0.5,1,1,0,0,0,0,0.0651,0.4089,48,265.5,0.4293,1
5,0.5,1,0,1,0,0,0,0.1961,0.6606,49,2543.49,0.4378,1
3,0.5,1,1,0,0,0,0,0.1754,0.7049,30,5209.55,0.4576,0
0,0.5,1,0,0,1,0,0,0.2598,0.8013,49,11521.23,0.3456,0
4,0.75,1,1,1,0,2,2,0.207,0.6573,40,1189.45,0.7062,1
3,1.0,1,1,1,1,0,0,0.1527,0.7332,30,552.88,0.897,1
1,0.75,1,1,0,1,0,0,0.4272,0.4386,36,1902.82,0.6391,1
2,0.75,1,1,0,1,0,0,0.1936,0.62,42,299.63,0.7211,1
1,0.5,0,1,1,0,0,0,0.2769,0.2544,28,1508.78,0.4476,1
0,0.75,0,1,1,1,0,0,0.438,0.5029,3,3705.85,0.5404,1
0,0.5,1,0,1,0,0,0,0.0378,0.5699,9,744.43,0.4002,1
3,0.5,1,0,1,0,1,1,0.0245,0.7912,35,3597.68,0.4115,1
0,0.75,1,0,1,1,0,0,0.0891,0.8842,34,12608.06,0.502,1
0,0.75,1,1,1,0,0,0,0.2585,0.6445,47,7088.0,0.7381,1
1,0.75,1,1,1,0,2,0,0.1151,0.3931,20,1644.74,0.5213,1
1,0.75,1,1,0,1,0,0,0.0234,0.8122,42,2015.59,0.6706,1
4,0.5,1,0,1,0,0,0,0.1844,0.9538,40,2002.45,0.4136,1
0,0.75,1,1,0,1,0,0,0.1507,0.862,0,6978.92,0.4942,1
0,0.0,0,0,0,0,0,0,0.0596,0.7155,41,17906.54,0.1,0
2,0.75,1,1,1,0,0,0,0.1788,0.7039,11,6218.35,0.7111,1
1,0.5,0,1,1,0,0,0,0.523,0.8703,23,2958.49,0.4167,1
0,0.75,1,1,1,0,0,0,0.2665,0.7493,1,458.53,0.5476,1
1,0.5,1,1,0,0,0,0,0.0892,0.881,46,10913.93,0.3463,1
0,0.75,0,1,1,1,1,1,0.0799,0.4657,19,6982.54,0.5829,1
0,0.75,1,0,1,1,0,0,0.1217,0.676,15,6545.03,0.5545,1
1,1.0,1,1,1,1,0,0,0.3975,0.782,33,1840.48,0.8273,1
1,0.25,1,0,0,0,0,0,0.3611,0.6722,12,2174.48,0.2471,1
4,0.75,1,1,0,1,0,0,0.251,0.4294,17,546.07,0.6384,1
1,0.75,0,1,1,1,0,0,0.2887,0.6789,28,9825.01,0.7211,1
2,0.5,1,0,0,1,0,0,0.3368,0.6299,42,10140.88,0.4389,1
2,0.5,1,0,1,0,0,0,0.3264,0.7283,13,1127.67,0.4082,0
0,1.0,1,1,1,1,0,0,0.3089,0.6517,29,4267.64,0.9491,1
2,0.75,1,1,0,1,0,0,0.5154,0.7668,34,896.3,0.6112,1
0,0.5,1,1,0,0,0,0,0.0573,0.639,8,1846.99,0.477,0
5,0.5,1,0,0,1,0,0,0.4093,0.7451,36,1360.29,0.376,0
0,0.5,1,0,1,0,0,0,0.3748,0.5317,45,1827.69,0.3475,1
1,0.75,1,1,0,1,0,0,0.1376,0.6361,38,1393.52,0.712,1
0,1.0,1,1,1,1,0,0,0.1447,0.9009,11,1582.48,0.8556,1
5,0.75,1,0,1,1,0,0,0.3257,0.8985,20,5579.98,0.7209,1
1,0.75,1,1,1,0,2,3,0.3515,0.7363,17,1348.5,0.7337,0
2,0.25,1,0,0,0,1,1,0.2315,0.4218,10,6000.14,0.1672,0
0,0.75,1,1,0,1,1,1,0.098,0.622,26,3037.02,0.619,0
2,1.0,1,1,1,1,0,0,0.3777,0.6205,23,5406.53,0.7812,1
0,0.75,1,1,1,0,0,0,0.1122,0.7901,40,8891.85,0.6518,1
4,1.0,1,1,1,1,0,0,0.4277,0.5502,42,621.48,0.9278,1
0,0.5,0,1,0,1,1,1,0.1028,0.3209,49,1575.0,0.3741,0
0,0.25,1,0,0,0,0,0,0.2852,0.8803,33,300.06,0.2112,0
0,0.5,1,0,1,0,1,0,0.0962,0.7076,19,1928.43,0.449,1
1,0.25,0,1,0,0,0,0,0.2257,0.7747,12,1048.59,0.1743,1
2,0.75,0,1,1,1,0,0,0.3118,0.7542,46,3067.59,0.7012,1
0,1.0,1,1,1,1,0,0,0.0745,0.5801,7,5453.8,0.8621,1
2,0.75,1,1,0,1,0,0,0.1677,0.5432,36,2431.86,0.7368,1
1,1.0,1,1,1,1,0,0,0.2875,0.8055,4,1520.65,0.7688,1
1,0.75,1,0,1,1,0,0,0.1812,0.5108,6,679.36,0.5159,1
1,0.75,1,1,0,1,0,0,0.0204,0.5611,43,195.19,0.6205,1
1,0.75,1,1,1,0,0,0,0.4746,0.7572,11,4064.94,0.51,1
2,0.75,1,1,0,1,1,1,0.2177,0.8378,40,208.58,0.742,1
0,0.75,1,1,1,0,0,0,0.093,0.6194,3,8976.93,0.4977,1
0,0.5,1,0,0,1,0,0,0.4603,0.7109,39,3256.89,0.4569,1
3,1.0,1,1,1,1,0,0,0.0489,0.7843,18,1625.53,0.8338,1
4,0.75,1,1,1,0,0,0,0.296,0.2891,0,249.86,0.5843,1
1,1.0,1,1,1,1,0,0,0.2324,0.4328,42,1967.46,0.673,1
0,0.25,1,0,0,0,0,0,0.1129,0.7821,12,7168.81,0.2169,0
2,0.75,1,0,1,1,0,0,0.0445,0.4735,49,12352.4,0.6411,1
1,0.25,1,0,0,0,0,0,0.3846,0.9218,41,410.64,0.1871,1
0,0.75,1,0,1,1,0,0,0.1569,0.5903,44,5354.21,0.7264,1
0,0.75,1,1,1,0,0,0,0.3811,0.9542,24,1146.11,0.5673,1
2,0.5,1,1,0,0,0,0,0.0159,0.5207,43,1769.95,0.4037,1
2,0.5,1,1,0,0,0,0,0.4026,0.8275,44,2876.72,0.4202,0
0,0.75,1,1,1,0,0,0,0.4193,0.5559,33,18459.22,0.5138,1
0,0.5,1,1,0,0,1,3,0.2671,0.6728,34,919.78,0.4881,0
0,0.75,1,0,1,1,1,1,0.1386,0.7159,16,589.42,0.5858,1
2,0.5,1,1,0,0,0,0,0.1563,0.7198,25,3263.34,0.3391,1
0,0.5,1,1,0,0,0,0,0.2291,0.7945,20,6811.8,0.3928,0
0,0.25,0,0,1,0,0,0,0.202,0.6069,11,3756.58,0.215,0
2,0.5,0,0,1,1,0,0,0.127,0.6664,15,1594.71,0.4149,1
0,1.0,1,1,1,1,0,0,0.4119,0.7155,19,13300.26,0.8931,1
2,0.75,1,1,0,1,0,0,0.0786,0.6146,9,18666.64,0.5021,1
0,0.75,1,1,0,1,0,0,0.4279,0.6518,22,5253.76,0.5622,1
0,0.25,1,0,0,0,0,0,0.1322,0.8457,46,5775.58,0.2342,1
0,0.75,1,1,1,0,1,1,0.2377,0.7862,29,5107.2,0.5085,1
2,0.75,1,1,1,0,4,0,0.3523,0.4745,7,1142.82,0.7121,1
3,0.75,1,0,1,1,0,0,0.0866,0.427,4,669.9,0.5116,1
3,1.0,1,1,1,1,0,0,0.1028,0.4333,11,2928.8,0.9421,1
1,0.75,1,0,1,1,0,0,0.167,0.8797,41,10888.04,0.5822,1
2,0.75,1,1,1,0,2,3,0.2391,0.8722,13,7471.47,0.6482,0
0,0.5,1,0,1,0,0,0,0.5538,0.4748,11,495.54,0.3518,1
0,0.5,1,0,1,0,0,0,0.0184,0.5854,23,305.38,0.3366,1
4,0.5,1,0,0,1,0,0,0.1131,0.7001,44,7343.8,0.3628,1
0,0.25,1,0,0,0,0,0,0.1976,0.6205,16,3422.79,0.1737,0
0,0.75,0,1,1,1,0,0,0.2958,0.7023,0,1370.03,0.5695,1
0,0.25,1,0,0,0,1,0,0.1872,0.6242,41,2987.53,0.2075,0
0,0.75,1,1,0,1,1,2,0.05,0.5668,36,977.11,0.642,0
0,0.25,0,0,0,1,1,0,0.1795,0.4807,10,10377.94,0.2316,0
2,1.0,1,1,1,1,1,0,0.0813,0.7224,41,6244.62,0.8797,1
1,0.75,1,1,0,1,0,0,0.3607,0.7042,5,11567.58,0.6473,1
4,0.25,0,0,0,1,0,0,0.5659,0.4493,14,824.83,0.1985,0
3,0.75,1,1,0,1,1,2,0.1924,0.4627,40,6595.26,0.6119,0
0,0.75,1,0,1,1,0,0,0.044,0.6708,39,2975.7,0.5963,1
0,1.0,1,1,1,1,0,0,0.0788,0.3107,22,1475.61,0.9448,1
1,1.0,1,1,1,1,0,0,0.1243,0.6682,22,2386.48,0.7305,1
2,1.0,1,1,1,1,1,0,0.4439,0.6655,37,10212.49,0.652,1
0,0.75,0,1,1,1,0,0,0.0826,0.7249,37,4215.58,0.6585,1
2,0.75,1,1,0,1,2,2,0.0239,0.858,48,1661.54,0.5406,1
1,0.25,1,0,0,0,0,0,0.0234,0.7281,11,32325.16,0.2404,0
2,0.25,1,0,0,0,0,0,0.2402,0.7787,6,1584.89,0.2377,1
1,0.75,1,1,0,1,0,0,0.0423,0.6815,36,5981.76,0.5076,1
0,0.75,1,1,0,1,1,0,0.0596,0.6012,15,5469.79,0.5154,0
4,1.0,1,1,1,1,0,0,0.4216,0.5633,37,4592.16,0.8233,1
2,0.75,1,1,1,0,0,0,0.2477,0.546,39,3974.35,0.6474,1
0,1.0,1,1,1,1,0,0,0.2547,0.5199,34,502.62,0.7462,1
3,1.0,1,1,1,1,1,3,0.0986,0.5983,39,18613.41,0.9009,1
1,0.5,1,1,0,0,0,0,0.4633,0.2754,28,714.58,0.4291,0
4,0.75,1,1,0,1,1,1,0.3933,0.5535,38,3273.35,0.5728,0
2,1.0,1,1,1,1,0,0,0.2021,0.8078,16,1102.91,0.6589,1
1,0.5,1,0,1,0,2,2,0.0758,0.7584,25,747.0,0.4563,1
0,0.5,1,0,0,1,0,0,0.2653,0.4731,19,2969.18,0.3626,1
0,1.0,1,1,1,1,0,0,0.3629,0.7432,45,6434.96,0.9421,1
1,0.5,1,0,1,0,0,0,0.1816,0.8605,24,1755.93,0.3986,1
2,0.75,1,1,1,0,1,3,0.1944,0.4193,37,381.08,0.639,0
0,1.0,1,1,1,1,0,0,0.0676,0.8288,38,3521.34,0.9555,1
0,0.5,1,1,0,0,0,0,0.2271,0.8961,36,5189.96,0.4761,1
3,0.5,1,1,0,0,0,0,0.6261,0.4823,18,1328.84,0.39,1
5,0.5,0,1,1,0,0,0,0.2169,0.6481,20,4205.8,0.3616,1
1,0.75,1,1,0,1,1,3,0.1558,0.3992,31,375.86,0.691,0
0,1.0,1,1,1,1,0,0,0.2623,0.4614,27,1669.83,0.8016,1
0,1.0,1,1,1,1,0,0,0.1506,0.7571,38,2349.46,0.7172,1
0,0.5,1,1,0,0,0,0,0.7153,0.7336,40,5430.83,0.4833,1
4,1.0,1,1,1,1,0,0,0.1347,0.8734,11,1544.46,0.7193,1
0,0.75,1,1,1,0,0,0,0.6758,0.5233,46,2216.05,0.4943,1
2,0.25,0,1,0,0,0,0,0.5396,0.5733,14,3564.35,0.1643,0
0,1.0,1,1,1,1,0,0,0.2543,0.9628,27,3524.33,0.8678,1
2,0.75,1,1,1,0,0,0,0.1087,0.8698,20,2652.6,0.6612,1
2,1.0,1,1,1,1,1,2,0.2858,0.8866,15,1493.71,0.7589,1
3,0.75,1,1,0,1,0,0,0.1448,0.6707,22,3979.52,0.5715,1
0,0.75,1,1,1,0,1,3,0.2792,0.5509,25,6452.33,0.5766,0
0,0.75,0,1,1,1,1,3,0.0659,0.6754,14,684.56,0.666,1
0,0.75,1,1,0,1,2,3,0.0976,0.9847,36,1556.75,0.5028,0
4,0.75,1,1,0,1,0,0,0.3372,0.6115,11,3967.07,0.7314,1
3,0.75,1,1,1,0,0,0,0.2358,0.4495,3,5033.84,0.5459,1
2,0.75,1,1,0,1,0,0,0.0123,0.7584,34,5422.75,0.7499,1
2,0.75,1,1,1,0,0,0,0.3355,0.4248,30,3807.25,0.5325,1
2,0.75,1,0,1,1,1,2,0.1914,0.8224,26,2377.12,0.69,1
0,0.75,1,1,1,0,0,0,0.0716,0.8034,31,3732.62,0.5461,1
4,0.75,1,1,0,1,0,0,0.4261,0.7265,32,607.77,0.5087,0
1,0.75,1,1,1,0,0,0,0.1527,0.2804,12,915.12,0.7172,1
1,0.5,1,1,0,0,1,0,0.188,0.2475,36,9286.09,0.4753,0
1,1.0,1,1,1,1,0,0,0.359,0.7276,43,9036.34,0.7912,1
0,1.0,1,1,1,1,0,0,0.1564,0.6889,1,4604.27,0.8958,1
0,0.75,1,0,1,1,0,0,0.022,0.8755,37,1486.28,0.6337,1
2,1.0,1,1,1,1,0,0,0.0758,0.7796,36,3762.8,0.9485,1
0,0.75,1,1,1,0,2,0,0.3685,0.922,49,4174.3,0.5702,1
2,0.75,1,0,1,1,0,0,0.06,0.6749,4,2633.45,0.625,1
0,0.75,1,0,1,1,0,0,0.2606,0.4382,17,4931.45,0.6149,1
1,0.75,1,1,1,0,0,0,0.2322,0.6156,47,205.49,0.5804,1
0,0.75,1,1,0,1,0,0,0.2465,0.4482,16,1136.04,0.7215,0
1,0.5,1,0,0,1,0,0,0.188,0.6708,1,5637.24,0.354,1
2,1.0,1,1,1,1,0,0,0.0796,0.5162,48,9871.94,0.7023,1
0,0.75,1,1,0,1,0,0,0.1403,0.7651,41,7408.64,0.6389,1
2,1.0,1,1,1,1,0,0,0.1397,0.6661,34,4511.82,0.8801,1
1,0.75,1,1,1,0,2,3,0.46,0.9036,13,733.22,0.5386,0
2,0.5,1,1,0,0,0,0,0.3365,0.4036,11,1710.02,0.3934,1
4,1.0,1,1,1,1,0,0,0.0674,0.7983,32,280.31,0.9813,1
2,0.5,1,1,0,0,0,0,0.3255,0.8084,6,3674.44,0.3682,1
0,0.75,1,1,1,0,0,0,0.0407,0.5469,38,2191.56,0.6629,1
0,0.5,1,0,1,0,1,0,0.238,0.7376,44,3078.5,0.4545,1
0,0.75,0,1,1,1,0,0,0.2279,0.6674,8,13680.63,0.6051,1
2,0.5,1,0,1,0,0,0,0.0944,0.3948,4,1901.05,0.4891,1
0,0.5,0,0,1,1,2,3,0.0333,0.8889,3,1382.07,0.4539,0
1,0.75,1,0,1,1,0,0,0.0872,0.7239,31,671.31,0.6077,1
2,0.25,1,0,0,0,0,0,0.0883,0.8279,4,642.6,0.2123,0
0,0.75,1,1,0,1,0,0,0.1008,0.7091,43,2658.51,0.6693,1
2,0.75,1,0,1,1,0,0,0.3204,0.7595,7,4941.24,0.6429,1
0,1.0,1,1,1,1,0,0,0.0161,0.5417,12,3009.11,0.9575,1
0,1.0,1,1,1,1,0,0,0.4338,0.8926,3,7330.56,0.7749,1
2,0.75,1,1,1,0,0,0,0.0765,0.4321,10,1428.64,0.5662,1
1,0.5,1,0,0,1,0,0,0.258,0.9428,14,3263.94,0.3624,1
2,0.5,0,1,1,0,1,3,0.3072,0.5559,45,3888.64,0.3316,0
1,1.0,1,1,1,1,0,0,0.4222,0.3513,17,1253.12,0.6651,1
0,0.75,1,1,0,1,0,0,0.3353,0.5489,19,1866.4,0.7159,1
3,0.75,1,1,0,1,0,0,0.1387,0.8477,0,3228.63,0.6656,1
2,0.75,1,1,1,0,0,0,0.0977,0.7937,0,174.03,0.6609,1
2,0.5,1,1,0,0,0,0,0.3613,0.8652,10,7719.26,0.4326,1
0,0.5,1,1,0,0,0,0,0.385,0.7724,28,512.06,0.4736,1
2,0.75,1,1,0,1,0,0,0.227,0.676,28,270.54,0.6136,1
1,0.5,1,0,1,0,0,0,0.0878,0.6286,23,947.41,0.4773,1
0,1.0,1,1,1,1,0,0,0.1459,0.841,19,2542.28,0.7758,1
4,0.5,1,0,1,0,1,0,0.3211,0.5163,29,1494.87,0.4872,1
0,1.0,1,1,1,1,0,0,0.0682,0.8244,37,2130.27,0.8945,1
5,0.5,1,1,0,0,0,0,0.2689,0.7914,4,408.12,0.37,0
1,1.0,1,1,1,1,1,2,0.1115,0.7521,44,1028.92,0.8474,0
0,0.75,1,1,0,1,1,0,0.098,0.561,9,459.68,0.6274,0
1,0.75,1,1,0,1,0,0,0.1555,0.6311,5,1013.44,0.5237,0
3,1.0,1,1,1,1,0,0,0.4228,0.6337,3,4352.72,0.8569,1
2,0.75,1,1,1,0,0,0,0.3107,0.3459,3,3097.23,0.5701,1
3,0.75,1,1,0,1,1,0,0.2477,0.8261,6,1522.48,0.5012,1
2,0.25,1,0,0,0,0,0,0.7292,0.4183,47,1159.68,0.2455,0
2,0.75,1,1,1,0,0,0,0.4092,0.5353,32,21109.31,0.6559,1
3,0.5,0,1,0,1,0,0,0.1555,0.8889,8,5211.57,0.4785,1
0,0.5,1,0,0,1,0,0,0.1677,0.8924,25,6141.77,0.4433,0
1,0.5,0,1,0,1,0,0,0.3494,0.8088,46,193.51,0.3875,1
0,0.25,1,0,0,0,0,0,0.2492,0.4087,40,315.03,0.2074,0
5,0.75,1,1,1,0,0,0,0.0574,0.7571,20,4464.26,0.6649,1
4,0.5,1,1,0,0,0,0,0.0291,0.7084,21,845.45,0.493,0
0,0.5,1,1,0,0,1,1,0.4617,0.6168,32,2040.84,0.3694,0
2,0.5,1,0,1,0,1,0,0.6155,0.5446,32,812.41,0.4781,0
4,0.5,1,0,1,0,0,0,0.2189,0.747,47,782.1,0.4867,1
0,0.25,1,0,0,0,1,3,0.6145,0.814,4,504.24,0.2212,0
2,0.75,1,1,0,1,2,3,0.2166,0.5524,20,3257.15,0.732,0
4,0.25,0,1,0,0,0,0,0.2036,0.6485,26,4805.37,0.1973,1
0,1.0,1,1,1,1,0,0,0.5179,0.9317,40,304.83,0.9836,1
2,0.75,1,1,1,0,0,0,0.0724,0.4519,0,1228.21,0.672,1
0,1.0,1,1,1,1,0,0,0.0491,0.7363,15,3859.08,0.6647,1
4,1.0,1,1,1,1,0,0,0.1266,0.9535,34,1843.35,0.9674,1
5,0.75,1,1,1,0,0,0,0.3666,0.7994,35,4368.77,0.6147,1
4,0.75,0,1,1,1,0,0,0.1029,0.829,43,5083.67,0.6083,1
1,0.75,1,1,1,0,1,3,0.1761,0.604,31,214.89,0.6362,1
3,0.5,1,0,0,1,0,0,0.2255,0.727,28,1777.98,0.3511,1
3,0.5,1,0,1,0,1,3,0.0986,0.9143,38,4671.52,0.4071,0
0,1.0,1,1,1,1,0,0,0.2031,0.808,46,1764.19,0.9409,1
3,0.25,1,0,0,0,0,0,0.0678,0.7454,22,120.48,0.1639,1
0,0.75,1,1,1,0,0,0,0.2717,0.6342,14,1534.75,0.5591,1
2,0.75,1,1,0,1,0,0,0.0932,0.6455,25,7312.93,0.4881,1
0,0.75,1,1,1,0,2,3,0.1265,0.8014,36,10723.49,0.5966,1
0,0.75,0,1,1,1,1,1,0.2276,0.7224,24,2977.54,0.6787,1
0,0.75,1,0,1,1,0,0,0.539,0.5615,1,1380.31,0.6972,1
2,1.0,1,1,1,1,1,3,0.1563,0.8133,11,2296.18,0.9808,1
0,0.5,1,1,0,0,0,0,0.0201,0.8754,18,1043.09,0.4315,0
2,1.0,1,1,1,1,0,0,0.1659,0.7286,31,744.26,0.7391,1
0,0.75,0,1,1,1,0,0,0.3056,0.5739,22,2481.05,0.7301,1
0,0.75,1,1,1,0,0,0,0.1525,0.8099,4,4770.4,0.691,1
1,0.75,1,1,1,0,0,0,0.0552,0.6672,24,980.69,0.6383,1
2,0.75,1,1,1,0,0,0,0.2098,0.5054,34,8509.86,0.6701,1
0,0.5,0,0,1,1,0,0,0.1161,0.9216,28,744.69,0.4868,1
2,0.5,1,1,0,0,0,0,0.3746,0.7685,37,2960.82,0.4497,1
4,1.0,1,1,1,1,0,0,0.0355,0.5455,44,5342.38,0.7789,1
2,0.75,1,1,1,0,1,2,0.4811,0.4092,19,940.07,0.6747,1
0,0.75,1,1,1,0,0,0,0.4058,0.6026,46,1330.63,0.4981,1
0,0.75,1,1,0,1,0,0,0.0386,0.7763,35,285.0,0.5889,1
3,0.75,1,1,0,1,0,0,0.0783,0.6445,6,10185.19,0.5942,1
0,1.0,1,1,1,1,0,0,0.1801,0.8101,21,2435.99,0.7084,1
3,0.75,1,0,1,1,0,0,0.4902,0.6995,17,332.63,0.4936,1
1,1.0,1,1,1,1,1,3,0.0862,0.6127,20,6304.46,0.6967,1
4,0.5,1,0,1,0,0,0,0.119,0.5905,21,3048.56,0.4396,1
2,0.5,1,0,1,0,0,0,0.368,0.5737,38,299.05,0.4654,1
5,1.0,1,1,1,1,0,0,0.2137,0.6033,11,2198.14,0.9959,1
1,0.75,1,1,0,1,0,0,0.2084,0.5092,10,2094.56,0.5784,1
2,1.0,1,1,1,1,0,0,0.0772,0.513,11,652.72,0.8598,1
1,0.0,0,0,0,0,1,2,0.341,0.5375,25,2008.8,0.1,0
1,0.5,0,1,1,0,1,1,0.4591,0.7122,29,1263.44,0.3542,1
2,0.75,1,1,1,0,0,0,0.3643,0.6892,14,4313.23,0.6759,1
3,1.0,1,1,1,1,0,0,0.2108,0.8307,7,119.27,0.9142,1
5,0.75,0,1,1,1,0,0,0.2363,0.8231,42,493.65,0.5109,1
2,1.0,1,1,1,1,1,2,0.1107,0.698,17,8881.43,0.9514,1
1,0.75,1,1,1,0,0,0,0.3092,0.7161,9,2087.94,0.7009,1
1,0.75,1,1,0,1,2,0,0.3174,0.8431,7,778.32,0.4963,1
2,0.75,1,0,1,1,1,0,0.2781,0.4412,37,5616.46,0.5114,1
0,0.25,0,1,0,0,1,0,0.1363,0.7852,34,6777.28,0.1668,0
0,1.0,1,1,1,1,1,2,0.1702,0.7662,19,930.41,0.7672,1
1,0.5,1,1,0,0,0,0,0.1266,0.8716,11,4476.28,0.4141,0
0,0.25,1,0,0,0,1,1,0.2334,0.6453,48,3442.03,0.2091,0
0,0.75,1,1,0,1,0,0,0.1642,0.858,2,4883.5,0.5578,0
0,1.0,1,1,1,1,0,0,0.1385,0.5544,19,5527.41,0.9691,1
0,0.75,1,1,1,0,1,2,0.7604,0.9246,49,3885.48,0.5842,1
0,0.5,1,0,0,1,0,0,0.186,0.7875,11,11049.78,0.333,0
5,0.75,1,1,1,0,0,0,0.2587,0.8592,23,7088.68,0.5663,1
1,0.75,1,1,0,1,1,2,0.4346,0.5106,15,1010.1,0.6269,0
1,1.0,1,1,1,1,1,2,0.1655,0.7959,9,8669.3,0.7929,1
2,0.5,0,0,1,1,0,0,0.1923,0.8741,18,1659.8,0.3729,1
0,1.0,1,1,1,1,0,0,0.6509,0.5954,40,4638.12,0.696,1
4,0.75,1,1,1,0,1,0,0.2318,0.7779,13,6693.8,0.7025,1
2,0.25,1,0,0,0,1,1,0.1506,0.6663,13,2106.75,0.2497,1
0,0.75,1,0,1,1,1,3,0.5211,0.6574,21,285.09,0.574,0
1,0.75,1,1,1,0,0,0,0.319,0.6932,3,10561.44,0.5877,1
3,0.75,1,0,1,1,1,2,0.2628,0.5096,46,363.34,0.6497,1
4,0.5,1,0,1,0,1,2,0.0186,0.7343,33,1597.58,0.4507,1
1,0.5,1,1,0,0,1,3,0.1643,0.525,17,3276.07,0.3936,0
2,0.75,1,1,1,0,0,0,0.1153,0.803,33,537.63,0.725,1
0,0.5,0,0,1,1,1,2,0.5045,0.815,17,6475.02,0.423,0
5,0.5,1,1,0,0,0,0,0.1828,0.7045,39,896.01,0.4038,1
0,0.5,1,0,0,1,1,0,0.2395,0.8271,30,15041.36,0.4382,0
4,0.25,1,0,0,0,1,2,0.2488,0.9376,41,8787.39,0.2459,0
2,0.5,1,0,1,0,0,0,0.3484,0.6965,19,3347.11,0.464,1
2,1.0,1,1,1,1,1,0,0.3135,0.6456,35,3875.94,0.664,1
1,0.5,1,0,0,1,0,0,0.3515,0.5816,41,2769.54,0.3832,0
0,0.5,1,0,0,1,0,0,0.4407,0.7294,9,1836.38,0.4073,0
0,1.0,1,1,1,1,1,1,0.0231,0.4843,2,1616.95,0.7601,1
0,0.75,1,1,1,0,0,0,0.1389,0.7191,20,7878.52,0.6713,1
0,0.0,0,0,0,0,0,0,0.3505,0.6037,35,3108.2,0.1,0
2,0.5,0,1,0,1,0,0,0.047,0.5371,9,6166.43,0.453,0
1,0.5,1,0,1,0,0,0,0.4269,0.5266,6,2625.92,0.4981,1
0,0.5,0,1,0,1,0,0,0.3483,0.5475,21,1383.66,0.3727,0
5,0.75,1,1,0,1,0,0,0.043,0.4614,22,436.86,0.7172,1
4,0.75,1,1,1,0,0,0,0.138,0.8361,11,1468.9,0.6887,1
4,1.0,1,1,1,1,0,0,0.1495,0.3799,38,7524.35,0.7768,1
5,0.5,1,1,0,0,0,0,0.2451,0.4491,12,4456.31,0.4535,1
0,0.25,1,0,0,0,0,0,0.1694,0.8332,39,5493.45,0.1716,0
1,0.5,1,1,0,0,1,2,0.0963,0.497,12,5296.52,0.4631,0
2,0.25,0,0,0,1,0,0,0.4838,0.8717,32,547.31,0.2091,1
2,0.75,1,1,1,0,0,0,0.1306,0.3803,30,705.49,0.5642,1
0,1.0,1,1,1,1,0,0,0.1994,0.8784,47,1435.64,0.8795,1
3,1.0,1,1,1,1,2,3,0.2911,0.6318,27,1353.51,0.8746,1
0,1.0,1,1,1,1,0,0,0.1392,0.8271,18,339.28,0.7233,1
0,1.0,1,1,1,1,0,0,0.2872,0.5382,20,683.14,0.6606,1
1,0.5,0,1,0,1,0,0,0.1477,0.4974,31,6888.4,0.4009,1
2,0.5,1,0,1,0,1,2,0.5503,0.7258,25,3212.45,0.4247,0
2,1.0,1,1,1,1,0,0,0.1171,0.8189,12,1566.43,0.9568,1
0,1.0,1,1,1,1,0,0,0.1358,0.5066,28,2716.45,0.9749,1
3,0.5,0,1,0,1,1,0,0.3639,0.3826,6,1160.09,0.4175,0
0,1.0,1,1,1,1,1,1,0.4376,0.6403,46,3168.42,0.9138,1
0,0.75,1,0,1,1,0,0,0.2054,0.502,25,371.47,0.6028,1
4,1.0,1,1,1,1,1,1,0.581,0.766,5,8253.07,0.9111,1
5,0.75,1,1,0,1,0,0,0.3229,0.7579,31,1062.59,0.5413,1
3,0.5,0,0,1,1,0,0,0.0813,0.4474,35,6083.86,0.3899,1
3,1.0,1,1,1,1,0,0,0.1211,0.8751,22,3875.82,0.872,1
2,0.75,1,1,1,0,0,0,0.6117,0.7704,10,2690.89,0.4923,1
2,1.0,1,1,1,1,1,1,0.1144,0.7385,20,9397.25,0.9029,1
0,0.5,1,1,0,0,1,1,0.4175,0.7108,18,696.98,0.4712,0
1,0.25,0,0,0,1,0,0,0.4288,0.7311,33,544.54,0.1974,1
1,0.75,1,1,0,1,0,0,0.0659,0.8505,48,1459.41,0.6051,1
0,1.0,1,1,1,1,2,2,0.3611,0.8941,46,6306.41,0.9479,1
2,0.5,1,1,0,0,0,0,0.2269,0.7593,49,225.43,0.4607,1
1,1.0,1,1,1,1,0,0,0.2294,0.7671,43,1057.79,0.7509,1
0,0.75,1,0,1,1,0,0,0.2803,0.768,34,2035.04,0.5725,1
0,0.25,1,0,0,0,1,1,0.5215,0.497,48,4468.24,0.2219,0
2,1.0,1,1,1,1,0,0,0.2511,0.7726,30,1344.93,0.8471,0
0,1.0,1,1,1,1,0,0,0.0749,0.7469,45,2180.44,0.7068,1
3,1.0,1,1,1,1,0,0,0.1189,0.7194,28,1537.64,0.7585,1
1,0.5,1,0,1,0,0,0,0.5534,0.8503,5,438.02,0.4825,1
1,1.0,1,1,1,1,1,3,0.4361,0.4793,35,4796.98,0.8909,1
2,0.5,0,1,0,1,2,2,0.0371,0.832,30,2265.6,0.4975,0
3,0.75,1,1,1,0,0,0,0.0837,0.4946,31,5959.14,0.6888,1
0,0.25,1,0,0,0,0,0,0.5411,0.7615,39,4252.53,0.2449,0
2,1.0,1,1,1,1,1,2,0.0494,0.4084,19,308.44,0.7257,1
2,0.75,1,1,0,1,0,0,0.0705,0.7691,21,2526.55,0.69,1
0,1.0,1,1,1,1,0,0,0.1915,0.9632,2,16531.16,0.6571,1
3,0.75,1,1,1,0,0,0,0.0977,0.5988,7,1387.94,0.6636,1
2,0.75,1,1,1,0,0,0,0.1637,0.771,44,2477.07,0.6107,1
2,0.5,1,1,0,0,0,0,0.2892,0.7476,18,3794.76,0.3857,1
3,0.75,1,1,1,0,1,2,0.4609,0.6907,30,890.93,0.7139,0
3,0.75,1,0,1,1,0,0,0.1401,0.4671,31,4343.28,0.7117,1
2,1.0,1,1,1,1,0,0,0.5912,0.7206,14,3873.54,0.6578,1
3,0.5,1,0,0,1,1,2,0.4322,0.6352,38,1744.79,0.4317,1
2,0.75,1,1,1,0,1,2,0.0799,0.7955,30,1271.41,0.5841,1
2,1.0,1,1,1,1,0,0,0.4518,0.8245,2,8901.01,0.7955,1
2,0.5,1,1,0,0,0,0,0.0906,0.8091,31,575.46,0.4706,1
2,0.75,1,1,1,0,0,0,0.0462,0.9011,9,2079.91,0.5688,1
0,0.75,1,0,1,1,1,0,0.0821,0.6173,27,5198.26,0.7351,1
4,0.75,0,1,1,1,0,0,0.1503,0.8769,26,661.15,0.5347,1
3,0.75,1,1,0,1,0,0,0.0181,0.7062,47,9556.94,0.6615,1
0,0.5,1,0,1,0,1,0,0.0801,0.7594,45,2714.78,0.4426,1
3,1.0,1,1,1,1,1,1,0.0241,0.851,39,2559.89,0.7383,1
0,0.5,0,0,1,1,0,0,0.6002,0.6354,42,2032.45,0.3818,1
0,1.0,1,1,1,1,1,2,0.1467,0.6932,30,7172.79,0.9422,1
2,0.75,1,1,1,0,0,0,0.2765,0.796,33,10477.63,0.6875,1
0,0.5,0,0,1,1,0,0,0.119,0.8871,4,1773.51,0.3826,1
3,0.75,1,1,0,1,0,0,0.1912,0.6457,10,2836.11,0.6277,1
3,0.75,1,0,1,1,0,0,0.0441,0.4653,6,1426.34,0.5037,1
1,0.25,0,0,1,0,0,0,0.0933,0.7158,7,1706.12,0.1808,1
0,0.25,1,0,0,0,0,0,0.2312,0.7502,16,200.6,0.205,0
0,0.5,1,1,0,0,0,0,0.0396,0.3166,43,5495.17,0.34,0
2,0.75,1,1,1,0,0,0,0.1084,0.8353,49,12296.0,0.7089,1
5,1.0,1,1,1,1,0,0,0.2147,0.3001,38,5236.67,0.9013,1
2,0.25,1,0,0,0,2,3,0.048,0.705,40,2655.87,0.2451,0
0,0.5,1,0,1,0,0,0,0.4356,0.7937,13,6250.96,0.4464,1
2,0.25,0,1,0,0,1,2,0.1615,0.6254,23,6928.77,0.2448,0
1,0.75,1,1,1,0,0,0,0.2914,0.7901,29,2852.43,0.6331,1
2,0.75,1,1,1,0,1,3,0.1574,0.7653,49,9784.93,0.6451,1
0,0.75,1,0,1,1,0,0,0.232,0.6917,14,207.22,0.744,1
2,0.75,1,1,0,1,1,0,0.1132,0.7582,3,135.52,0.6561,1
1,0.75,1,1,1,0,0,0,0.0711,0.7591,12,397.39,0.4956,1
5,0.25,0,1,0,0,0,0,0.0555,0.875,4,308.6,0.2258,1
0,0.75,1,1,1,0,0,0,0.2754,0.7673,30,2034.48,0.7252,1
2,0.5,1,0,1,0,1,0,0.1571,0.7798,11,9965.72,0.4642,1
4,1.0,1,1,1,1,0,0,0.1134,0.4207,29,4036.16,0.8543,1
0,0.75,1,1,0,1,1,2,0.036,0.7941,48,3870.21,0.6637,1
4,1.0,1,1,1,1,0,0,0.1662,0.601,9,1800.82,0.9966,1
2,1.0,1,1,1,1,0,0,0.1505,0.616,29,2770.74,0.6817,1
0,0.5,1,1,0,0,0,0,0.2528,0.4961,25,1369.3,0.4418,0
0,1.0,1,1,1,1,0,0,0.2523,0.6307,43,2653.16,0.7492,0
2,0.75,1,0,1,1,2,3,0.3961,0.6682,5,4905.59,0.6555,0
0,1.0,1,1,1,1,0,0,0.0233,0.5336,26,2963.05,0.8627,1
2,0.75,1,1,1,0,0,0,0.2336,0.8205,19,1999.74,0.5278,1
0,1.0,1,1,1,1,0,0,0.1393,0.6846,27,6623.4,0.7224,1
2,0.75,1,1,0,1,0,0,0.1318,0.7073,19,1286.13,0.6507,1
0,0.75,1,0,1,1,1,0,0.1054,0.7275,11,2398.77,0.5212,1
3,0.75,1,1,1,0,0,0,0.0461,0.7155,44,13482.0,0.5571,1
5,0.75,1,1,0,1,0,0,0.0911,0.7247,20,12073.65,0.7068,1
5,0.75,1,0,1,1,0,0,0.183,0.6891,29,122.07,0.5734,1
2,0.75,0,1,1,1,0,0,0.2759,0.7134,48,2759.25,0.6156,1
0,0.75,1,0,1,1,0,0,0.2894,0.6077,9,1538.0,0.7345,1
2,0.75,1,1,0,1,0,0,0.0607,0.542,4,1304.75,0.5471,1
0,0.5,1,1,0,0,0,0,0.1798,0.624,36,3274.38,0.3932,0
0,1.0,1,1,1,1,0,0,0.2187,0.8274,7,2168.99,0.8623,1
0,0.75,1,1,0,1,0,0,0.1795,0.7172,29,4719.7,0.6858,0
1,1.0,1,1,1,1,0,0,0.0134,0.3369,16,196.28,0.9656,1
2,0.5,1,1,0,0,1,3,0.1983,0.7152,2,9255.31,0.4852,0
2,0.75,1,1,0,1,0,0,0.1296,0.5472,20,3034.36,0.6914,1
1,1.0,1,1,1,1,0,0,0.137,0.6684,15,4132.78,0.7299,1
0,1.0,1,1,1,1,1,3,0.3768,0.8473,31,3347.38,0.6587,1
5,0.75,1,0,1,1,0,0,0.3604,0.6831,26,15926.64,0.5882,1
1,1.0,1,1,1,1,0,0,0.1332,0.3526,5,15115.86,0.6995,1
1,0.5,1,0,0,1,0,0,0.1579,0.8128,41,3394.66,0.4493,1
0,0.5,1,1,0,0,0,0,0.0598,0.8446,15,4131.64,0.4407,1
2,0.75,1,1,1,0,0,0,0.0501,0.6683,44,3473.4,0.499,1
2,0.5,1,1,0,0,1,0,0.3878,0.6172,2,1402.18,0.4714,1
0,0.5,0,1,1,0,0,0,0.4706,0.8123,39,848.84,0.3685,1
0,1.0,1,1,1,1,0,0,0.3138,0.4322,19,1904.05,0.8013,1
2,0.75,0,1,1,1,0,0,0.5696,0.6986,39,4118.3,0.6628,1
2,0.75,1,0,1,1,0,0,0.2092,0.5596,6,301.62,0.6002,1
0,0.5,1,0,1,0,2,0,0.2,0.6172,10,2627.61,0.4022,0
5,0.5,1,0,1,0,0,0,0.2718,0.3531,28,1937.22,0.3365,1
0,0.75,1,1,0,1,0,0,0.2226,0.7921,2,2723.9,0.5929,1
1,0.25,0,0,0,1,0,0,0.1875,0.3928,20,6987.07,0.2294,1
4,0.25,0,1,0,0,0,0,0.1917,0.4863,31,270.73,0.2426,0
1,1.0,1,1,1,1,1,0,0.2127,0.9084,29,5148.16,0.7947,1
2,0.75,1,0,1,1,0,0,0.3095,0.8564,38,3947.7,0.5987,1
1,0.75,1,1,1,0,0,0,0.0713,0.618,10,897.88,0.6719,1
0,0.75,1,1,0,1,0,0,0.3349,0.4733,16,4737.32,0.735,1
5,0.25,0,0,1,0,0,0,0.2941,0.706,24,2500.71,0.1859,1
1,1.0,1,1,1,1,0,0,0.0291,0.7177,49,2395.65,0.8041,1
4,0.75,1,1,0,1,0,0,0.226,0.8246,24,2409.47,0.6964,1
0,0.75,1,1,1,0,0,0,0.3051,0.819,8,10531.85,0.6475,1
0,0.75,1,1,0,1,0,0,0.0981,0.7376,44,10211.27,0.5165,1
0,0.75,0,1,1,1,0,0,0.3039,0.6532,28,8671.01,0.6523,1
2,0.75,1,1,0,1,1,1,0.4073,0.6196,14,7723.31,0.5365,1
1,0.5,1,0,1,0,0,0,0.2194,0.5658,18,234.09,0.4143,1
3,0.75,1,1,1,0,0,0,0.3158,0.6529,14,1891.36,0.6264,1
1,0.75,1,1,1,0,0,0,0.0573,0.8215,38,7984.19,0.7175,1
5,0.75,1,0,1,1,0,0,0.3617,0.7477,34,5024.55,0.6089,1
0,1.0,1,1,1,1,0,0,0.2066,0.763,39,2235.07,0.7478,1
3,0.75,1,1,1,0,0,0,0.4263,0.7808,12,5293.72,0.5481,1
2,1.0,1,1,1,1,0,0,0.3265,0.5986,15,917.0,0.956,1
2,0.75,1,1,0,1,1,0,0.1716,0.8095,2,3305.26,0.5324,1
3,1.0,1,1,1,1,0,0,0.2061,0.3434,30,2764.98,0.7991,1
2,0.75,1,1,0,1,0,0,0.1502,0.5048,0,3082.89,0.5366,1
2,0.75,1,1,0,1,0,0,0.2316,0.4694,34,4577.89,0.6905,1
0,1.0,1,1,1,1,1,1,0.4654,0.5138,15,10571.24,0.816,1
0,1.0,1,1,1,1,0,0,0.1795,0.828,0,1172.89,0.7729,1
4,0.5,1,1,0,0,0,0,0.4542,0.7309,49,5066.6,0.3882,0
2,0.75,1,1,1,0,0,0,0.479,0.5673,13,3726.12,0.7112,1
2,0.75,1,1,1,0,1,0,0.0798,0.8583,6,4257.72,0.6329,1
1,0.75,0,1,1,1,0,0,0.1661,0.8119,22,2060.79,0.6759,1
0,0.5,1,1,0,0,2,0,0.1205,0.6735,34,10224.76,0.482,0
0,0.25,0,0,1,0,0,0,0.3672,0.543,28,2386.43,0.2414,0
2,0.75,1,1,0,1,0,0,0.189,0.7023,21,553.75,0.5737,1
1,0.75,1,1,1,0,0,0,0.2147,0.7237,15,4095.61,0.7375,1
0,0.25,1,0,0,0,1,1,0.3882,0.7227,28,582.87,0.1647,0
1,0.5,1,1,0,0,0,0,0.5501,0.6338,5,1463.61,0.3909,1
0,1.0,1,1,1,1,1,2,0.5551,0.5973,17,1005.72,0.9635,1
2,0.75,1,1,1,0,0,0,0.1562,0.6206,28,2809.75,0.5596,1
0,0.5,1,0,0,1,2,0,0.4819,0.8261,24,1594.33,0.3728,0
2,0.75,1,1,0,1,0,0,0.2914,0.4409,44,709.63,0.5669,1
0,1.0,1,1,1,1,1,2,0.3224,0.7802,1,5575.87,0.8643,1
1,0.25,0,0,0,1,0,0,0.5592,0.5077,43,2312.13,0.2009,1
0,1.0,1,1,1,1,1,3,0.0646,0.8616,31,2220.86,0.9044,1
0,0.25,0,1,0,0,1,2,0.1895,0.4505,35,7711.61,0.2408,0
1,0.25,1,0,0,0,0,0,0.4741,0.8383,31,2808.92,0.2215,1
1,0.75,1,1,1,0,1,1,0.1695,0.4422,40,4431.31,0.5412,0
2,0.75,1,1,1,0,0,0,0.2762,0.5146,19,1491.58,0.7323,1
0,0.5,1,1,0,0,0,0,0.1426,0.7462,36,2983.7,0.3713,1
2,0.25,1,0,0,0,1,2,0.1602,0.4384,41,4636.5,0.1756,0
3,0.5,0,0,1,1,0,0,0.2993,0.4118,37,1330.77,0.3407,1
2,0.75,1,0,1,1,0,0,0.3651,0.7987,32,4182.63,0.6354,1
0,0.5,1,1,0,0,1,1,0.1374,0.7121,4,3043.84,0.3449,0
1,1.0,1,1,1,1,1,1,0.3652,0.7211,5,2093.26,0.6986,1
0,0.5,1,0,1,0,0,0,0.1882,0.7569,21,4468.58,0.3775,1
0,0.25,1,0,0,0,0,0,0.3387,0.5929,20,1433.92,0.1871,0
5,0.75,1,1,0,1,0,0,0.2044,0.6168,18,4487.33,0.6461,1
0,0.75,1,1,1,0,0,0,0.2747,0.8496,42,2903.45,0.7019,1
1,0.75,1,1,1,0,2,3,0.1999,0.9683,14,1086.43,0.6874,1
2,0.75,1,1,1,0,0,0,0.0455,0.5538,33,3962.08,0.5564,1
2,0.75,1,1,0,1,1,1,0.1603,0.4174,46,7662.72,0.5519,1
2,0.5,1,0,0,1,0,0,0.2061,0.7708,6,1398.79,0.494,1
0,0.75,1,1,1,0,0,0,0.1943,0.5878,16,5955.78,0.4897,1
0,0.75,1,1,0,1,0,0,0.633,0.8265,43,1533.84,0.7184,1
1,0.75,0,1,1,1,1,2,0.3568,0.8552,43,6123.66,0.5399,0
0,1.0,1,1,1,1,0,0,0.2859,0.548,4,283.77,0.9815,1
1,0.5,1,0,0,1,0,0,0.2012,0.7389,38,125.35,0.3849,1
0,0.5,1,0,1,0,1,1,0.0328,0.6458,1,520.72,0.4021,1
0,0.75,1,1,1,0,0,0,0.1828,0.8728,26,7348.57,0.6731,1
1,0.5,0,0,1,1,4,0,0.3486,0.3702,44,2770.41,0.4278,1
0,0.5,1,0,0,1,0,0,0.1271,0.7779,23,3255.78,0.3806,1
2,0.5,1,0,0,1,0,0,0.1251,0.8357,40,6562.62,0.4219,1
2,0.75,1,0,1,1,0,0,0.0781,0.5639,46,281.91,0.6793,1
3,0.75,1,1,0,1,2,3,0.0878,0.8388,27,1813.48,0.4986,1
0,0.5,0,0,1,1,0,0,0.7637,0.725,46,3705.95,0.327,1
0,0.75,1,1,0,1,2,2,0.349,0.7125,0,1915.3,0.6077,0
0,0.75,0,1,1,1,1,1,0.2875,0.9308,20,214.3,0.5221,1
2,0.75,1,1,0,1,0,0,0.2793,0.9469,27,3783.83,0.6619,1
2,0.5,1,0,1,0,0,0,0.5554,0.9246,2,1838.09,0.3625,1
0,0.5,1,1,0,0,0,0,0.4295,0.7109,29,167.89,0.4007,0
4,0.75,1,0,1,1,0,0,0.0224,0.9353,0,754.34,0.5394,1
0,0.75,1,1,0,1,0,0,0.0989,0.9107,44,958.78,0.6315,1
1,1.0,1,1,1,1,1,0,0.2975,0.8705,46,2601.13,0.6906,1
2,0.75,1,1,0,1,1,1,0.2507,0.3913,44,821.89,0.4936,1
3,0.75,1,1,1,0,0,0,0.2211,0.7727,17,1669.27,0.5009,1
2,0.75,1,1,1,0,0,0,0.0721,0.6259,48,4961.36,0.738,1
3,0.5,0,1,0,1,0,0,0.1779,0.6934,32,5870.81,0.3499,1
0,0.75,1,1,1,0,0,0,0.3267,0.4664,14,5653.67,0.6735,1
3,0.5,1,1,0,0,0,0,0.1536,0.6445,23,4257.0,0.3369,1
0,0.75,1,1,1,0,0,0,0.0598,0.6707,35,2831.67,0.5159,1
4,0.75,1,1,1,0,0,0,0.3708,0.7639,33,2899.68,0.6211,1
1,0.75,1,1,0,1,1,1,0.0565,0.5883,25,10830.61,0.6095,1
3,0.25,0,1,0,0,0,0,0.369,0.4254,39,7459.31,0.2458,0
1,0.75,1,1,0,1,0,0,0.1765,0.9705,21,3772.22,0.7355,1
2,0.75,1,1,1,0,0,0,0.1836,0.937,15,2312.15,0.6921,1
1,0.5,1,0,0,1,0,0,0.3127,0.5228,39,4670.64,0.4304,1
2,0.5,0,1,1,0,2,0,0.1355,0.7769,41,326.69,0.4046,1
0,0.75,1,0,1,1,0,0,0.4935,0.7912,15,10226.63,0.581,1
0,1.0,1,1,1,1,0,0,0.0874,0.6629,4,2876.0,0.9815,1
0,0.25,1,0,0,0,1,1,0.3402,0.607,5,2545.6,0.2153,0
0,0.5,0,0,1,1,0,0,0.1283,0.6616,41,1302.83,0.4263,1
3,1.0,1,1,1,1,1,1,0.2582,0.6043,23,111.88,0.7312,1
0,0.75,1,1,1,0,2,3,0.2141,0.7383,29,321.2,0.4998,1
5,0.25,1,0,0,0,0,0,0.2988,0.535,36,1168.13,0.2452,0
0,0.75,1,1,0,1,0,0,0.0695,0.7421,31,2829.64,0.5699,1
0,0.5,1,0,0,1,1,0,0.4256,0.8431,18,405.48,0.4025,0
2,0.5,1,0,1,0,1,2,0.3354,0.8616,44,12620.93,0.3451,1
2,0.5,1,1,0,0,0,0,0.2607,0.593,27,1952.42,0.4715,1
1,1.0,1,1,1,1,0,0,0.13,0.4271,46,1430.92,0.6597,1
2,0.5,1,0,0,1,0,0,0.1408,0.5358,7,2706.99,0.4709,0
2,1.0,1,1,1,1,0,0,0.4131,0.6723,42,335.18,0.6991,1
0,0.5,1,0,1,0,1,2,0.0721,0.4659,0,6750.45,0.4801,1
5,1.0,1,1,1,1,1,0,0.1586,0.8852,3,2258.45,0.9054,1
5,0.5,1,1,0,0,0,0,0.5194,0.8681,21,787.48,0.3538,1
2,0.5,1,1,0,0,0,0,0.1663,0.6674,21,717.47,0.424,1
0,0.75,1,1,0,1,0,0,0.302,0.2712,29,1667.23,0.5696,1
2,0.75,1,1,0,1,1,0,0.151,0.8003,26,3081.37,0.5343,1
0,0.75,1,1,1,0,2,2,0.5272,0.5503,26,1987.92,0.713,0
0,0.75,1,0,1,1,2,3,0.5508,0.472,12,3279.11,0.5934,0
0,1.0,1,1,1,1,0,0,0.3838,0.4765,38,4378.4,0.7895,1
1,1.0,1,1,1,1,1,1,0.2375,0.4223,26,4930.94,0.7095,1
3,0.75,1,0,1,1,1,2,0.2465,0.4689,38,1893.47,0.5881,0
2,0.75,1,0,1,1,0,0,0.3417,0.6656,37,4518.12,0.7163,1
2,0.75,1,1,1,0,0,0,0.3816,0.6828,7,634.01,0.5828,1
1,0.75,1,1,0,1,0,0,0.2235,0.8989,11,2618.91,0.7373,1
0,0.75,1,0,1,1,0,0,0.3559,0.5895,23,363.47,0.7359,1
1,0.75,1,0,1,1,1,0,0.2576,0.7065,17,1079.49,0.5255,1
5,1.0,1,1,1,1,0,0,0.0574,0.5468,14,3162.91,0.7121,1
0,1.0,1,1,1,1,0,0,0.1335,0.5077,15,4820.43,0.9519,1
3,0.5,1,1,0,0,0,0,0.3008,0.5244,32,450.57,0.3937,0
2,0.5,1,1,0,0,0,0,0.2608,0.4904,9,912.07,0.3258,1
1,0.75,1,0,1,1,0,0,0.2912,0.6106,46,16954.85,0.5594,1
2,0.75,1,1,1,0,0,0,0.5474,0.4395,23,1541.9,0.6444,1
1,0.5,1,1,0,0,0,0,0.0361,0.7488,44,1269.46,0.4649,1
3,0.75,0,1,1,1,0,0,0.2945,0.5059,18,411.89,0.5225,1
4,0.75,1,0,1,1,0,0,0.4441,0.4997,26,4254.25,0.5165,1
1,0.75,1,1,1,0,0,0,0.2891,0.7408,44,2584.27,0.7295,1
0,0.75,1,1,0,1,1,2,0.1265,0.8036,40,700.05,0.6847,1
2,1.0,1,1,1,1,0,0,0.0957,0.8963,30,3607.41,0.8564,1
4,1.0,1,1,1,1,0,0,0.0728,0.518,20,2711.15,0.9192,1
0,0.75,1,0,1,1,0,0,0.1384,0.8626,15,3012.99,0.6001,1
2,0.75,1,1,1,0,0,0,0.2735,0.7499,22,18543.92,0.6866,1
2,0.75,1,1,1,0,0,0,0.1993,0.7988,13,201.61,0.5851,1
2,0.75,1,1,1,0,0,0,0.6493,0.9324,22,8726.72,0.5516,1
0,0.75,1,1,0,1,0,0,0.0658,0.881,40,6555.64,0.6789,1
2,1.0,1,1,1,1,0,0,0.1767,0.4195,17,1978.55,0.7969,1
4,1.0,1,1,1,1,0,0,0.0889,0.5079,35,7548.63,0.9935,1
0,0.75,1,1,0,1,1,3,0.0392,0.7361,11,3760.02,0.5792,0
0,0.75,1,0,1,1,0,0,0.6915,0.6727,36,7804.98,0.7295,1
5,1.0,1,1,1,1,2,0,0.4358,0.3793,10,3261.21,0.9765,0
0,0.75,1,1,1,0,1,3,0.2395,0.7494,4,952.38,0.551,1
3,0.5,1,1,0,0,0,0,0.3694,0.8699,20,3104.9,0.4647,1
1,1.0,1,1,1,1,0,0,0.1079,0.5412,31,790.58,0.8016,1
0,0.5,1,1,0,0,0,0,0.098,0.6213,28,631.25,0.4856,1
3,0.5,1,1,0,0,0,0,0.0116,0.8196,6,3815.23,0.4038,0
1,1.0,1,1,1,1,0,0,0.3483,0.5205,35,10412.74,0.9105,1
1,0.75,1,1,1,0,0,0,0.4649,0.5697,39,3207.78,0.6101,1
1,0.75,0,1,1,1,0,0,0.17,0.6627,26,5660.08,0.5473,1
2,0.25,1,0,0,0,0,0,0.0507,0.8101,5,745.26,0.1799,1
0,0.5,1,0,1,0,0,0,0.3263,0.8532,37,3816.74,0.3995,1
1,0.5,1,1,0,0,0,0,0.2702,0.692,3,4721.48,0.4572,1
5,0.5,0,0,1,1,0,0,0.3173,0.6064,45,248.77,0.4309,1
0,0.5,1,0,1,0,1,2,0.1222,0.6475,34,457.75,0.4455,0
2,0.75,0,1,1,1,0,0,0.175,0.6271,9,5424.69,0.5616,1
0,0.75,1,1,0,1,1,2,0.4068,0.2035,37,2129.05,0.6139,0
2,0.75,1,1,0,1,1,2,0.0731,0.3567,49,1920.6,0.4992,0
0,0.75,1,1,1,0,0,0,0.3031,0.817,29,8956.26,0.7021,1
5,0.5,0,1,0,1,0,0,0.2172,0.8628,41,16984.18,0.4982,1
1,1.0,1,1,1,1,0,0,0.2498,0.6609,8,5159.44,0.7924,1
0,0.75,1,0,1,1,0,0,0.3826,0.5778,15,5605.77,0.4904,1
0,0.75,1,1,0,1,1,1,0.5836,0.6958,3,917.6,0.5321,0
0,0.75,1,1,1,0,0,0,0.1944,0.7277,25,847.15,0.6588,1
1,1.0,1,1,1,1,1,2,0.0451,0.8903,28,13913.66,0.8642,0
0,0.5,1,1,0,0,0,0,0.0119,0.5119,27,4257.1,0.4629,1
3,0.5,1,1,0,0,0,0,0.4135,0.7006,10,4162.19,0.3694,1
1,0.25,1,0,0,0,1,0,0.1486,0.6897,27,1279.97,0.2293,0
0,1.0,1,1,1,1,0,0,0.1807,0.5518,43,7715.2,0.8908,1
2,1.0,1,1,1,1,1,2,0.021,0.5356,31,259.1,0.763,1
2,0.5,1,1,0,0,0,0,0.0927,0.5179,23,1223.57,0.4205,0
0,0.25,0,0,0,1,0,0,0.1211,0.8762,41,795.18,0.1754,0
0,0.5,0,1,1,0,0,0,0.3961,0.7769,38,4445.81,0.4042,0
0,1.0,1,1,1,1,0,0,0.1754,0.7729,6,4497.73,0.9584,1
2,0.5,1,0,1,0,1,1,0.5472,0.6871,17,2777.99,0.3987,0
2,0.5,1,1,0,0,0,0,0.0841,0.699,2,118.46,0.4719,1
1,0.5,1,1,0,0,0,0,0.0553,0.4691,43,7343.37,0.4283,1
3,0.75,1,1,1,0,0,0,0.1721,0.8504,45,10999.79,0.5379,1
3,1.0,1,1,1,1,0,0,0.1831,0.7308,19,891.13,0.8534,1
2,0.5,1,1,0,0,1,0,0.0982,0.7982,33,6563.22,0.4135,1
3,0.75,0,1,1,1,0,0,0.2574,0.8629,29,12779.05,0.5921,1
0,0.75,1,1,1,0,0,0,0.1775,0.5894,8,1485.9,0.5189,1
0,0.75,1,0,1,1,0,0,0.1489,0.6751,9,816.23,0.5969,1
0,0.5,0,1,0,1,1,1,0.4037,0.5774,5,13386.08,0.3377,0
0,0.5,1,0,1,0,0,0,0.3764,0.6867,16,315.61,0.3423,1
1,0.75,1,0,1,1,1,3,0.3308,0.6508,14,1230.18,0.5967,0
4,0.75,1,1,1,0,0,0,0.6153,0.5277,32,4842.18,0.5677,0
0,0.75,1,1,0,1,0,0,0.1372,0.5395,12,3462.25,0.7305,1
0,0.5,1,1,0,0,0,0,0.3085,0.5466,41,4137.71,0.3907,0
1,0.75,1,1,0,1,1,2,0.4743,0.7637,43,4409.6,0.6864,0
4,0.75,0,1,1,1,0,0,0.305,0.4749,21,4155.88,0.6267,1
0,0.5,1,0,0,1,1,3,0.458,0.8557,15,1566.21,0.4482,0
1,1.0,1,1,1,1,1,1,0.1474,0.498,33,1406.34,0.741,1
0,1.0,1,1,1,1,0,0,0.2745,0.4352,2,2058.01,0.9797,1
0,0.5,0,1,1,0,1,1,0.2198,0.6175,7,5870.15,0.4178,0
5,1.0,1,1,1,1,1,1,0.0581,0.7679,19,9847.51,0.941,1
5,0.75,1,1,0,1,1,3,0.2179,0.4188,46,2225.97,0.5833,0
0,0.5,1,1,0,0,0,0,0.0881,0.8683,23,413.84,0.3425,0
5,0.5,1,0,0,1,1,1,0.4238,0.5544,17,9849.07,0.4429,0
2,0.75,1,1,1,0,1,2,0.1099,0.4481,22,393.47,0.4895,1
3,1.0,1,1,1,1,1,0,0.5506,0.7909,0,706.53,0.8164,1
1,0.75,1,1,0,1,0,0,0.4213,0.4274,1,7178.81,0.5381,1
1,0.5,1,0,1,0,0,0,0.0335,0.7106,4,2906.3,0.4348,1
1,0.75,1,1,0,1,0,0,0.0823,0.512,17,1622.23,0.7446,1
2,0.25,1,0,0,0,0,0,0.1533,0.8903,15,9453.19,0.2031,1
0,0.5,1,1,0,0,0,0,0.304,0.7444,9,11410.66,0.4681,0
0,0.75,1,1,1,0,0,0,0.5002,0.5117,28,1505.66,0.6208,1
0,0.5,1,0,0,1,0,0,0.2602,0.6566,34,7198.6,0.4118,0
2,0.5,1,1,0,0,0,0,0.4698,0.8519,24,4071.97,0.4878,0
0,0.25,1,0,0,0,0,0,0.15,0.4954,41,1223.09,0.2404,0
2,0.75,1,1,0,1,1,3,0.217,0.6428,23,10031.52,0.6938,1
5,0.75,1,1,1,0,0,0,0.1722,0.9281,12,328.01,0.5653,1
0,0.25,1,0,0,0,1,3,0.4154,0.5527,20,1439.24,0.2102,0
2,0.25,1,0,0,0,1,3,0.1824,0.5687,41,1866.15,0.1821,0
1,0.75,1,1,1,0,0,0,0.4944,0.5426,42,4206.52,0.604,1
3,0.5,1,0,0,1,0,0,0.2896,0.8741,38,237.17,0.4097,1
0,0.5,1,0,1,0,1,1,0.0954,0.5183,33,7818.37,0.4705,1
2,1.0,1,1,1,1,1,0,0.3029,0.4413,18,3866.61,0.9636,1
3,0.75,1,1,0,1,0,0,0.204,0.6693,27,1225.65,0.5963,1
4,0.75,1,1,1,0,0,0,0.3495,0.6771,26,3858.81,0.4921,1
2,0.0,0,0,0,0,0,0,0.4117,0.5896,49,2794.52,0.1,0
1,0.5,1,0,1,0,0,0,0.384,0.5279,25,1534.61,0.3555,1
2,0.75,1,0,1,1,1,0,0.2435,0.786,10,201.55,0.6507,1
3,0.25,1,0,0,0,0,0,0.1711,0.534,48,2903.35,0.1647,0
2,0.75,1,1,1,0,0,0,0.2243,0.5066,34,400.14,0.5924,1
0,1.0,1,1,1,1,2,0,0.0841,0.4877,19,5915.81,0.9951,1
4,0.5,1,0,1,0,3,3,0.5679,0.6679,11,424.42,0.3426,0
2,0.75,1,1,1,0,0,0,0.1725,0.6885,27,2059.68,0.5987,1
2,1.0,1,1,1,1,0,0,0.2724,0.4732,1,2095.48,0.7575,1
0,0.75,1,1,0,1,0,0,0.0436,0.5835,0,2943.35,0.7251,1
2,0.5,1,1,0,0,0,0,0.267,0.8365,8,241.08,0.4771,1
1,1.0,1,1,1,1,0,0,0.0394,0.7243,21,897.81,0.7332,1
2,0.25,1,0,0,0,0,0,0.5415,0.9266,39,878.82,0.1696,0
0,0.75,1,0,1,1,1,3,0.1607,0.3893,26,3298.02,0.6521,0
2,0.75,1,1,0,1,1,3,0.3085,0.808,8,1171.11,0.5758,1
5,0.5,1,0,0,1,2,0,0.3132,0.6508,6,644.99,0.4426,0
0,1.0,1,1,1,1,0,0,0.0641,0.7543,35,164.83,0.6612,1
5,1.0,1,1,1,1,0,0,0.1481,0.5194,47,6525.97,0.6967,1
1,1.0,1,1,1,1,0,0,0.1404,0.3614,37,12558.4,0.8902,1
3,1.0,1,1,1,1,1,1,0.0206,0.7471,49,4352.17,0.7243,1
2,0.5,1,1,0,0,1,1,0.3155,0.5068,1,1962.84,0.4751,1
2,0.75,0,1,1,1,0,0,0.0315,0.5191,42,555.42,0.5029,1
2,0.75,1,1,0,1,0,0,0.3419,0.747,4,2355.95,0.5441,1
3,0.75,1,0,1,1,0,0,0.274,0.6106,16,2239.34,0.7496,1
1,0.75,1,1,1,0,0,0,0.4081,0.7594,36,2005.8,0.6012,1
0,0.75,1,0,1,1,0,0,0.0129,0.4875,34,1763.56,0.672,1
2,1.0,1,1,1,1,1,2,0.514,0.6739,7,2503.36,0.7139,1
3,1.0,1,1,1,1,0,0,0.0059,0.5054,42,365.99,0.8635,1
2,0.75,1,1,0,1,1,1,0.3098,0.5954,2,236.66,0.6781,1
2,0.75,1,1,1,0,0,0,0.0442,0.6791,2,331.34,0.5701,1
1,0.75,1,1,1,0,0,0,0.1877,0.5162,0,881.0,0.7051,1
3,0.5,1,1,0,0,0,0,0.0415,0.7523,23,1240.4,0.4306,0
0,0.25,1,0,0,0,0,0,0.15,0.3738,44,749.87,0.1965,0
1,1.0,1,1,1,1,0,0,0.2942,0.523,29,1115.84,0.8452,1
0,1.0,1,1,1,1,0,0,0.248,0.3912,41,819.58,0.8519,1
0,1.0,1,1,1,1,0,0,0.155,0.7857,25,671.88,0.7079,1
1,1.0,1,1,1,1,0,0,0.4279,0.684,37,1313.45,0.791,1
1,0.5,1,0,1,0,1,3,0.0409,0.5295,42,1873.41,0.3851,0
2,0.5,0,1,1,0,1,3,0.0313,0.8286,39,4872.67,0.3952,0
1,0.5,0,1,1,0,0,0,0.0403,0.8092,42,10996.86,0.4582,1
1,0.75,1,1,1,0,1,3,0.1666,0.6832,37,8895.07,0.6142,1
0,0.25,0,0,0,1,0,0,0.0279,0.7611,43,2361.48,0.2448,1
1,0.75,1,1,1,0,0,0,0.2178,0.7078,49,2265.38,0.5646,1
0,0.5,1,1,0,0,0,0,0.1373,0.7687,2,570.15,0.3977,0
0,0.5,1,0,1,0,2,0,0.1212,0.7079,12,12582.09,0.4627,0
2,1.0,1,1,1,1,0,0,0.0496,0.759,35,5096.33,0.8411,1
2,0.75,1,1,0,1,0,0,0.3804,0.917,40,6683.63,0.6311,1
2,0.75,1,1,0,1,3,3,0.1744,0.794,47,1033.75,0.5015,0
1,0.75,1,1,1,0,1,1,0.1771,0.6583,11,1894.23,0.5921,1
1,0.75,1,1,0,1,0,0,0.1181,0.7878,19,479.06,0.5586,1
3,0.75,1,1,1,0,1,3,0.2061,0.9759,38,9994.69,0.7498,1
1,1.0,1,1,1,1,1,0,0.4907,0.3042,43,1278.22,0.7579,1
1,0.75,1,0,1,1,1,2,0.0727,0.6356,7,3272.28,0.7197,1
0,0.5,1,0,0,1,0,0,0.0938,0.5491,46,677.97,0.4433,0
0,0.5,0,1,0,1,0,0,0.0493,0.8909,1,5782.32,0.3847,1
1,0.75,1,1,1,0,0,0,0.233,0.5078,10,821.76,0.6302,1
1,0.75,1,0,1,1,0,0,0.3334,0.6977,20,5901.24,0.7081,1
2,0.75,1,1,1,0,0,0,0.0727,0.8321,36,1898.19,0.7194,1
1,0.75,1,1,0,1,0,0,0.1604,0.3858,5,3117.61,0.5296,1
2,0.5,1,0,1,0,0,0,0.1376,0.8055,18,1200.09,0.3844,1
2,0.5,0,1,1,0,0,0,0.2858,0.8862,29,7602.85,0.3837,1
3,0.75,1,0,1,1,0,0,0.2845,0.6537,45,5092.99,0.4985,1
2,0.75,0,1,1,1,2,3,0.1221,0.5097,38,1630.83,0.6445,1
5,0.5,1,1,0,0,0,0,0.0406,0.4725,43,3181.24,0.4746,1
0,0.75,1,1,0,1,1,0,0.0502,0.8036,48,583.35,0.5877,1
0,0.75,1,0,1,1,0,0,0.0976,0.6401,35,712.21,0.6818,1
0,0.75,1,1,1,0,0,0,0.1982,0.2731,19,2770.07,0.6523,1
2,0.5,0,1,0,1,0,0,0.0666,0.7349,9,3681.61,0.3907,1
4,0.75,1,1,0,1,0,0,0.2397,0.7051,23,2953.06,0.5245,1
0,0.5,0,0,1,1,0,0,0.2248,0.586,32,2968.73,0.4491,1
4,0.5,1,1,0,0,0,0,0.6095,0.7937,28,4845.72,0.4745,0
0,0.5,1,1,0,0,0,0,0.4725,0.2796,29,8244.34,0.445,1
4,1.0,1,1,1,1,0,0,0.7389,0.8071,35,1816.28,0.6563,0
1,1.0,1,1,1,1,0,0,0.2552,0.8377,44,2794.59,0.7257,1
0,0.75,0,1,1,1,0,0,0.239,0.8657,5,7923.03,0.5057,1
1,0.5,1,1,0,0,0,0,0.0712,0.8635,46,2284.49,0.4248,0
0,0.75,1,0,1,1,1,0,0.4365,0.6859,13,2161.69,0.6861,1
0,1.0,1,1,1,1,0,0,0.1002,0.7206,2,5191.22,0.6887,1
0,0.5,1,0,1,0,0,0,0.0991,0.5806,23,7443.08,0.4717,1
3,1.0,1,1,1,1,0,0,0.4501,0.6095,18,4783.56,0.8444,1
1,0.5,1,0,0,1,0,0,0.3251,0.6911,37,469.25,0.4457,1
0,0.5,1,1,0,0,0,0,0.0829,0.7485,33,2287.71,0.495,1
2,0.5,1,0,0,1,1,3,0.0946,0.3053,8,933.77,0.3396,0
2,0.5,1,1,0,0,1,2,0.1202,0.6586,29,1436.19,0.4827,1
0,1.0,1,1,1,1,3,3,0.2048,0.8382,31,2313.86,0.6941,0
1,0.5,1,0,1,0,0,0,0.3038,0.877,12,976.48,0.3938,1
0,0.5,1,0,1,0,1,0,0.3876,0.7744,17,2639.37,0.474,1
0,0.75,1,0,1,1,1,1,0.1865,0.572,43,3707.77,0.7254,1
2,0.75,1,1,0,1,1,2,0.1652,0.7402,21,7375.2,0.6204,0
0,0.75,1,1,1,0,0,0,0.305,0.7459,3,931.51,0.6435,1
1,0.75,0,1,1,1,0,0,0.2018,0.7005,22,1401.59,0.6734,1
2,0.25,1,0,0,0,0,0,0.0633,0.7294,6,1921.89,0.2354,1
0,0.5,1,1,0,0,1,3,0.4604,0.7814,43,990.08,0.3463,0
2,0.75,1,1,1,0,0,0,0.1655,0.7324,10,1512.34,0.7001,1
0,1.0,1,1,1,1,0,0,0.0848,0.9666,38,7620.04,0.8184,1
5,0.5,1,1,0,0,0,0,0.145,0.8933,41,622.41,0.4039,1
1,0.25,1,0,0,0,0,0,0.3415,0.7252,40,2152.87,0.1996,0
3,0.25,0,0,1,0,0,0,0.0795,0.6497,33,1403.63,0.2071,1
2,0.25,1,0,0,0,0,0,0.4662,0.3693,4,381.07,0.2452,0
0,0.75,1,0,1,1,2,0,0.2673,0.7145,41,453.73,0.6314,1
2,0.75,1,0,1,1,0,0,0.3271,0.6512,24,5477.96,0.7377,1
5,0.5,1,0,1,0,0,0,0.293,0.8161,27,6794.78,0.3566,1
2,1.0,1,1,1,1,1,2,0.0746,0.5443,13,4833.76,0.9034,1
3,1.0,1,1,1,1,0,0,0.2566,0.7669,26,2811.99,0.9343,1
4,1.0,1,1,1,1,0,0,0.0541,0.8745,15,5284.57,0.8877,1
0,1.0,1,1,1,1,1,1,0.2996,0.7823,26,677.13,0.8624,1
0,1.0,1,1,1,1,0,0,0.1372,0.7587,1,5402.66,0.8477,1
2,0.25,1,0,0,0,1,1,0.1435,0.8187,18,2027.58,0.2378,0
1,1.0,1,1,1,1,1,2,0.0656,0.9324,22,4956.45,0.9376,1
3,0.5,0,0,1,1,1,0,0.1674,0.6778,40,1004.56,0.3464,1
4,1.0,1,1,1,1,1,3,0.2635,0.5062,13,6354.61,0.947,1
1,1.0,1,1,1,1,1,3,0.0542,0.4115,46,3038.6,0.7949,1
0,0.75,1,1,1,0,0,0,0.0789,0.4379,25,125.78,0.5541,0
2,0.25,0,0,0,1,1,2,0.2298,0.5629,7,2663.55,0.2386,0
0,0.75,1,0,1,1,0,0,0.0071,0.7947,26,1400.14,0.6009,1
3,0.75,1,1,1,0,0,0,0.0204,0.6281,46,307.27,0.6997,1
1,0.5,1,0,1,0,1,2,0.0893,0.6816,39,2175.35,0.3711,0
2,1.0,1,1,1,1,1,0,0.2276,0.6336,27,1406.19,0.6514,1
0,0.75,1,1,0,1,0,0,0.2735,0.9327,3,900.26,0.6176,1
2,1.0,1,1,1,1,0,0,0.2763,0.7572,37,1603.02,0.6851,1
1,0.75,1,1,0,1,0,0,0.2619,0.861,10,792.9,0.6855,0
2,0.5,1,1,0,0,0,0,0.2766,0.7486,43,1347.42,0.3733,0
0,0.5,1,0,1,0,0,0,0.1124,0.7393,23,528.91,0.4026,1
2,0.5,1,1,0,0,0,0,0.1928,0.7814,27,408.28,0.3402,0
3,0.75,1,1,1,0,1,1,0.2286,0.4832,40,8528.57,0.5627,1
0,0.5,1,1,0,0,0,0,0.3129,0.6833,17,8257.21,0.4618,0
0,0.25,1,0,0,0,0,0,0.0174,0.6646,48,6261.02,0.1758,0
0,1.0,1,1,1,1,0,0,0.1697,0.67,20,1016.26,0.8765,1
2,1.0,1,1,1,1,0,0,0.2834,0.5708,25,4629.8,0.9711,1
2,0.75,1,1,1,0,0,0,0.0883,0.4805,2,3218.14,0.666,1
1,0.75,1,1,1,0,1,0,0.0978,0.5313,12,284.07,0.7004,1
0,0.5,1,0,1,0,0,0,0.0718,0.3894,37,8144.58,0.3441,1
1,1.0,1,1,1,1,0,0,0.4891,0.596,27,21819.92,0.7378,0
2,0.5,1,1,0,0,0,0,0.0828,0.2241,13,4417.16,0.4815,1
1,0.5,1,1,0,0,0,0,0.1257,0.6192,0,1021.64,0.4501,1
5,1.0,1,1,1,1,0,0,0.1582,0.8103,27,2929.24,0.8738,1
0,0.75,1,0,1,1,0,0,0.0661,0.6859,35,505.43,0.6617,1
2,0.75,1,1,1,0,0,0,0.2177,0.7481,49,1342.26,0.5962,1
1,0.75,1,1,1,0,1,2,0.1638,0.6132,10,4521.25,0.4992,0
1,0.75,1,1,1,0,0,0,0.5722,0.7845,42,1353.74,0.6934,1
2,0.75,1,1,0,1,0,0,0.1035,0.8923,39,657.33,0.6657,1
2,0.75,1,1,0,1,0,0,0.0408,0.3661,3,126.25,0.6116,1
5,0.75,1,1,1,0,0,0,0.4829,0.6429,33,3074.42,0.7237,1
0,0.75,1,0,1,1,0,0,0.1851,0.7262,0,12221.19,0.5757,1
0,0.75,1,1,1,0,1,1,0.1482,0.5839,9,2416.67,0.5648,1
2,0.5,1,1,0,0,0,0,0.1572,0.4511,16,936.62,0.4777,1
2,0.75,1,1,1,0,0,0,0.3557,0.631,6,2277.98,0.6967,1
0,0.75,1,1,0,1,0,0,0.5456,0.7503,38,3325.3,0.6227,0
0,0.5,1,1,0,0,0,0,0.043,0.9353,12,5757.06,0.3479,0
0,0.75,1,1,1,0,0,0,0.5997,0.8339,21,2209.52,0.544,1
4,0.5,1,1,0,0,0,0,0.0531,0.7337,0,764.62,0.4398,1
0,0.5,1,0,1,0,0,0,0.4716,0.7072,27,828.94,0.3924,1
0,0.75,1,1,0,1,0,0,0.0699,0.7844,32,8149.47,0.7071,1
0,0.5,1,0,1,0,1,1,0.2064,0.6877,12,1043.26,0.4912,1
1,0.75,1,1,1,0,0,0,0.1019,0.3473,0,4657.06,0.699,1
0,0.5,1,0,0,1,1,0,0.1753,0.8267,37,1196.45,0.3911,1
1,1.0,1,1,1,1,1,1,0.3578,0.8518,24,4562.41,0.926,1
0,0.75,1,1,0,1,1,3,0.355,0.7273,41,385.62,0.5798,0
3,1.0,1,1,1,1,0,0,0.2406,0.7228,20,913.5,0.7085,1
0,0.5,1,1,0,0,0,0,0.0949,0.7908,32,1939.02,0.3308,1
1,0.75,1,1,0,1,1,2,0.2819,0.8763,36,2634.91,0.5888,1
4,0.5,1,0,0,1,0,0,0.0924,0.5323,33,1623.67,0.4831,1
2,0.5,1,1,0,0,0,0,0.2256,0.5908,2,3082.63,0.3668,1
1,1.0,1,1,1,1,0,0,0.3042,0.9401,29,1477.57,0.7223,1
0,0.5,1,0,1,0,1,3,0.0714,0.8086,2,4070.99,0.4947,0
0,0.75,1,1,0,1,0,0,0.0912,0.5335,17,2605.36,0.4941,1
2,0.75,0,1,1,1,1,0,0.0886,0.6133,22,4374.03,0.6938,1
5,0.75,1,1,0,1,0,0,0.1736,0.72,7,2073.43,0.5719,1
2,0.75,1,0,1,1,2,3,0.2513,0.5889,8,7420.3,0.4973,1
2,1.0,1,1,1,1,0,0,0.1207,0.4455,1,1785.19,0.9712,1
2,0.5,1,0,1,0,0,0,0.5132,0.6684,1,1389.27,0.3494,1
1,0.5,1,0,1,0,0,0,0.0668,0.6485,26,2950.32,0.4216,1
0,0.75,1,1,1,0,0,0,0.2651,0.6797,47,2590.82,0.5594,1
2,0.5,1,1,0,0,0,0,0.529,0.757,38,2655.05,0.3364,1
5,1.0,1,1,1,1,0,0,0.0175,0.8983,35,5665.96,0.6675,1
0,0.5,1,0,1,0,1,1,0.0778,0.8542,4,3208.64,0.3452,1
2,0.75,1,1,1,0,0,0,0.0312,0.8146,0,7677.97,0.5062,1
0,0.75,0,1,1,1,0,0,0.1294,0.7345,21,3478.24,0.6871,1
1,1.0,1,1,1,1,0,0,0.0464,0.8354,9,176.79,0.8199,1
0,0.75,1,1,1,0,1,3,0.0803,0.3961,44,7251.38,0.5775,1
1,0.5,1,0,1,0,0,0,0.4589,0.8303,23,6509.32,0.3982,1
2,0.75,1,1,1,0,0,0,0.2807,0.9031,14,275.29,0.7313,1
0,1.0,1,1,1,1,0,0,0.3178,0.749,32,568.5,0.9688,1
2,0.25,1,0,0,0,0,0,0.1309,0.8674,49,2944.57,0.2251,0
2,0.75,1,0,1,1,1,1,0.3512,0.8713,22,253.29,0.7197,1
4,0.25,0,0,1,0,0,0,0.0531,0.5124,13,1953.65,0.1905,1
0,0.25,1,0,0,0,0,0,0.1372,0.4407,17,13061.94,0.1958,0
1,0.75,1,1,0,1,1,3,0.1064,0.7526,24,763.88,0.6486,1
0,0.5,0,1,1,0,0,0,0.3747,0.5368,21,907.77,0.4341,1
5,0.25,1,0,0,0,0,0,0.1649,0.8756,43,4048.31,0.2046,0
4,0.25,1,0,0,0,1,1,0.1668,0.6418,43,257.41,0.1976,0
1,1.0,1,1,1,1,1,2,0.1476,0.7813,36,6115.16,0.9952,1
3,0.75,1,1,0,1,0,0,0.3603,0.8785,6,876.77,0.703,1
1,0.75,1,1,1,0,0,0,0.1384,0.6718,25,2754.17,0.6017,1
2,0.5,1,1,0,0,2,3,0.048,0.5278,23,1101.12,0.4523,0
0,0.5,1,1,0,0,0,0,0.5796,0.778,12,3864.34,0.3722,0
2,0.75,1,0,1,1,1,1,0.2583,0.4257,40,3196.91,0.5138,1
0,0.75,1,0,1,1,1,2,0.0252,0.6683,5,10344.32,0.58,1
3,0.75,1,1,0,1,0,0,0.1852,0.7417,20,2164.55,0.5933,1
2,0.75,1,1,0,1,0,0,0.0308,0.7245,6,7374.66,0.4918,1
2,0.75,1,1,1,0,0,0,0.1169,0.7753,17,3101.61,0.7014,1
0,0.5,1,1,0,0,0,0,0.4356,0.6273,14,8705.81,0.3879,0
0,0.5,1,1,0,0,0,0,0.2724,0.7681,7,1307.71,0.4266,0
0,0.25,1,0,0,0,0,0,0.1078,0.7653,15,2892.92,0.169,0
1,0.75,1,1,1,0,1,2,0.5478,0.853,48,1830.21,0.5334,0
0,0.5,0,0,1,1,0,0,0.0311,0.6818,2,338.59,0.4807,1
4,0.75,1,0,1,1,0,0,0.1558,0.6676,44,3088.79,0.6473,1
2,1.0,1,1,1,1,0,0,0.2285,0.8663,8,5633.46,0.9826,1
0,0.75,1,1,1,0,0,0,0.3871,0.6741,46,2943.36,0.7497,1
1,1.0,1,1,1,1,0,0,0.2227,0.7012,25,1246.57,0.7802,1
1,1.0,1,1,1,1,0,0,0.1489,0.5516,25,1172.03,0.7546,1
2,0.5,1,0,0,1,0,0,0.0322,0.9058,29,1050.59,0.4752,1
1,0.5,1,0,1,0,0,0,0.2719,0.7451,26,13728.2,0.4998,1
4,0.5,0,1,1,0,1,1,0.0856,0.8238,15,1883.34,0.4352,1
1,0.5,0,1,1,0,4,3,0.5031,0.9077,47,1433.74,0.4641,0
5,0.5,1,1,0,0,0,0,0.1463,0.6524,3,1997.31,0.4618,1
3,0.75,1,1,0,1,0,0,0.0233,0.8771,18,530.74,0.5808,1
0,0.75,1,1,1,0,2,2,0.1258,0.8913,33,863.63,0.6382,1
4,0.75,1,1,1,0,0,0,0.0807,0.6246,5,2588.89,0.7062,1
0,0.5,0,0,1,1,1,0,0.1463,0.8311,44,5712.92,0.4454,0
3,0.75,1,1,0,1,0,0,0.1133,0.906,14,7418.22,0.4931,1
1,1.0,1,1,1,1,1,1,0.2074,0.6873,9,7134.31,0.7678,1
3,0.5,0,0,1,1,1,3,0.0853,0.7929,41,10235.66,0.3503,0
3,0.75,1,1,1,0,1,3,0.115,0.6082,35,570.45,0.5487,0
3,0.5,0,1,1,0,1,2,0.429,0.9089,45,246.42,0.4835,1
2,0.75,1,1,1,0,1,2,0.3679,0.7255,39,491.12,0.4972,1
0,0.75,1,0,1,1,1,0,0.3122,0.6555,5,3313.52,0.5452,1
0,1.0,1,1,1,1,0,0,0.1428,0.6736,43,2942.7,0.7583,1
1,0.5,1,0,1,0,0,0,0.2457,0.5864,39,3993.18,0.433,1
0,0.75,1,1,0,1,1,0,0.0735,0.7959,5,1723.19,0.6277,1
2,0.25,1,0,0,0,1,1,0.0902,0.6559,14,1839.17,0.1816,0
0,0.75,1,0,1,1,0,0,0.1228,0.4571,28,2860.53,0.5306,1
5,0.75,1,1,1,0,1,2,0.4652,0.6843,24,388.25,0.5497,1
2,0.75,1,1,1,0,1,1,0.0706,0.6237,18,5730.8,0.6194,1
3,0.75,1,0,1,1,0,0,0.2608,0.7605,13,9067.26,0.5587,1
0,0.5,1,0,0,1,0,0,0.3923,0.9285,2,1814.84,0.4908,0
3,1.0,1,1,1,1,0,0,0.5847,0.7455,49,4809.01,0.8124,1
4,0.75,1,1,1,0,0,0,0.5373,0.5294,41,2885.73,0.5029,1
1,0.5,1,1,0,0,0,0,0.3503,0.51,45,1042.2,0.4526,1
2,0.0,0,0,0,0,0,0,0.1889,0.8696,13,345.72,0.1,1
2,0.75,0,1,1,1,0,0,0.1912,0.7277,38,1087.8,0.659,1
0,0.5,1,0,0,1,0,0,0.0538,0.3261,38,3350.21,0.3739,0
1,0.5,1,0,1,0,1,2,0.2317,0.9179,20,243.71,0.4249,1
1,0.5,1,1,0,0,1,0,0.1964,0.5676,10,6431.68,0.4601,0
0,1.0,1,1,1,1,0,0,0.1256,0.6868,49,12408.86,0.9748,1
1,0.75,1,1,1,0,0,0,0.1714,0.7803,9,405.18,0.556,1
0,0.75,0,1,1,1,0,0,0.0832,0.7501,14,1091.51,0.5754,1
0,0.75,1,1,1,0,0,0,0.032,0.4239,29,4040.59,0.6094,1
0,1.0,1,1,1,1,0,0,0.3406,0.6254,43,5841.09,0.9745,1
5,0.75,1,1,0,1,1,0,0.1606,0.6029,16,1586.24,0.7241,1
1,0.5,1,0,0,1,0,0,0.4773,0.8035,28,2634.34,0.3407,1
5,0.75,1,0,1,1,1,3,0.2294,0.9288,16,7881.9,0.5221,1
1,0.75,1,1,1,0,0,0,0.0818,0.6289,32,1798.04,0.6176,1
0,1.0,1,1,1,1,0,0,0.3226,0.8471,37,397.69,0.6873,1
1,0.5,1,0,0,1,1,2,0.4643,0.6798,20,18570.77,0.3855,1
1,0.5,1,1,0,0,1,3,0.569,0.5464,46,795.77,0.351,0
0,0.25,1,0,0,0,0,0,0.1961,0.9615,13,275.04,0.2182,0
2,0.75,1,1,1,0,1,0,0.3442,0.974,9,1950.59,0.7367,1
0,0.75,1,0,1,1,0,0,0.1853,0.3795,41,553.24,0.7491,1
2,0.75,1,1,1,0,0,0,0.0823,0.4467,22,13577.16,0.586,1
2,1.0,1,1,1,1,0,0,0.306,0.7917,38,1777.61,0.8597,1
0,0.0,0,0,0,0,0,0,0.2275,0.7638,38,6216.65,0.1,0
0,0.75,1,1,0,1,0,0,0.5538,0.5655,13,780.12,0.5183,1
2,0.5,1,1,0,0,0,0,0.6212,0.5161,46,623.06,0.4457,0
1,0.75,1,1,1,0,0,0,0.0167,0.6767,21,3767.32,0.5948,1
0,0.75,1,1,0,1,0,0,0.2724,0.6823,40,8501.08,0.5416,1
5,1.0,1,1,1,1,0,0,0.0797,0.7279,27,525.75,0.791,1
0,0.25,1,0,0,0,0,0,0.1171,0.6243,46,3214.23,0.1691,0
2,0.5,0,1,1,0,0,0,0.0896,0.6594,8,410.68,0.4467,1
5,0.5,1,0,1,0,0,0,0.0589,0.6646,22,5952.63,0.3692,1
0,0.75,1,0,1,1,0,0,0.1305,0.472,6,8500.92,0.5692,1
0,0.75,1,0,1,1,1,0,0.1525,0.8533,23,3568.5,0.5193,1
0,1.0,1,1,1,1,0,0,0.557,0.6421,42,4180.48,0.9526,1
0,0.75,1,1,0,1,0,0,0.4633,0.7673,36,299.61,0.617,1
0,0.75,1,0,1,1,1,1,0.3588,0.8411,8,365.22,0.6377,1
2,0.5,1,0,1,0,0,0,0.192,0.3421,37,793.17,0.4247,1
0,0.75,1,1,0,1,0,0,0.1343,0.6009,6,1219.89,0.5953,1
1,0.25,0,0,0,1,0,0,0.5244,0.6967,22,5092.81,0.1793,0
5,0.25,0,0,1,0,0,0,0.2428,0.7561,24,2100.91,0.2277,1
3,0.5,1,0,1,0,2,3,0.2209,0.8791,45,385.18,0.3472,0
2,0.75,1,1,1,0,0,0,0.2549,0.7848,21,6802.19,0.5148,0
0,0.75,1,1,1,0,0,0,0.4369,0.9096,42,17906.33,0.6739,1
2,0.75,1,1,0,1,0,0,0.2182,0.7793,6,2224.56,0.5423,1
1,0.75,1,1,0,1,0,0,0.0341,0.4129,5,2609.35,0.568,1
1,1.0,1,1,1,1,0,0,0.014,0.5713,35,386.17,0.8163,1
0,0.75,1,1,0,1,0,0,0.0788,0.8087,45,1790.2,0.6055,0
4,1.0,1,1,1,1,0,0,0.2281,0.5437,21,1727.16,0.898,1
1,1.0,1,1,1,1,0,0,0.0989,0.7027,34,11913.49,0.8682,1
0,0.25,1,0,0,0,1,3,0.3092,0.5673,48,3880.28,0.2189,0
1,0.5,1,0,1,0,1,3,0.3689,0.3975,46,5434.35,0.45,0
1,0.75,1,1,0,1,0,0,0.2547,0.7747,32,580.71,0.5643,1
3,0.75,1,1,1,0,0,0,0.0642,0.7748,20,1988.05,0.5721,1
2,0.5,1,1,0,0,0,0,0.0802,0.8433,10,844.24,0.4016,1
2,1.0,1,1,1,1,0,0,0.536,0.8766,12,6986.12,0.7576,1
0,0.5,0,1,0,1,2,3,0.5342,0.5616,2,678.6,0.4974,0
1,0.25,0,0,1,0,0,0,0.5465,0.3818,12,2122.32,0.2337,0
1,1.0,1,1,1,1,0,0,0.3855,0.7058,49,293.0,0.7076,1
0,0.75,1,1,0,1,0,0,0.542,0.6579,40,3620.74,0.489,0
0,0.75,1,1,1,0,0,0,0.0475,0.8882,33,2401.72,0.4987,1
2,0.5,1,1,0,0,0,0,0.107,0.6499,27,2511.81,0.3677,1
0,1.0,1,1,1,1,0,0,0.3262,0.5666,39,475.06,0.69,1
1,0.25,1,0,0,0,0,0,0.0495,0.7821,33,2625.28,0.2092,1
0,0.75,1,1,1,0,0,0,0.2101,0.4575,31,3003.66,0.7127,0
0,0.5,1,0,0,1,0,0,0.083,0.5712,22,11623.84,0.4539,0
0,1.0,1,1,1,1,0,0,0.5041,0.5612,23,218.25,0.7255,1
5,0.5,1,1,0,0,1,1,0.2168,0.4695,0,9060.83,0.3949,0
3,0.75,1,1,1,0,2,3,0.1107,0.7226,23,2385.81,0.6208,1
5,0.5,1,1,0,0,1,3,0.5208,0.6031,2,925.54,0.4668,0
1,1.0,1,1,1,1,1,0,0.0987,0.4681,16,3933.4,0.9437,1
0,0.75,1,1,1,0,0,0,0.2227,0.6114,6,2647.46,0.7263,1
1,0.75,1,1,0,1,3,3,0.4169,0.6737,9,1000.06,0.6212,0
1,0.75,0,1,1,1,1,3,0.064,0.5392,18,3549.99,0.6697,0
3,0.5,1,1,0,0,1,3,0.1641,0.5866,23,2343.68,0.3446,1
0,1.0,1,1,1,1,2,0,0.0565,0.558,8,4188.03,0.8479,1
1,0.75,1,0,1,1,0,0,0.256,0.884,49,4188.73,0.5528,1
0,1.0,1,1,1,1,0,0,0.402,0.6476,14,2340.72,0.8011,1
0,0.75,1,1,1,0,0,0,0.1632,0.709,48,1834.61,0.6539,1
2,0.5,1,0,0,1,1,2,0.2278,0.6581,21,328.66,0.37,1
1,0.5,1,0,0,1,0,0,0.3872,0.7824,16,2483.2,0.3341,0
1,0.5,1,0,0,1,0,0,0.1076,0.6713,18,1074.9,0.3268,1
1,0.5,0,1,1,0,1,1,0.0992,0.7762,8,291.51,0.3289,0
1,1.0,1,1,1,1,1,0,0.2278,0.3597,37,1503.66,0.6529,1
2,0.75,1,1,1,0,0,0,0.2293,0.824,18,420.37,0.5165,1
4,0.25,1,0,0,0,0,0,0.1161,0.7915,7,3134.1,0.1835,1
5,0.5,1,1,0,0,0,0,0.3073,0.6635,5,2551.79,0.3637,1
2,0.5,1,0,0,1,1,1,0.0433,0.4255,48,5602.99,0.4977,1
0,0.75,1,1,0,1,0,0,0.3907,0.4922,37,1190.16,0.5678,0
2,0.75,1,1,0,1,0,0,0.2318,0.8821,44,1725.63,0.5209,1
1,0.75,1,0,1,1,0,0,0.1063,0.3586,20,4187.31,0.6307,1
0,0.75,1,1,1,0,1,3,0.1334,0.8685,28,17438.83,0.7127,1
3,0.75,1,0,1,1,1,0,0.2749,0.7752,33,8308.12,0.6655,1
0,0.75,1,1,1,0,0,0,0.0933,0.4972,11,2674.91,0.5652,1
4,0.5,1,1,0,0,0,0,0.1093,0.9474,38,4065.64,0.4233,1
1,0.75,0,1,1,1,0,0,0.2224,0.6237,31,2756.92,0.6751,1
2,0.5,1,0,0,1,1,2,0.167,0.9059,5,2097.05,0.4524,0
2,0.75,1,0,1,1,0,0,0.7822,0.6667,16,3327.18,0.6625,1
4,0.75,0,1,1,1,0,0,0.6937,0.4666,31,1810.01,0.7161,1
2,0.25,1,0,0,0,0,0,0.2402,0.5725,7,1250.68,0.2386,0
2,0.75,1,1,1,0,1,2,0.2242,0.5122,37,4380.73,0.6395,1
0,0.5,0,1,0,1,0,0,0.0334,0.7786,28,7294.31,0.4002,0
1,0.5,1,0,1,0,1,2,0.19,0.5925,30,1288.99,0.4373,1
0,0.5,1,0,1,0,0,0,0.3306,0.5237,18,4395.24,0.4682,1
2,0.5,0,1,0,1,0,0,0.049,0.3792,8,2092.18,0.326,0
1,0.75,1,1,1,0,0,0,0.1284,0.9398,27,1358.8,0.7479,1
2,0.75,1,1,1,0,1,3,0.0746,0.843,47,3496.79,0.5355,1
0,0.75,0,1,1,1,1,3,0.512,0.5506,49,9912.95,0.6109,0
0,0.75,1,1,0,1,1,1,0.3051,0.6356,38,1616.86,0.7164,0
2,0.75,1,0,1,1,0,0,0.1642,0.5455,39,5087.32,0.5466,1
0,0.5,0,1,0,1,0,0,0.1296,0.6945,30,1422.64,0.4084,1
0,0.5,1,1,0,0,0,0,0.2109,0.2786,18,5801.39,0.3482,0
0,0.5,1,0,0,1,1,1,0.0221,0.7149,32,5094.68,0.3941,0
5,0.5,1,0,0,1,0,0,0.0052,0.7451,25,5178.03,0.356,1
2,0.25,1,0,0,0,0,0,0.0524,0.7193,44,21374.26,0.1943,1
1,0.5,1,0,1,0,0,0,0.1967,0.6908,0,629.99,0.3904,1
0,0.75,1,1,0,1,2,3,0.2092,0.6405,10,1823.38,0.7482,0
0,0.75,1,1,0,1,2,3,0.0545,0.4444,1,3587.57,0.7486,0
2,0.5,1,0,0,1,1,3,0.1212,0.6508,34,3224.65,0.3451,1
2,1.0,1,1,1,1,0,0,0.1541,0.8529,12,5409.53,0.9041,1
0,1.0,1,1,1,1,0,0,0.3092,0.8345,38,268.16,0.6681,1
0,0.5,0,1,0,1,0,0,0.1395,0.3529,33,4373.34,0.3303,0
0,0.5,0,1,0,1,0,0,0.3905,0.7905,33,4784.25,0.3434,0
2,0.25,1,0,0,0,0,0,0.2395,0.5465,34,320.67,0.247,1
2,0.75,1,1,0,1,1,1,0.1073,0.5684,31,2807.84,0.7345,1
0,0.5,1,1,0,0,0,0,0.1267,0.6774,44,1083.6,0.3589,0
0,0.75,1,0,1,1,1,0,0.1533,0.6516,11,5761.63,0.5299,1
0,0.5,1,0,0,1,0,0,0.0317,0.5804,32,278.1,0.3671,1
5,0.75,1,0,1,1,2,2,0.4227,0.3733,17,653.06,0.6228,1
0,0.5,1,0,0,1,0,0,0.0917,0.8573,4,486.13,0.4247,1
2,1.0,1,1,1,1,1,3,0.1181,0.5452,18,336.05,0.7276,1
2,0.75,1,1,1,0,0,0,0.5186,0.7921,30,3307.66,0.6861,1
1,0.75,1,1,1,0,0,0,0.4493,0.7338,26,7201.87,0.5688,1
0,0.75,1,1,0,1,0,0,0.0993,0.8125,41,2603.68,0.7296,1
0,1.0,1,1,1,1,1,2,0.1858,0.5827,37,927.61,0.8799,1
2,1.0,1,1,1,1,2,2,0.508,0.7099,49,1574.49,0.8027,1
2,0.75,1,1,1,0,0,0,0.1739,0.3419,14,1664.01,0.6949,1
2,0.75,1,0,1,1,1,2,0.2124,0.712,45,2202.85,0.7022,1
1,0.75,0,1,1,1,0,0,0.098,0.4248,47,2009.8,0.5638,1
0,1.0,1,1,1,1,1,1,0.6072,0.758,3,3992.55,0.7689,1
5,0.5,1,0,0,1,0,0,0.2978,0.6038,18,1553.84,0.4888,1
2,1.0,1,1,1,1,2,3,0.3555,0.7114,20,3906.49,0.7077,1
0,0.75,1,1,0,1,1,1,0.4065,0.8076,39,2869.77,0.4986,0
5,0.5,1,1,0,0,0,0,0.3715,0.6983,0,274.04,0.4045,1
2,1.0,1,1,1,1,2,3,0.2074,0.7464,19,8925.73,0.9304,1
2,0.5,1,1,0,0,0,0,0.3161,0.6685,21,785.87,0.46,1
2,1.0,1,1,1,1,0,0,0.3395,0.644,12,2202.17,0.9718,1
3,0.5,1,1,0,0,0,0,0.5811,0.639,40,10420.78,0.4183,1
2,0.75,1,1,1,0,0,0,0.2333,0.8512,0,1094.46,0.5138,1
0,1.0,1,1,1,1,0,0,0.41,0.419,14,178.45,0.856,1
0,0.5,0,1,1,0,0,0,0.1563,0.8048,14,2457.05,0.4612,1
4,1.0,1,1,1,1,0,0,0.1171,0.3927,13,987.3,0.6827,1
0,1.0,1,1,1,1,0,0,0.6309,0.727,4,3153.19,0.7104,1
1,1.0,1,1,1,1,1,0,0.2837,0.6157,48,6046.01,0.6543,1
1,0.5,0,0,1,1,0,0,0.0587,0.351,5,2605.45,0.4289,1
1,0.25,1,0,0,0,1,3,0.054,0.3953,40,3725.02,0.2401,0
2,0.75,1,0,1,1,0,0,0.3678,0.5552,30,3939.75,0.6635,1
4,0.75,1,1,1,0,0,0,0.2885,0.6813,25,6112.2,0.7453,1
0,0.5,1,0,1,0,1,0,0.2405,0.5804,24,4175.81,0.336,1
0,0.75,1,0,1,1,1,3,0.2789,0.6463,48,13179.15,0.7245,1
0,0.75,1,1,1,0,0,0,0.1894,0.4649,38,2232.18,0.7012,1
4,0.75,1,1,0,1,0,0,0.0515,0.769,39,280.48,0.57,1
2,0.5,0,1,0,1,1,1,0.4342,0.8109,14,1853.22,0.4954,0
0,0.5,1,0,0,1,0,0,0.2705,0.8634,5,6511.37,0.3754,0
3,0.75,0,1,1,1,0,0,0.1902,0.693,0,599.78,0.7209,1
3,0.75,1,1,1,0,0,0,0.0132,0.7275,40,4760.52,0.7187,1
3,0.75,1,1,0,1,0,0,0.1354,0.7707,6,2784.99,0.6864,1
4,1.0,1,1,1,1,1,1,0.1726,0.9056,3,8182.44,0.8472,1
0,0.75,0,1,1,1,1,2,0.062,0.3909,0,4698.12,0.519,1
2,0.5,1,0,1,0,2,3,0.0596,0.6025,40,3881.23,0.4181,0
1,0.5,1,0,0,1,0,0,0.2866,0.7541,1,7727.51,0.3874,1
3,0.25,1,0,0,0,0,0,0.0855,0.9804,47,8459.26,0.2318,1
2,0.5,1,1,0,0,0,0,0.1845,0.579,33,1800.99,0.4577,1
2,0.75,1,1,0,1,0,0,0.0974,0.3441,34,9301.4,0.7265,1
2,0.75,1,1,0,1,0,0,0.0215,0.6126,45,296.88,0.4914,1
0,0.5,1,0,0,1,1,1,0.1913,0.3496,12,5132.54,0.4666,0
1,1.0,1,1,1,1,2,0,0.0358,0.7358,16,1535.96,0.9785,1
5,0.5,0,1,0,1,0,0,0.0716,0.8557,9,2438.89,0.4631,1
4,0.75,1,1,1,0,0,0,0.0309,0.8043,2,6422.28,0.5217,1
0,0.5,1,1,0,0,0,0,0.0821,0.9043,3,3647.11,0.3392,1
0,0.25,1,0,0,0,0,0,0.0041,0.5029,24,2240.43,0.1643,0
0,0.75,1,1,0,1,0,0,0.2253,0.9455,36,726.66,0.6525,1
2,0.25,0,1,0,0,1,3,0.0456,0.7994,42,9904.31,0.2176,0
3,0.5,1,0,1,0,0,0,0.2059,0.6325,37,1514.64,0.4977,1
0,0.5,1,0,0,1,1,3,0.2916,0.924,28,473.28,0.3947,0
1,0.75,1,1,1,0,0,0,0.0771,0.6951,0,3006.57,0.5746,1
3,0.75,1,1,1,0,1,2,0.0627,0.7505,29,1924.71,0.6514,1
2,0.75,0,1,1,1,0,0,0.1871,0.6491,38,3224.96,0.7042,1
1,0.5,1,0,1,0,0,0,0.1159,0.3955,9,1030.86,0.4889,1
2,0.75,1,1,1,0,1,2,0.0563,0.811,28,1765.96,0.6983,0
1,0.75,1,1,1,0,0,0,0.2162,0.6598,43,12678.56,0.5995,1
0,1.0,1,1,1,1,0,0,0.1402,0.8275,31,9750.5,0.8722,1
2,0.75,1,1,0,1,0,0,0.2406,0.7442,43,7092.69,0.7123,1
2,0.25,1,0,0,0,0,0,0.2003,0.896,0,5385.49,0.2054,1
3,1.0,1,1,1,1,0,0,0.3227,0.7576,40,695.93,0.7258,1
2,0.75,1,1,1,0,0,0,0.2594,0.4903,16,2301.86,0.5321,1
2,1.0,1,1,1,1,0,0,0.2154,0.4048,11,4655.59,0.6501,1
0,0.5,1,1,0,0,0,0,0.2677,0.7573,1,1162.24,0.4507,1
1,1.0,1,1,1,1,0,0,0.3745,0.5016,8,217.72,0.6889,1
0,0.75,1,1,0,1,0,0,0.048,0.4335,11,1995.09,0.5515,0
0,1.0,1,1,1,1,0,0,0.1385,0.5701,24,2037.71,0.7543,1
2,0.5,1,1,0,0,0,0,0.1903,0.7297,35,335.61,0.4231,1
5,0.75,1,1,1,0,1,0,0.2803,0.8463,43,1452.99,0.592,1
0,0.75,1,1,0,1,0,0,0.2406,0.8354,49,8823.88,0.6646,1
1,0.75,1,1,1,0,0,0,0.5937,0.8021,34,1108.27,0.5021,1
3,1.0,1,1,1,1,0,0,0.1678,0.5888,21,3047.06,0.6934,1
0,0.75,1,0,1,1,0,0,0.104,0.6816,32,2442.2,0.6185,1
2,1.0,1,1,1,1,0,0,0.1454,0.6612,49,7034.95,0.7679,1
2,0.5,1,0,1,0,0,0,0.137,0.5592,20,3810.06,0.3768,1
2,1.0,1,1,1,1,1,2,0.1207,0.5504,39,703.7,0.6735,1
0,1.0,1,1,1,1,0,0,0.3674,0.7742,21,639.57,0.9635,1
1,0.75,1,1,0,1,1,0,0.2835,0.5983,27,2953.5,0.6691,1
2,0.75,1,1,1,0,0,0,0.0524,0.8147,3,266.53,0.5194,1
2,0.75,1,1,1,0,2,3,0.4046,0.8309,25,1850.36,0.5046,0
0,0.5,1,1,0,0,0,0,0.191,0.9133,22,1882.13,0.4956,1
2,0.25,1,0,0,0,0,0,0.3031,0.5726,47,865.0,0.2221,1
0,1.0,1,1,1,1,1,0,0.1913,0.5867,48,1353.43,0.7961,1
2,0.5,1,0,0,1,1,1,0.1202,0.6049,22,1501.4,0.4478,1
0,0.75,1,1,1,0,0,0,0.0645,0.7395,40,141.4,0.686,1
5,0.75,1,1,0,1,1,0,0.279,0.4623,7,5837.68,0.6922,1
1,0.75,1,1,1,0,0,0,0.2402,0.8891,31,11149.46,0.6129,1
0,0.5,1,0,1,0,0,0,0.4953,0.5259,38,1295.1,0.4002,1
0,0.5,1,0,1,0,0,0,0.0774,0.4547,43,515.69,0.3269,1
0,0.5,0,1,1,0,0,0,0.2408,0.3667,0,10842.99,0.4871,1
3,1.0,1,1,1,1,0,0,0.3646,0.8429,29,4822.18,0.8612,1
5,0.5,0,1,1,0,0,0,0.1713,0.4937,27,7862.0,0.3606,1
1,0.75,1,1,0,1,1,0,0.0904,0.5444,16,1666.8,0.7289,1
1,0.75,1,1,0,1,1,3,0.0503,0.8207,22,2416.19,0.7277,0
2,0.5,1,0,0,1,0,0,0.0936,0.6125,37,9419.42,0.4981,1
4,0.75,1,1,1,0,0,0,0.2032,0.6557,23,2253.75,0.7169,1
2,0.5,1,1,0,0,2,3,0.3868,0.7445,21,4002.61,0.4996,0
1,0.25,1,0,0,0,0,0,0.0331,0.9164,4,4370.34,0.1839,1
1,0.75,1,1,1,0,0,0,0.2642,0.6414,24,6451.46,0.7086,1
2,0.5,1,0,1,0,3,3,0.273,0.6278,6,13036.23,0.469,0
0,1.0,1,1,1,1,1,0,0.1213,0.4078,21,1527.36,0.7308,1
2,0.5,1,0,0,1,0,0,0.3058,0.6811,43,1095.01,0.3422,1
1,0.75,1,1,0,1,0,0,0.1506,0.3321,36,383.12,0.7446,1
2,0.75,1,0,1,1,0,0,0.0464,0.7653,33,6895.89,0.5652,1
0,0.25,0,1,0,0,1,1,0.2211,0.5644,35,1311.95,0.2387,0
2,0.75,1,1,1,0,1,2,0.1281,0.6313,48,278.1,0.4886,0
1,1.0,1,1,1,1,0,0,0.2269,0.7145,39,7115.7,0.6574,1
2,1.0,1,1,1,1,1,2,0.1298,0.8484,19,2596.08,0.8131,1
0,0.75,1,1,0,1,1,0,0.2981,0.8451,36,6477.33,0.5502,0
2,0.75,1,0,1,1,0,0,0.4866,0.2953,16,2929.81,0.6686,1
2,0.75,1,1,1,0,0,0,0.2208,0.3939,3,1417.69,0.636,1
2,0.5,1,0,1,0,1,0,0.3283,0.8067,49,586.54,0.3386,0
2,0.5,1,1,0,0,0,0,0.0472,0.5828,17,2111.67,0.3535,1
2,0.5,1,1,0,0,1,0,0.3298,0.6997,27,194.18,0.3929,0
3,0.5,1,1,0,0,1,0,0.4148,0.5552,49,3328.6,0.3575,1
0,1.0,1,1,1,1,0,0,0.499,0.7391,15,2053.11,0.9273,1
3,0.75,1,0,1,1,1,2,0.1121,0.7733,42,634.09,0.5967,1
1,0.5,1,0,0,1,0,0,0.1318,0.9784,7,2744.33,0.3414,1
0,0.75,1,0,1,1,0,0,0.212,0.4903,43,5749.01,0.6146,1
0,0.75,1,1,0,1,0,0,0.4448,0.4557,17,12983.23,0.5113,1
0,0.5,1,0,1,0,0,0,0.0159,0.6804,49,2722.96,0.3476,1
2,0.25,0,0,1,0,0,0,0.0634,0.7004,28,585.61,0.1835,0
2,0.75,1,1,0,1,1,1,0.1237,0.6779,39,5925.59,0.7131,1
2,0.5,0,1,1,0,0,0,0.211,0.4074,15,4265.11,0.4868,0
1,0.25,0,1,0,0,0,0,0.2114,0.8004,29,10874.71,0.2348,1
1,0.75,1,1,1,0,0,0,0.1397,0.7439,48,2781.62,0.5752,0
0,0.5,1,0,1,0,0,0,0.0503,0.919,33,1646.2,0.3727,1
0,1.0,1,1,1,1,0,0,0.299,0.5303,29,11623.84,0.8422,1
1,0.5,1,1,0,0,0,0,0.2097,0.5973,20,2806.04,0.4513,1
0,0.5,0,0,1,1,0,0,0.2208,0.6883,21,156.12,0.4988,1
0,0.5,1,0,0,1,0,0,0.4762,0.5599,46,2346.39,0.348,0
2,0.75,1,1,1,0,0,0,0.1918,0.8016,24,108.33,0.5004,1
2,0.5,1,1,0,0,1,1,0.2133,0.7048,21,4784.04,0.4465,1
5,0.5,1,0,1,0,0,0,0.2531,0.3839,27,3021.05,0.4706,1
4,0.75,1,1,1,0,1,2,0.2924,0.6586,38,507.09,0.7097,1
2,1.0,1,1,1,1,1,3,0.1178,0.5381,32,5968.47,0.8875,1
1,1.0,1,1,1,1,1,0,0.6125,0.6547,1,2790.85,0.9839,1
2,0.5,0,1,0,1,0,0,0.0672,0.2415,3,523.87,0.4144,1
2,0.25,0,1,0,0,0,0,0.413,0.6339,15,710.28,0.2425,0
0,1.0,1,1,1,1,0,0,0.3294,0.5364,11,6142.94,0.9887,1
1,0.75,1,1,0,1,0,0,0.1713,0.6526,16,1637.41,0.7099,1
3,0.5,0,1,0,1,0,0,0.1902,0.7406,35,6123.17,0.3792,1
1,1.0,1,1,1,1,1,3,0.0443,0.642,15,352.13,0.7187,1
2,0.75,0,1,1,1,0,0,0.3941,0.667,38,1078.35,0.6314,1
2,0.75,1,1,0,1,0,0,0.2315,0.7222,22,5162.38,0.6064,1
0,0.75,1,1,0,1,2,0,0.3428,0.6688,7,3692.37,0.7179,0
1,0.0,0,0,0,0,0,0,0.5219,0.6014,8,1382.65,0.1,0
0,1.0,1,1,1,1,0,0,0.0468,0.7571,13,9722.5,0.7402,1
0,0.75,1,1,1,0,0,0,0.1554,0.6848,8,929.76,0.6848,1
0,0.75,1,1,1,0,0,0,0.3842,0.6874,46,6734.78,0.5124,1
3,0.75,1,0,1,1,0,0,0.1703,0.7734,25,4264.6,0.5717,1
0,0.75,1,1,0,1,0,0,0.2235,0.3872,35,551.86,0.5891,1
1,0.75,1,1,1,0,0,0,0.279,0.7512,2,2934.79,0.6509,1
0,0.5,1,0,1,0,0,0,0.074,0.6304,9,9402.79,0.3527,1
4,0.5,1,1,0,0,0,0,0.3903,0.543,24,3476.39,0.4756,1
0,0.75,1,0,1,1,1,2,0.2683,0.6879,3,2733.71,0.605,1
1,0.75,1,0,1,1,1,3,0.3802,0.7136,29,1696.76,0.7282,0
3,0.75,0,1,1,1,0,0,0.2103,0.3801,49,5542.13,0.6103,1
3,1.0,1,1,1,1,0,0,0.184,0.7969,10,8648.85,0.7463,1
0,0.5,1,1,0,0,1,2,0.419,0.4077,18,4998.78,0.3498,0
3,0.5,1,0,0,1,1,1,0.0348,0.8386,49,4621.62,0.3257,1
1,0.75,1,1,1,0,0,0,0.183,0.3522,12,848.3,0.6272,1
1,0.5,1,0,0,1,1,3,0.0962,0.648,35,6384.9,0.3438,1
0,0.75,1,0,1,1,1,0,0.2508,0.6538,2,245.41,0.5903,1
0,0.75,1,0,1,1,0,0,0.1534,0.8073,47,5056.64,0.6422,1
2,0.5,0,1,1,0,2,3,0.3008,0.7229,13,928.88,0.3732,0
1,0.75,1,1,1,0,1,2,0.1319,0.5805,9,2437.96,0.5335,1
1,0.75,1,1,1,0,1,1,0.2324,0.7507,37,4258.74,0.6909,1
2,1.0,1,1,1,1,0,0,0.0889,0.8565,39,5081.49,0.9814,1
2,0.5,0,0,1,1,0,0,0.2408,0.566,26,7765.02,0.3426,1
0,0.5,1,1,0,0,0,0,0.0361,0.7126,23,1262.39,0.3522,1
2,0.75,1,1,0,1,0,0,0.4407,0.7029,15,989.05,0.7395,1
0,0.5,0,1,0,1,0,0,0.311,0.5877,9,19647.46,0.3316,0
2,0.25,1,0,0,0,0,0,0.4462,0.6781,26,914.23,0.248,1
2,0.75,1,1,0,1,1,1,0.1934,0.958,6,3932.71,0.4887,1
5,0.75,1,1,0,1,0,0,0.5378,0.749,27,10782.67,0.7168,1
0,1.0,1,1,1,1,0,0,0.4613,0.8162,25,8040.54,0.7576,1
0,0.75,1,1,1,0,1,0,0.2754,0.5336,17,2149.82,0.7339,1
0,0.25,1,0,0,0,0,0,0.3262,0.4819,12,3652.35,0.1902,0
